site	trigger_function	message_code	classification	channel	contract	coverage	owner	source_excerpt
cmd/clawdline/auth.go:41	daemonPort		localized_human	cli_catalog	catalog_key_with_english_fallback	covered	daemon_cli	return 0, fmt.Errorf(cliCopy("core", "auth.daemon_port_invalid", "CLAWDLINE_NEXT_PORT is not a port: %q"), v)
cmd/clawdline/auth.go:52	localToken		localized_human	cli_catalog	catalog_key_with_english_fallback	covered	daemon_cli	return "", fmt.Errorf(cliCopy("core", "auth.local_token_missing", "no local token at %s — is the daemon running? (clawdline serve)"), path)
cmd/clawdline/auth.go:59	localToken		localized_human	cli_catalog	catalog_key_with_english_fallback	covered	daemon_cli	return "", fmt.Errorf(cliCopy("core", "auth.local_token_empty", "%s is empty"), path)
cmd/clawdline/auth.go:103	fail		machine_or_passthrough	stderr	stable_command_prefix_with_separately_owned_detail	preserve	daemon_cli	fmt.Fprintln(os.Stderr, "clawdline:", err)
cmd/clawdline/auth.go:122	openCommand		localized_human	cli_catalog	catalog_key_with_english_fallback	covered	daemon_cli	fail(fmt.Errorf(cliCopy("core", "auth.daemon_unreachable", "the daemon did not answer: %w"), err))
cmd/clawdline/auth.go:130	openCommand		localized_human	cli_catalog	catalog_key_with_english_fallback	covered	daemon_cli	fail(fmt.Errorf(cliCopy("core", "auth.device_unreadable", "the daemon's answer was not a device: %w"), err))
cmd/clawdline/auth.go:133	openCommand		machine_or_passthrough	stdout_or_writer	preserve_bytes	preserve	daemon_cli	fmt.Println(made.URL)
cmd/clawdline/auth.go:137	openCommand		localized_human	cli_catalog	catalog_key_with_english_fallback	covered	daemon_cli	fail(fmt.Errorf(cliCopy("core", "auth.browser_open_failed", "could not open a browser (%v); run `clawdline open --print` and open the address yourself"), err))
cmd/clawdline/auth.go:139	openCommand		localized_human	stdout_or_writer	catalog_key_with_english_fallback	covered	daemon_cli	fmt.Printf(cliCopy("core", "auth.opened_browser", "opened a browser as device %s\n"), made.ID)
cmd/clawdline/auth.go:162	pairCommand		localized_human	cli_catalog	catalog_key_with_english_fallback	covered	daemon_cli	watch := fs.Bool("watch", false, cliCopy("core", "auth.watch_help", "keep printing codes until interrupted"))
cmd/clawdline/auth.go:172	pairCommand		localized_human	cli_catalog	catalog_key_with_english_fallback	covered	daemon_cli	fail(fmt.Errorf(cliCopy("core", "auth.daemon_unreachable", "the daemon did not answer: %w"), err))
cmd/clawdline/auth.go:179	pairCommand		localized_human	stderr	catalog_key_with_english_fallback	covered	daemon_cli	fmt.Fprintln(os.Stderr, cliCopy("core", "auth.wait_watch", "waiting for a device to ask to pair (Ctrl-C to stop)"))
cmd/clawdline/auth.go:181	pairCommand		localized_human	stderr	catalog_key_with_english_fallback	covered	daemon_cli	fmt.Fprintln(os.Stderr, cliCopy("core", "auth.wait", "waiting for a device to ask to pair"))
cmd/clawdline/auth.go:208	pairCommand		localized_human	cli_catalog	catalog_key_with_english_fallback	covered	daemon_cli	fail(fmt.Errorf(cliCopy("core", "auth.pairing_stream_ended", "the pairing stream ended: %v"), err))
cmd/clawdline/auth.go:210	pairCommand		localized_human	cli_catalog	catalog_key_with_english_fallback	covered	daemon_cli	fail(errors.New(cliCopy("core", "auth.pairing_stream_no_request", "the pairing stream ended before anybody asked")))
cmd/clawdline/auth.go:220	printPairingTo		localized_human	stdout_or_writer	catalog_key_with_english_fallback	covered	daemon_cli	fmt.Fprintf(w, cliCopy("core", "auth.pair_wants", "\n%s wants to pair with this machine\n\n"), n.Name)
cmd/clawdline/auth.go:221	printPairingTo		localized_human	stdout_or_writer	catalog_key_with_english_fallback	covered	daemon_cli	fmt.Fprintf(w, cliCopy("core", "auth.pair_code", "Type this code into it:\n\n%s\n\n"), n.Code)
cmd/clawdline/auth.go:222	printPairingTo		localized_human	stdout_or_writer	catalog_key_with_english_fallback	covered	daemon_cli	fmt.Fprintf(w, cliCopy("core", "auth.pair_expires", "It is good for two minutes. If you did not just ask for this, ignore it — "+
cmd/clawdline/board.go:31	boardCommand		fixed_human	stderr	translate_literal_preserve_arguments	pending	daemon_cli	fmt.Fprintln(os.Stderr, "usage: clawdline board tracks [--project id] [--track todo|board|backlog] [--rows] [--json]")
cmd/clawdline/board.go:32	boardCommand		fixed_human	stderr	translate_literal_preserve_arguments	pending	daemon_cli	fmt.Fprintln(os.Stderr, "                              [--store board.json [--sessions file [--assume-complete]] [--now time] [--stall-days n]]")
cmd/clawdline/board.go:47	boardCommand		fixed_error_source	stderr_via_caller	translate_fixed_copy_preserve_error_arguments	pending	daemon_cli	fail(fmt.Errorf("unexpected argument %q", fs.Arg(0)))
cmd/clawdline/board.go:52	boardCommand		fixed_error_source	stderr_via_caller	translate_fixed_copy_preserve_error_arguments	pending	daemon_cli	fail(fmt.Errorf("a track is todo, board or backlog, not %q", *track))
cmd/clawdline/board.go:59	boardCommand		fixed_error_source	stderr_via_caller	translate_fixed_copy_preserve_error_arguments	pending	daemon_cli	fail(errors.New("--sessions, --assume-complete, --now and --stall-days replay a file; they need --store"))
cmd/clawdline/board.go:79	boardCommand		machine_or_passthrough	stdout_or_writer	preserve_bytes	preserve	daemon_cli	fmt.Println(string(out))
cmd/clawdline/board.go:99	daemonTracks		fixed_error_source	stderr_via_caller	translate_fixed_copy_preserve_error_arguments	pending	daemon_cli	return first, errors.New("the daemon kept paging past fifty pages")
cmd/clawdline/board.go:127	daemonTracks		fixed_error_source	stderr_via_caller	translate_fixed_copy_preserve_error_arguments	pending	daemon_cli	return first, fmt.Errorf("%s: %s (%s)", res.Status, refusal.humanDetail(currentCLILanguage()), refusal.Code)
cmd/clawdline/board.go:164	fileTracks		fixed_error_source	stderr_via_caller	translate_fixed_copy_preserve_error_arguments	pending	daemon_cli	return work.Tracks{}, fmt.Errorf("--stall-days is more than 0 and at most 365, not %v", stallDays)
cmd/clawdline/board.go:167	fileTracks		fixed_error_source	stderr_via_caller	translate_fixed_copy_preserve_error_arguments	pending	daemon_cli	return work.Tracks{}, errors.New("--assume-complete needs --sessions")
cmd/clawdline/board.go:172	fileTracks		fixed_error_source	stderr_via_caller	translate_fixed_copy_preserve_error_arguments	pending	daemon_cli	return work.Tracks{}, fmt.Errorf("no board at %s", path)
cmd/clawdline/board.go:189	fileTracks		fixed_error_source	stderr_via_caller	translate_fixed_copy_preserve_error_arguments	pending	daemon_cli	return work.Tracks{}, fmt.Errorf("the board has no project %q", project)
cmd/clawdline/board.go:246	savedPresence		fixed_error_source	stderr_via_caller	translate_fixed_copy_preserve_error_arguments	pending	daemon_cli	return work.Presence{}, work.PresenceSource{}, fmt.Errorf("%s is not a GET /v1/sessions answer: %w", path, err)
cmd/clawdline/board.go:278	parseInstant		fixed_error_source	stderr_via_caller	translate_fixed_copy_preserve_error_arguments	pending	daemon_cli	return time.Time{}, fmt.Errorf("--now is RFC 3339 or Unix seconds, not %q", text)
cmd/clawdline/board.go:284	printTracks		fixed_human	stdout_or_writer	translate_literal_preserve_arguments	pending	daemon_cli	fmt.Fprintf(w, "rules     %s, stall %s, evaluated %s\n", t.Rules, days(t.StallSeconds), at)
cmd/clawdline/board.go:286	printTracks		fixed_human	stdout_or_writer	translate_literal_preserve_arguments	pending	daemon_cli	fmt.Fprintf(w, "project   %s\n", *t.Project)
cmd/clawdline/board.go:289	printTracks		fixed_human	stdout_or_writer	translate_literal_preserve_arguments	pending	daemon_cli	fmt.Fprintf(w, "board     revision %d, %d cards (%s)\n", b.Revision, b.Cards, b.Status)
cmd/clawdline/board.go:290	printTracks		fixed_human	stdout_or_writer	translate_literal_preserve_arguments	pending	daemon_cli	fmt.Fprintf(w, "history   %d logs, %d unreadable (%s)\n", h.Files, h.Unreadable, h.Status)
cmd/clawdline/board.go:293	printTracks		fixed_human	stdout_or_writer	translate_literal_preserve_arguments	pending	daemon_cli	fmt.Fprintf(w, "presence  none given: no session can be shown gone\n")
cmd/clawdline/board.go:295	printTracks		fixed_human	stdout_or_writer	translate_literal_preserve_arguments	pending	daemon_cli	fmt.Fprintf(w, "presence  %d sessions from %s, taken as complete (--assume-complete; the reading said it was not)\n", p.Sessions, p.From)
cmd/clawdline/board.go:297	printTracks		fixed_human	stdout_or_writer	translate_literal_preserve_arguments	pending	daemon_cli	fmt.Fprintf(w, "presence  %d sessions from %s, complete\n", p.Sessions, p.From)
cmd/clawdline/board.go:299	printTracks		fixed_human	stdout_or_writer	translate_literal_preserve_arguments	pending	daemon_cli	fmt.Fprintf(w, "presence  %d sessions from %s, incomplete: a session missing from it is unknown, not gone\n", p.Sessions, p.From)
cmd/clawdline/board.go:301	printTracks		layout_or_data	stdout_or_writer	blank_line_only	preserve	daemon_cli	fmt.Fprintln(w)
cmd/clawdline/board.go:307	printTracks		layout_or_data	stdout_or_writer	preserve_values_and_layout	preserve	daemon_cli	fmt.Fprintf(w, "%-24s %4d  %5s\n", track, byTrack[track], percent(byTrack[track], total))
cmd/clawdline/board.go:310	printTracks		layout_or_data	stdout_or_writer	preserve_values_and_layout	preserve	daemon_cli	fmt.Fprintf(w, "  %-22s %4d  %s\n", bc.Bucket, bc.Count, composition(bc.Progress))
cmd/clawdline/board.go:314	printTracks		fixed_human	stdout_or_writer	translate_literal_preserve_arguments	pending	daemon_cli	fmt.Fprintf(w, "%-24s %4d\n\n", "cards", total)
cmd/clawdline/board.go:321	printTracks		fixed_human	stdout_or_writer	translate_literal_preserve_arguments	pending	daemon_cli	fmt.Fprintf(w, "for people %d: backlog %d (%s), board.closure %d (%s), board.now %d (%s), board.done %d (%s)\n",
cmd/clawdline/board.go:337	printTracks		layout_or_data	stdout_or_writer	preserve_values_and_layout	preserve	daemon_cli	fmt.Fprintf(w, "\n%s\n", bucket)
cmd/clawdline/board.go:340	printTracks		layout_or_data	stdout_or_writer	preserve_values_and_layout	preserve	daemon_cli	fmt.Fprintf(w, "  %-9s %-15s %-26s %s\n", r.Key, r.Facts.Progress, r.Rule, clip(r.Title, 70))
cmd/clawdline/broker.go:90	machineToken		localized_human	cli_catalog	catalog_key_with_english_fallback	covered	daemon_cli	return "", fmt.Errorf(cliCopy("core", "broker.machine_token_missing", "no orchestrator token at %s — has a daemon started with this directory? "+
cmd/clawdline/broker.go:97	machineToken		localized_human	cli_catalog	catalog_key_with_english_fallback	covered	daemon_cli	return "", fmt.Errorf(cliCopy("core", "broker.machine_token_not_file", "%s is not a plain file; it was not read"), path)
cmd/clawdline/broker.go:110	machineToken		localized_human	cli_catalog	catalog_key_with_english_fallback	covered	daemon_cli	return "", fmt.Errorf(cliCopy("core", "broker.machine_token_invalid", "%s does not hold a usable token; it was left as it is"), path)
cmd/clawdline/broker.go:168	request		localized_human	cli_catalog	catalog_key_with_english_fallback	covered	daemon_cli	return answer{}, fmt.Errorf(cliCopy("core", "broker.daemon_unreachable", "the daemon at %s did not answer: %w"), b.base, err)
cmd/clawdline/broker.go:173	request		localized_human	cli_catalog	catalog_key_with_english_fallback	covered	daemon_cli	return answer{}, fmt.Errorf(cliCopy("core", "broker.answer_unreadable", "the daemon's answer could not be read: %w"), err)
cmd/clawdline/broker.go:176	request		localized_human	cli_catalog	catalog_key_with_english_fallback	covered	daemon_cli	return answer{}, fmt.Errorf(cliCopy("core", "broker.answer_too_large", "the daemon's answer was larger than %d bytes"), brokerAnswerLimit)
cmd/clawdline/broker.go:220	report		machine_or_passthrough	stdout	preserve_bytes	preserve	daemon_cli	_, _ = stdout.Write(out)
cmd/clawdline/broker.go:222	report		layout_or_data	stdout_or_writer	blank_line_only	preserve	daemon_cli	fmt.Fprintln(stdout)
cmd/clawdline/broker.go:228	report		localized_human	stderr	catalog_key_with_english_fallback	covered	daemon_cli	fmt.Fprintf(stderr, cliCopy("core", "broker.daemon_answered", "clawdline %s: the daemon answered %d: %s\n"), name, a.Status,
cmd/clawdline/broker.go:232	report		localized_human	stderr	catalog_key_with_english_fallback	covered	daemon_cli	fmt.Fprintf(stderr, cliCopy("core", "broker.refused", "clawdline %s: refused, %d %s: %s\n"), name, a.Status, code, message)
cmd/clawdline/broker.go:234	report		human_composed	stderr	inspect_source	pending	daemon_cli	fmt.Fprintln(stderr, line)
cmd/clawdline/callback.go:67	callbackArgs		fixed_error_source	stderr_via_caller	translate_fixed_copy_preserve_error_arguments	pending	daemon_cli	return inv, errors.New("name the command after --: clawdline callback --title \"…\" -- <command> [args…]")
cmd/clawdline/callback.go:70	callbackArgs		fixed_error_source	stderr_via_caller	translate_fixed_copy_preserve_error_arguments	pending	daemon_cli	return inv, errors.New("--title is required")
cmd/clawdline/callback.go:73	callbackArgs		fixed_error_source	stderr_via_caller	translate_fixed_copy_preserve_error_arguments	pending	daemon_cli	return inv, errors.New("--timeout must be 1m to 4h")
cmd/clawdline/callback.go:76	callbackArgs		fixed_error_source	stderr_via_caller	translate_fixed_copy_preserve_error_arguments	pending	daemon_cli	return inv, fmt.Errorf("--work-id %q is not a lowercase UUID", inv.workID)
cmd/clawdline/callback.go:79	callbackArgs		fixed_error_source	stderr_via_caller	translate_fixed_copy_preserve_error_arguments	pending	daemon_cli	return inv, fmt.Errorf("--task-id %q is not a lowercase UUID", inv.taskID)
cmd/clawdline/callback.go:94	callbackCommand		machine_or_passthrough	stderr	stable_command_prefix_with_separately_owned_detail	preserve	daemon_cli	fmt.Fprintln(os.Stderr, "clawdline callback:", err)
cmd/clawdline/callback.go:95	callbackCommand		fixed_human	stderr	translate_literal_preserve_arguments	pending	daemon_cli	fmt.Fprintln(os.Stderr, `usage: clawdline callback --title "…" [--timeout 30m] [--work-id <item>] [--dir D] [--task-id uuid] [--json] -- <command> [args…]`)
cmd/clawdline/callback.go:112	startCallback		fixed_error_source	stderr_via_caller	translate_fixed_copy_preserve_error_arguments	pending	daemon_cli	err = errors.New("no conversation id")
cmd/clawdline/callback.go:114	startCallback		fixed_human	stderr	translate_literal_preserve_arguments	pending	daemon_cli	fmt.Fprintf(stderr, "clawdline callback: %s Nothing was started.\n", conversationRefusal(err, "--conversation"))
cmd/clawdline/callback.go:145	startCallback		machine_or_passthrough	stderr	stable_command_prefix_with_separately_owned_detail	preserve	daemon_cli	fmt.Fprintln(stderr, "clawdline callback:", err)
cmd/clawdline/callback.go:146	startCallback		fixed_human	stderr	translate_literal_preserve_arguments	pending	daemon_cli	fmt.Fprintf(stderr, "Check `clawdline task show %s` before starting it again with --task-id %s.\n", id, id)
cmd/clawdline/callback.go:153	startCallback		machine_or_passthrough	stdout	preserve_bytes	preserve	daemon_cli	stdout.Write(a.Body)
cmd/clawdline/callback.go:154	startCallback		layout_or_data	stdout_or_writer	blank_line_only	preserve	daemon_cli	fmt.Fprintln(stdout)
cmd/clawdline/callback.go:159	startCallback		fixed_human	stderr	translate_literal_preserve_arguments	pending	daemon_cli	fmt.Fprintln(stderr, "clawdline callback: the daemon answered without the task it started")
cmd/clawdline/callback.go:166	startCallback		human_composed	stdout_or_writer	inspect_source	pending	daemon_cli	fmt.Fprintln(stdout, line)
cmd/clawdline/callback.go:168	startCallback		fixed_human	stdout_or_writer	translate_literal_preserve_arguments	pending	daemon_cli	fmt.Fprintln(stdout, "warning:", w.Code, w.Message)
cmd/clawdline/callback.go:171	startCallback		fixed_human	stdout_or_writer	translate_literal_preserve_arguments	pending	daemon_cli	fmt.Fprintln(stdout, "End your turn now: a notice arrives when the command exits, and `clawdline task show "+
cmd/clawdline/capacity.go:45	capacityCommand		fixed_human	stderr	translate_literal_preserve_arguments	pending	daemon_cli	fmt.Fprintf(os.Stderr, "usage: clawdline doctor capacity --drill <%s> [--dir D] [--limit N] [--keep]\n", strings.Join(drillNames(), "|"))
cmd/clawdline/capacity.go:52	capacityCommand		fixed_human	stderr	translate_literal_preserve_arguments	pending	daemon_cli	fmt.Fprintf(os.Stderr, "clawdline: %s has no drill; the rows with one are: %s\n", *name, strings.Join(drillNames(), ", "))
cmd/clawdline/capacity.go:60	capacityCommand		fixed_human	stderr	translate_literal_preserve_arguments	pending	daemon_cli	fmt.Fprintf(os.Stderr, "clawdline: %s\n", strings.Join(problems, "; "))
cmd/clawdline/capacity.go:72	capacityCommand		machine_or_passthrough	stderr	stable_command_prefix_with_separately_owned_detail	preserve	daemon_cli	fmt.Fprintln(os.Stderr, "clawdline:", err)
cmd/clawdline/capacity.go:78	capacityCommand		machine_or_passthrough	stderr	stable_command_prefix_with_separately_owned_detail	preserve	daemon_cli	fmt.Fprintln(os.Stderr, "clawdline:", err)
cmd/clawdline/capacity.go:121	capacityCommand		fixed_human	stdout_or_writer	translate_literal_preserve_arguments	pending	daemon_cli	fmt.Printf("dir       %s\n", path)
cmd/clawdline/capacity.go:122	capacityCommand		fixed_human	stdout_or_writer	translate_literal_preserve_arguments	pending	daemon_cli	fmt.Printf("row       %s (%s), limit %d %s, at the limit: %s\n", row.Entry.Name, row.Entry.Class, row.Limit, row.Entry.Unit, row.Entry.AtLimit)
cmd/clawdline/capacity.go:123	capacityCommand		fixed_human	stdout_or_writer	translate_literal_preserve_arguments	pending	daemon_cli	fmt.Printf("wrote     %d times through the row's own writer\n", written)
cmd/clawdline/capacity.go:124	capacityCommand		fixed_human	stdout_or_writer	translate_literal_preserve_arguments	pending	daemon_cli	fmt.Printf("states    %s → %s=%d\n", strings.Join(states, " → "), d.action, counterOf(last.Reading, d.action))
cmd/clawdline/capacity.go:126	capacityCommand		fixed_human	stdout_or_writer	translate_literal_preserve_arguments	pending	daemon_cli	fmt.Printf("refusal   %v\n", refusal)
cmd/clawdline/capacity.go:129	capacityCommand		fixed_human	stdout_or_writer	translate_literal_preserve_arguments	pending	daemon_cli	fmt.Printf("error     %v\n", unexpected)
cmd/clawdline/capacity.go:131	capacityCommand		fixed_human	stdout_or_writer	translate_literal_preserve_arguments	pending	daemon_cli	fmt.Printf("notices   %d", len(notices))
cmd/clawdline/capacity.go:133	capacityCommand		fixed_human	stdout_or_writer	translate_literal_preserve_arguments	pending	daemon_cli	fmt.Printf(" (%s; %d more held back by the one-a-day rule)", strings.Join(notices, ", "), last.Suppressed)
cmd/clawdline/capacity.go:135	capacityCommand		layout_or_data	stdout_or_writer	blank_line_only	preserve	daemon_cli	fmt.Println()
cmd/clawdline/capacity.go:137	capacityCommand		fixed_human	stdout_or_writer	translate_literal_preserve_arguments	pending	daemon_cli	fmt.Printf("row now   %s\n", body)
cmd/clawdline/capacity.go:144	capacityCommand		fixed_human	stdout_or_writer	translate_literal_preserve_arguments	pending	daemon_cli	fmt.Printf("result    FAILED: the row did not go ok → warn → critical → full, act (%s) exactly once and produce exactly one notice\n", d.action)
cmd/clawdline/capacity.go:147	capacityCommand		fixed_human	stdout_or_writer	translate_literal_preserve_arguments	pending	daemon_cli	fmt.Println("result    ok")
cmd/clawdline/capacity.go:168	drillDir		fixed_error_source	stderr_via_caller	translate_fixed_copy_preserve_error_arguments	pending	daemon_cli	return "", nil, fmt.Errorf("%s is a state directory in use, not a throwaway one", dir)
cmd/clawdline/capacity.go:180	drillDir		fixed_error_source	stderr_via_caller	translate_fixed_copy_preserve_error_arguments	pending	daemon_cli	return "", nil, fmt.Errorf("%s is a daemon's state directory (it has %s)", dir, e.Name())
cmd/clawdline/capacity.go:183	drillDir		fixed_error_source	stderr_via_caller	translate_fixed_copy_preserve_error_arguments	pending	daemon_cli	return "", nil, fmt.Errorf("%s is not empty; the drill fills only a directory made for it", dir)
cmd/clawdline/cloud.go:84	cloudUsage		fixed_human	stderr	translate_literal_preserve_arguments	pending	daemon_cli	fmt.Fprintln(os.Stderr, "usage: clawdline cloud <status|preflight|on|off|commands|login|pair|devices|revoke|rotate|connect>")
cmd/clawdline/cloud.go:85	cloudUsage		fixed_human	stderr	translate_literal_preserve_arguments	pending	daemon_cli	fmt.Fprintln(os.Stderr, "  status                 the switch, the identity and the endpoints")
cmd/clawdline/cloud.go:86	cloudUsage		fixed_human	stderr	translate_literal_preserve_arguments	pending	daemon_cli	fmt.Fprintln(os.Stderr, "  preflight              check, without the network, that only the person's step is left")
cmd/clawdline/cloud.go:87	cloudUsage		fixed_human	stderr	translate_literal_preserve_arguments	pending	daemon_cli	fmt.Fprintln(os.Stderr, "  on | off               turn the cloud line on or off in the settings file")
cmd/clawdline/cloud.go:88	cloudUsage		fixed_human	stderr	translate_literal_preserve_arguments	pending	daemon_cli	fmt.Fprintln(os.Stderr, "  commands on | off      whether a paired viewer may act on this machine; off by default")
cmd/clawdline/cloud.go:89	cloudUsage		fixed_human	stderr	translate_literal_preserve_arguments	pending	daemon_cli	fmt.Fprintln(os.Stderr, "  login [--wait 10m]     register this machine and wait for the approval")
cmd/clawdline/cloud.go:90	cloudUsage		fixed_human	stderr	translate_literal_preserve_arguments	pending	daemon_cli	fmt.Fprintln(os.Stderr, "  pair [--offer <code>]  show a browser a one-time link, or finish with its code")
cmd/clawdline/cloud.go:91	cloudUsage		fixed_human	stderr	translate_literal_preserve_arguments	pending	daemon_cli	fmt.Fprintln(os.Stderr, "  devices                who may speak to this machine, and where that trust came from")
cmd/clawdline/cloud.go:92	cloudUsage		fixed_human	stderr	translate_literal_preserve_arguments	pending	daemon_cli	fmt.Fprintln(os.Stderr, "  revoke <device-id>     throw one browser out of this machine")
cmd/clawdline/cloud.go:93	cloudUsage		fixed_human	stderr	translate_literal_preserve_arguments	pending	daemon_cli	fmt.Fprintln(os.Stderr, "  rotate [--yes]         replace this machine's signing key; every browser re-pairs")
cmd/clawdline/cloud.go:94	cloudUsage		fixed_human	stderr	translate_literal_preserve_arguments	pending	daemon_cli	fmt.Fprintln(os.Stderr, "  connect [--for 1m]     hold the line open and report what happens")
cmd/clawdline/cloud.go:141	cloudStatusCommand		machine_or_passthrough	stderr	stable_command_prefix_with_separately_owned_detail	preserve	daemon_cli	fmt.Fprintln(os.Stderr, "clawdline:", err)
cmd/clawdline/cloud.go:144	cloudStatusCommand		fixed_human	stdout_or_writer	translate_literal_preserve_arguments	pending	daemon_cli	fmt.Printf("enabled    %v\n", parts.settings.Enabled)
cmd/clawdline/cloud.go:145	cloudStatusCommand		fixed_human	stdout_or_writer	translate_literal_preserve_arguments	pending	daemon_cli	fmt.Printf("commands   %v\n", parts.settings.Commands)
cmd/clawdline/cloud.go:146	cloudStatusCommand		fixed_human	stdout_or_writer	translate_literal_preserve_arguments	pending	daemon_cli	fmt.Printf("relay      %s\n", parts.settings.RelayURL)
cmd/clawdline/cloud.go:147	cloudStatusCommand		fixed_human	stdout_or_writer	translate_literal_preserve_arguments	pending	daemon_cli	fmt.Printf("api        %s\n", parts.settings.APIBase)
cmd/clawdline/cloud.go:148	cloudStatusCommand		fixed_human	stdout_or_writer	translate_literal_preserve_arguments	pending	daemon_cli	fmt.Printf("keys       %s\n", parts.keys.Dir())
cmd/clawdline/cloud.go:156	cloudStatusCommand		fixed_human	stdout_or_writer	translate_literal_preserve_arguments	pending	daemon_cli	fmt.Printf("identity   unreadable: %v\n", err)
cmd/clawdline/cloud.go:159	cloudStatusCommand		fixed_human	stdout_or_writer	translate_literal_preserve_arguments	pending	daemon_cli	fmt.Printf("identity   none — run `clawdline cloud login`\n")
cmd/clawdline/cloud.go:161	cloudStatusCommand		fixed_human	stdout_or_writer	translate_literal_preserve_arguments	pending	daemon_cli	fmt.Printf("account    %s\n", identity.AccountID)
cmd/clawdline/cloud.go:162	cloudStatusCommand		fixed_human	stdout_or_writer	translate_literal_preserve_arguments	pending	daemon_cli	fmt.Printf("machine    %s\n", identity.MachineID)
cmd/clawdline/cloud.go:163	cloudStatusCommand		fixed_human	stdout_or_writer	translate_literal_preserve_arguments	pending	daemon_cli	fmt.Printf("registered %s\n", identity.APIBase)
cmd/clawdline/cloud.go:165	cloudStatusCommand		fixed_human	stdout_or_writer	translate_literal_preserve_arguments	pending	daemon_cli	fmt.Printf("mismatch   %s\n", cloud.DescribeFailure(err))
cmd/clawdline/cloud.go:172	cloudStatusCommand		fixed_human	stdout_or_writer	translate_literal_preserve_arguments	pending	daemon_cli	fmt.Printf("device key unreadable: %v\n", err)
cmd/clawdline/cloud.go:175	cloudStatusCommand		fixed_human	stdout_or_writer	translate_literal_preserve_arguments	pending	daemon_cli	fmt.Printf("device key none yet\n")
cmd/clawdline/cloud.go:177	cloudStatusCommand		fixed_human	stdout_or_writer	translate_literal_preserve_arguments	pending	daemon_cli	fmt.Printf("device key %s\n", key.Fingerprint())
cmd/clawdline/cloud.go:184	cloudSwitchCommand		machine_or_passthrough	stderr	stable_command_prefix_with_separately_owned_detail	preserve	daemon_cli	fmt.Fprintln(os.Stderr, "clawdline:", err)
cmd/clawdline/cloud.go:188	cloudSwitchCommand		machine_or_passthrough	stderr	stable_command_prefix_with_separately_owned_detail	preserve	daemon_cli	fmt.Fprintln(os.Stderr, "clawdline:", err)
cmd/clawdline/cloud.go:192	cloudSwitchCommand		fixed_human	stdout_or_writer	translate_literal_preserve_arguments	pending	daemon_cli	fmt.Printf("cloud on   %s\n", parts.file.Path())
cmd/clawdline/cloud.go:195	cloudSwitchCommand		fixed_human	stdout_or_writer	translate_literal_preserve_arguments	pending	daemon_cli	fmt.Printf("cloud off  %s\n", parts.file.Path())
cmd/clawdline/cloud.go:203	cloudCommandsCommand		fixed_human	stderr	translate_literal_preserve_arguments	pending	daemon_cli	fmt.Fprintln(os.Stderr, "usage: clawdline cloud commands <on|off>")
cmd/clawdline/cloud.go:208	cloudCommandsCommand		machine_or_passthrough	stderr	stable_command_prefix_with_separately_owned_detail	preserve	daemon_cli	fmt.Fprintln(os.Stderr, "clawdline:", err)
cmd/clawdline/cloud.go:213	cloudCommandsCommand		machine_or_passthrough	stderr	stable_command_prefix_with_separately_owned_detail	preserve	daemon_cli	fmt.Fprintln(os.Stderr, "clawdline:", err)
cmd/clawdline/cloud.go:216	cloudCommandsCommand		fixed_human	stdout_or_writer	translate_literal_preserve_arguments	pending	daemon_cli	fmt.Printf("commands %-3s %s\n", args[0], parts.file.Path())
cmd/clawdline/cloud.go:221	cloudCommandsCommand		fixed_human	stdout_or_writer	translate_literal_preserve_arguments	pending	daemon_cli	fmt.Printf("           a paired viewer may now type into this machine's sessions\n")
cmd/clawdline/cloud.go:233	cloudLoginCommand		machine_or_passthrough	stderr	stable_command_prefix_with_separately_owned_detail	preserve	daemon_cli	fmt.Fprintln(os.Stderr, "clawdline:", err)
cmd/clawdline/cloud.go:243	cloudLoginCommand		machine_or_passthrough	stderr	stable_command_prefix_with_separately_owned_detail	preserve	daemon_cli	fmt.Fprintln(os.Stderr, "clawdline:", err)
cmd/clawdline/cloud.go:260	cloudLoginCommand		fixed_human	stdout_or_writer	translate_literal_preserve_arguments	pending	daemon_cli	fmt.Printf("replacing  machine %s registered with %s\n", previous.MachineID, previous.APIBase)
cmd/clawdline/cloud.go:267	cloudLoginCommand		fixed_human	stdout_or_writer	translate_literal_preserve_arguments	pending	daemon_cli	fmt.Printf("api        %s\n", parts.settings.APIBase)
cmd/clawdline/cloud.go:272	cloudLoginCommand		fixed_human	stdout_or_writer	translate_literal_preserve_arguments	pending	daemon_cli	fmt.Printf("code       %s\n", start.UserCode)
cmd/clawdline/cloud.go:273	cloudLoginCommand		fixed_human	stdout_or_writer	translate_literal_preserve_arguments	pending	daemon_cli	fmt.Printf("approve at %s\n", start.VerificationURIComplete)
cmd/clawdline/cloud.go:274	cloudLoginCommand		fixed_human	stdout_or_writer	translate_literal_preserve_arguments	pending	daemon_cli	fmt.Printf("waiting    up to %s\n", wait.String())
cmd/clawdline/cloud.go:288	cloudLoginCommand		machine_or_passthrough	stderr	stable_command_prefix_with_separately_owned_detail	preserve	daemon_cli	fmt.Fprintln(os.Stderr, "clawdline:", err)
cmd/clawdline/cloud.go:291	cloudLoginCommand		fixed_human	stdout_or_writer	translate_literal_preserve_arguments	pending	daemon_cli	fmt.Printf("account    %s\n", identity.AccountID)
cmd/clawdline/cloud.go:292	cloudLoginCommand		fixed_human	stdout_or_writer	translate_literal_preserve_arguments	pending	daemon_cli	fmt.Printf("machine    %s\n", identity.MachineID)
cmd/clawdline/cloud.go:293	cloudLoginCommand		fixed_human	stdout_or_writer	translate_literal_preserve_arguments	pending	daemon_cli	fmt.Printf("saved      %s\n", parts.identity.Path())
cmd/clawdline/cloud.go:300	cloudLoginCommand		fixed_human	stdout_or_writer	translate_literal_preserve_arguments	pending	daemon_cli	fmt.Printf("verified   the control plane issued a device token (expires %s)\n", token.ExpiresAt.Local().Format(time.RFC3339))
cmd/clawdline/cloud.go:301	cloudLoginCommand		fixed_human	stdout_or_writer	translate_literal_preserve_arguments	pending	daemon_cli	fmt.Printf("next       clawdline cloud on, then restart the daemon\n")
cmd/clawdline/cloud.go:308	cloudFail		machine_or_passthrough	stderr	stable_command_prefix_with_separately_owned_detail	preserve	daemon_cli	fmt.Fprintln(os.Stderr, "clawdline:", err)
cmd/clawdline/cloud.go:311	cloudFail		machine_or_passthrough	stderr	stable_command_prefix_with_separately_owned_detail	preserve	daemon_cli	fmt.Fprintf(os.Stderr, "clawdline: %s\n", failure)
cmd/clawdline/cloud.go:312	cloudFail		fixed_human	stderr	translate_literal_preserve_arguments	pending	daemon_cli	fmt.Fprintf(os.Stderr, "what to do %s\n", failure.Remedy())
cmd/clawdline/cloud.go:322	cloudPreflightCommand		layout_or_data	stdout_or_writer	preserve_values_and_layout	preserve	daemon_cli	fmt.Printf("%-5s %-10s %s\n", check.Result, check.Name, check.Detail)
cmd/clawdline/cloud.go:324	cloudPreflightCommand		fixed_human	stdout_or_writer	translate_literal_preserve_arguments	pending	daemon_cli	fmt.Printf("next       %s\n", report.Next)
cmd/clawdline/cloud.go:325	cloudPreflightCommand		fixed_human	stdout_or_writer	translate_literal_preserve_arguments	pending	daemon_cli	fmt.Printf("network    nothing in this check was sent anywhere\n")
cmd/clawdline/cloud.go:342	cloudConnectCommand		machine_or_passthrough	stderr	stable_command_prefix_with_separately_owned_detail	preserve	daemon_cli	fmt.Fprintln(os.Stderr, "clawdline:", err)
cmd/clawdline/cloud.go:348	cloudConnectCommand		fixed_human	stderr	translate_literal_preserve_arguments	pending	daemon_cli	fmt.Fprintln(os.Stderr, "clawdline:", cloud.ErrDisabled, "— run `clawdline cloud on`")
cmd/clawdline/cloud.go:353	cloudConnectCommand		machine_or_passthrough	stderr	stable_command_prefix_with_separately_owned_detail	preserve	daemon_cli	fmt.Fprintln(os.Stderr, "clawdline:", err)
cmd/clawdline/cloud.go:365	cloudConnectCommand		machine_or_passthrough	stderr	stable_command_prefix_with_separately_owned_detail	preserve	daemon_cli	fmt.Fprintln(os.Stderr, "clawdline:", err)
cmd/clawdline/cloud.go:370	cloudConnectCommand		machine_or_passthrough	stderr	stable_command_prefix_with_separately_owned_detail	preserve	daemon_cli	fmt.Fprintln(os.Stderr, "clawdline:", err)
cmd/clawdline/cloud.go:377	cloudConnectCommand		machine_or_passthrough	stderr	stable_command_prefix_with_separately_owned_detail	preserve	daemon_cli	fmt.Fprintln(os.Stderr, "clawdline:", err)
cmd/clawdline/cloud.go:400	cloudConnectCommand		user_agent_or_external_original	stdout_or_writer	preserve_source_bytes	preserve	daemon_cli	Log:          func(line string) { fmt.Println(line) },
cmd/clawdline/cloud.go:403	cloudConnectCommand		machine_or_passthrough	stderr	stable_command_prefix_with_separately_owned_detail	preserve	daemon_cli	fmt.Fprintln(os.Stderr, "clawdline:", err)
cmd/clawdline/cloud.go:435	cloudConnectCommand		machine_or_passthrough	stderr	stable_command_prefix_with_separately_owned_detail	preserve	daemon_cli	fmt.Fprintln(os.Stderr, "clawdline:", err)
cmd/clawdline/cloud.go:455	publishProbe		fixed_error_source	stderr_via_caller	translate_fixed_copy_preserve_error_arguments	pending	daemon_cli	return fmt.Errorf("%q is not a channel this build knows", channel)
cmd/clawdline/cloud.go:495	publishProbe		fixed_human	stdout_or_writer	translate_literal_preserve_arguments	pending	daemon_cli	fmt.Printf("cloud sealed seq=%d ch=%s bytes=%d\n", seq, channel, len(sealed))
cmd/clawdline/cloud.go:511	publishProbe		fixed_human	stdout_or_writer	translate_literal_preserve_arguments	pending	daemon_cli	fmt.Printf("cloud re-published the identical bytes seq=%d (attempt %d)\n", seq, i+2)
cmd/clawdline/cloud.go:521	reportCloudExit		machine_or_passthrough	stdout_or_writer	preserve_bytes	preserve	daemon_cli	fmt.Println(string(encoded))
cmd/clawdline/cloud.go:523	reportCloudExit		fixed_human	stdout_or_writer	translate_literal_preserve_arguments	pending	daemon_cli	fmt.Printf("state      %s\n", snapshot.State)
cmd/clawdline/cloud.go:524	reportCloudExit		fixed_human	stdout_or_writer	translate_literal_preserve_arguments	pending	daemon_cli	fmt.Printf("connects   %d (reconnects %d)\n", snapshot.Connects, snapshot.Reconnects)
cmd/clawdline/cloud.go:525	reportCloudExit		fixed_human	stdout_or_writer	translate_literal_preserve_arguments	pending	daemon_cli	fmt.Printf("published  %d, acked %d, refused %d\n", snapshot.Published, snapshot.Acked, snapshot.PublishErrors)
cmd/clawdline/cloud.go:526	reportCloudExit		fixed_human	stdout_or_writer	translate_literal_preserve_arguments	pending	daemon_cli	fmt.Printf("inbound    %d accepted, %v dropped\n", snapshot.InboundTotal, snapshot.InboundDropped)
cmd/clawdline/cloud.go:528	reportCloudExit		fixed_human	stdout_or_writer	translate_literal_preserve_arguments	pending	daemon_cli	fmt.Printf("last close %s\n", last)
cmd/clawdline/cloud.go:531	reportCloudExit		fixed_human	stdout_or_writer	translate_literal_preserve_arguments	pending	daemon_cli	fmt.Printf("what to do %s\n", last.Remedy())
cmd/clawdline/cloudpair.go:84	cloudPairCommand		fixed_human	stdout_or_writer	translate_literal_preserve_arguments	pending	daemon_cli	fmt.Println("Open this on the browser you want to pair, signed in to the same")
cmd/clawdline/cloudpair.go:85	cloudPairCommand		fixed_human	stdout_or_writer	translate_literal_preserve_arguments	pending	daemon_cli	fmt.Println("Clawdline Cloud account:")
cmd/clawdline/cloudpair.go:86	cloudPairCommand		layout_or_data	stdout_or_writer	blank_line_only	preserve	daemon_cli	fmt.Println()
cmd/clawdline/cloudpair.go:87	cloudPairCommand		layout_or_data	stdout_or_writer	preserve_values_and_layout	preserve	daemon_cli	fmt.Println("   ", state.Link)
cmd/clawdline/cloudpair.go:88	cloudPairCommand		layout_or_data	stdout_or_writer	blank_line_only	preserve	daemon_cli	fmt.Println()
cmd/clawdline/cloudpair.go:89	cloudPairCommand		fixed_human	stdout_or_writer	translate_literal_preserve_arguments	pending	daemon_cli	fmt.Printf("This machine's key is %s. The browser shows the same one when it finishes.\n",
cmd/clawdline/cloudpair.go:92	cloudPairCommand		fixed_human	stdout_or_writer	translate_literal_preserve_arguments	pending	daemon_cli	fmt.Printf("The link stops working at %s.\n", time.Unix(state.ExpiresAt, 0).Format(time.Kitchen))
cmd/clawdline/cloudpair.go:94	cloudPairCommand		layout_or_data	stdout_or_writer	blank_line_only	preserve	daemon_cli	fmt.Println()
cmd/clawdline/cloudpair.go:95	cloudPairCommand		fixed_human	stdout_or_writer	translate_literal_preserve_arguments	pending	daemon_cli	fmt.Println("Waiting… (Ctrl-C stops waiting; the link keeps working until it expires)")
cmd/clawdline/cloudpair.go:113	cloudPairCommand		fixed_human	stderr	translate_literal_preserve_arguments	pending	daemon_cli	fmt.Fprintln(os.Stderr, "clawdline: nothing answered that link in time")
cmd/clawdline/cloudpair.go:120	printPairingState		fixed_human	stdout_or_writer	translate_literal_preserve_arguments	pending	daemon_cli	fmt.Printf("paired     %s\n", state.ViewerDeviceID)
cmd/clawdline/cloudpair.go:121	printPairingState		fixed_human	stdout_or_writer	translate_literal_preserve_arguments	pending	daemon_cli	fmt.Printf("browser    %s\n", state.ViewerFingerprint)
cmd/clawdline/cloudpair.go:122	printPairingState		fixed_human	stdout_or_writer	translate_literal_preserve_arguments	pending	daemon_cli	fmt.Printf("machine    %s\n", state.MachineFingerprint)
cmd/clawdline/cloudpair.go:123	printPairingState		fixed_human	stdout_or_writer	translate_literal_preserve_arguments	pending	daemon_cli	fmt.Println("           that browser can now read and, if commands are on, drive this machine")
cmd/clawdline/cloudpair.go:125	printPairingState		fixed_human	stderr	translate_literal_preserve_arguments	pending	daemon_cli	fmt.Fprintf(os.Stderr, "clawdline: the pairing did not complete: %s\n", state.Error)
cmd/clawdline/cloudpair.go:127	printPairingState		fixed_human	stdout_or_writer	translate_literal_preserve_arguments	pending	daemon_cli	fmt.Printf("pairing    %s\n", state.Phase)
cmd/clawdline/cloudpair.go:139	cloudDevicesCommand		machine_or_passthrough	stderr	stable_command_prefix_with_separately_owned_detail	preserve	daemon_cli	fmt.Fprintf(os.Stderr, "clawdline: %s\n", status.PinnedError)
cmd/clawdline/cloudpair.go:143	cloudDevicesCommand		fixed_human	stdout_or_writer	translate_literal_preserve_arguments	pending	daemon_cli	fmt.Println("no browser has been paired with this machine")
cmd/clawdline/cloudpair.go:144	cloudDevicesCommand		fixed_human	stdout_or_writer	translate_literal_preserve_arguments	pending	daemon_cli	fmt.Println("run `clawdline cloud pair` to show one a link")
cmd/clawdline/cloudpair.go:159	cloudDevicesCommand		layout_or_data	stdout_or_writer	preserve_values_and_layout	preserve	daemon_cli	fmt.Printf("%-24s %-20s %-13s %s\n", device.ID, device.Fingerprint, source, name)
cmd/clawdline/cloudpair.go:161	cloudDevicesCommand		layout_or_data	stdout_or_writer	preserve_values_and_layout	preserve	daemon_cli	fmt.Printf("%-24s %s\n", "", strings.Join(device.Caps, " "))
cmd/clawdline/cloudpair.go:169	cloudRevokeCommand		fixed_human	stderr	translate_literal_preserve_arguments	pending	daemon_cli	fmt.Fprintln(os.Stderr, "usage: clawdline cloud revoke <device-id>")
cmd/clawdline/cloudpair.go:181	cloudRevokeCommand		fixed_human	stdout_or_writer	translate_literal_preserve_arguments	pending	daemon_cli	fmt.Printf("nothing changed: %s was not a browser this machine had pinned\n", answer.Device)
cmd/clawdline/cloudpair.go:184	cloudRevokeCommand		fixed_human	stdout_or_writer	translate_literal_preserve_arguments	pending	daemon_cli	fmt.Printf("revoked    %s\n", answer.Device)
cmd/clawdline/cloudpair.go:185	cloudRevokeCommand		fixed_human	stdout_or_writer	translate_literal_preserve_arguments	pending	daemon_cli	fmt.Println("           its next envelope is refused here, whatever the account's list says")
cmd/clawdline/cloudpair.go:205	cloudRotateCommand		fixed_human	stdout_or_writer	translate_literal_preserve_arguments	pending	daemon_cli	fmt.Println("Rotating this machine's signing key makes these browsers stop being able to")
cmd/clawdline/cloudpair.go:206	cloudRotateCommand		fixed_human	stdout_or_writer	translate_literal_preserve_arguments	pending	daemon_cli	fmt.Println("verify it. Each one has to be paired again:")
cmd/clawdline/cloudpair.go:208	cloudRotateCommand		layout_or_data	stdout_or_writer	preserve_values_and_layout	preserve	daemon_cli	fmt.Println("   ", row)
cmd/clawdline/cloudpair.go:211	cloudRotateCommand		fixed_human	stdout_or_writer	translate_literal_preserve_arguments	pending	daemon_cli	fmt.Println("No browser has been paired with this machine, so nothing has to be repaired.")
cmd/clawdline/cloudpair.go:214	cloudRotateCommand		fixed_human	stdout_or_writer	translate_literal_preserve_arguments	pending	daemon_cli	fmt.Print("Rotate anyway? [y/N] ")
cmd/clawdline/cloudpair.go:217	cloudRotateCommand		fixed_human	stdout_or_writer	translate_literal_preserve_arguments	pending	daemon_cli	fmt.Println("nothing was rotated")
cmd/clawdline/cloudpair.go:226	cloudRotateCommand		fixed_human	stdout_or_writer	translate_literal_preserve_arguments	pending	daemon_cli	fmt.Printf("rotated    %s (was %s)\n", outcome.Fingerprint, outcome.Previous)
cmd/clawdline/cloudpair.go:227	cloudRotateCommand		fixed_human	stdout_or_writer	translate_literal_preserve_arguments	pending	daemon_cli	fmt.Printf("epoch      key %d, identity %d\n", outcome.KeyEpoch, outcome.IdentityEpoch)
cmd/clawdline/cloudpair.go:229	cloudRotateCommand		fixed_human	stdout_or_writer	translate_literal_preserve_arguments	pending	daemon_cli	fmt.Println("           the line went down and is coming back on the new key")
cmd/clawdline/coordinator.go:42	coordinatorUsage		fixed_human	stderr	translate_literal_preserve_arguments	pending	daemon_cli	fmt.Fprintln(os.Stderr, "usage: clawdline coordinator bind [--conversation id] [--port n]")
cmd/clawdline/coordinator.go:55	bindCoordinatorWithWait		fixed_human	stderr	translate_literal_preserve_arguments	pending	daemon_cli	fmt.Fprintf(stderr, "clawdline coordinator bind: %s No role was changed.\n", conversationRefusal(err, "--conversation"))
cmd/clawdline/coordinator.go:60	bindCoordinatorWithWait		fixed_human	stderr	translate_literal_preserve_arguments	pending	daemon_cli	fmt.Fprintln(stderr, "clawdline coordinator bind: pass --conversation <this assistant's conversation id>; no role was changed")
cmd/clawdline/coordinator.go:78	inspectAndBindCoordinator		machine_or_passthrough	stderr	stable_command_prefix_with_separately_owned_detail	preserve	daemon_cli	fmt.Fprintln(stderr, "clawdline coordinator bind:", err)
cmd/clawdline/coordinator.go:86	inspectAndBindCoordinator		fixed_human	stderr	translate_literal_preserve_arguments	pending	daemon_cli	fmt.Fprintln(stderr, "clawdline coordinator bind: role inspection was unreadable; no role was changed")
cmd/clawdline/coordinator.go:97	inspectAndBindCoordinator		fixed_human	stderr	translate_literal_preserve_arguments	pending	daemon_cli	fmt.Fprintf(stderr, "clawdline coordinator bind: old role is %s; only a proven offline holder may be replaced\n", state.Coordinator.Status)
cmd/clawdline/coordinator.go:106	inspectAndBindCoordinator		machine_or_passthrough	stderr	stable_command_prefix_with_separately_owned_detail	preserve	daemon_cli	fmt.Fprintln(stderr, "clawdline coordinator bind:", err)
cmd/clawdline/daemonlog.go:28	daemonLog		diagnostic	stderr	stable_log	preserve	daemon_cli	log.Printf("log: staying on stderr, because the log directory could not be opened: %v", err)
cmd/clawdline/daemonlog.go:34	daemonLog		fixed_human	stderr	translate_literal_preserve_arguments	pending	daemon_cli	fmt.Fprintf(os.Stderr, "clawdline: logging to %s\n", w.Path())
cmd/clawdline/devices.go:68	do		fixed_error_source	stderr_via_caller	translate_fixed_copy_preserve_error_arguments	pending	daemon_cli	return fmt.Errorf("the daemon did not answer: %w", err)
cmd/clawdline/devices.go:75	do		fixed_error_source	stderr_via_caller	translate_fixed_copy_preserve_error_arguments	pending	daemon_cli	return fmt.Errorf("the daemon's answer could not be read: %w", err)
cmd/clawdline/devices.go:81	devicesUsage		fixed_human	stdout_or_writer	translate_literal_preserve_arguments	pending	daemon_cli	fmt.Fprintln(w, "usage: clawdline devices [--json]")
cmd/clawdline/devices.go:82	devicesUsage		fixed_human	stdout_or_writer	translate_literal_preserve_arguments	pending	daemon_cli	fmt.Fprintln(w, "       clawdline devices revoke [--yes] <device-id>")
cmd/clawdline/devices.go:83	devicesUsage		fixed_human	stdout_or_writer	translate_literal_preserve_arguments	pending	daemon_cli	fmt.Fprintln(w, "  the browsers and devices signed in to this machine directly (clawdline open, pairing, password);")
cmd/clawdline/devices.go:84	devicesUsage		fixed_human	stdout_or_writer	translate_literal_preserve_arguments	pending	daemon_cli	fmt.Fprintln(w, "  browsers reached through Clawdline Cloud are `clawdline cloud devices`")
cmd/clawdline/devices.go:110	devicesList		machine_or_passthrough	stdout_or_writer	stable_command_prefix_with_separately_owned_detail	preserve	daemon_cli	fmt.Fprintln(errs, "clawdline:", err)
cmd/clawdline/devices.go:114	devicesList		machine_or_passthrough	stdout	preserve_bytes	preserve	daemon_cli	enc := json.NewEncoder(out)
cmd/clawdline/devices.go:120	devicesList		fixed_human	stdout_or_writer	translate_literal_preserve_arguments	pending	daemon_cli	fmt.Fprintln(out, "nothing is signed in to this machine but this machine itself")
cmd/clawdline/devices.go:127	devicesList		fixed_human	stdout_or_writer	translate_literal_preserve_arguments	pending	daemon_cli	fmt.Fprintf(out, "%-24s %-10s %-16s last seen %-16s %s\n", d.ID, strings.Join(d.Caps, "+"),
cmd/clawdline/devices.go:131	devicesList		fixed_human	stdout_or_writer	translate_literal_preserve_arguments	pending	daemon_cli	fmt.Fprintln(out, "a password is set: whoever knows it can sign in another device")
cmd/clawdline/devices.go:133	devicesList		fixed_human	stdout_or_writer	translate_literal_preserve_arguments	pending	daemon_cli	fmt.Fprintln(out, "this command uses this machine's own key, which is not listed and is not revoked here")
cmd/clawdline/devices.go:152	devicesRevoke		machine_or_passthrough	stdout_or_writer	stable_command_prefix_with_separately_owned_detail	preserve	daemon_cli	fmt.Fprintln(errs, "clawdline:", err)
cmd/clawdline/devices.go:162	devicesRevoke		fixed_human	stdout_or_writer	translate_literal_preserve_arguments	pending	daemon_cli	fmt.Fprintf(errs, "clawdline: no device signed in to this machine has the id %s (see `clawdline devices`)\n", id)
cmd/clawdline/devices.go:166	devicesRevoke		fixed_human	stdout_or_writer	translate_literal_preserve_arguments	pending	daemon_cli	fmt.Fprintf(out, "Revoke %s (%s)? Whatever is signed in with it — this browser too, if it is the one — "+
cmd/clawdline/devices.go:170	devicesRevoke		fixed_human	stdout_or_writer	translate_literal_preserve_arguments	pending	daemon_cli	fmt.Fprintln(out, "nothing was revoked")
cmd/clawdline/devices.go:176	devicesRevoke		machine_or_passthrough	stdout_or_writer	stable_command_prefix_with_separately_owned_detail	preserve	daemon_cli	fmt.Fprintln(errs, "clawdline:", err)
cmd/clawdline/devices.go:179	devicesRevoke		fixed_human	stdout_or_writer	translate_literal_preserve_arguments	pending	daemon_cli	fmt.Fprintf(out, "revoked    %s (%s)\n", found.ID, found.Name)
cmd/clawdline/dispatch.go:136	dispatchCommand		machine_or_passthrough	stderr	stable_command_prefix_with_separately_owned_detail	preserve	daemon_cli	fmt.Fprintln(os.Stderr, "clawdline dispatch:", err)
cmd/clawdline/dispatch.go:158	dispatchUsage		fixed_human	stderr	translate_literal_preserve_arguments	pending	daemon_cli	fmt.Fprintln(os.Stderr, "usage: clawdline dispatch --title <t> --claims a,b [--claims c] [--project-dir d] "+
cmd/clawdline/dispatch.go:162	dispatchUsage		fixed_human	stderr	translate_literal_preserve_arguments	pending	daemon_cli	fmt.Fprintln(os.Stderr, "  dispatches an owned child: writes task.json, reads the inventory, posts the task")
cmd/clawdline/dispatch.go:183	readInstructions		fixed_error_source	stderr_via_caller	translate_fixed_copy_preserve_error_arguments	pending	daemon_cli	return "", fmt.Errorf("the instructions in %s are longer than %d bytes, the most a task may carry. "+
cmd/clawdline/dispatch.go:191	dispatchRefusal		fixed_human	stderr	translate_literal_preserve_arguments	pending	daemon_cli	fmt.Fprintf(stderr, "clawdline dispatch: "+format+" Nothing was dispatched.\n", args...)
cmd/clawdline/dispatch.go:281	dispatchTask		machine_or_passthrough	stderr	stable_command_prefix_with_separately_owned_detail	preserve	daemon_cli	fmt.Fprintln(stderr, "clawdline dispatch: no task id or secret could be made:", err)
cmd/clawdline/dispatch.go:311	dispatchTask		fixed_human	stderr	translate_literal_preserve_arguments	pending	daemon_cli	fmt.Fprintln(stderr, "clawdline dispatch:", err, "Nothing was dispatched.")
cmd/clawdline/dispatch.go:315	dispatchTask		fixed_human	stderr	translate_literal_preserve_arguments	pending	daemon_cli	fmt.Fprintf(stderr, "Task ID: %s; retry this dispatch with --task-id %s if the response is lost.\n", id, id)
cmd/clawdline/dispatch.go:343	dispatchTask		machine_or_passthrough	stderr	stable_command_prefix_with_separately_owned_detail	preserve	daemon_cli	fmt.Fprintln(stderr, "clawdline dispatch:", err)
cmd/clawdline/dispatch.go:344	dispatchTask		fixed_human	stderr	translate_literal_preserve_arguments	pending	daemon_cli	fmt.Fprintf(stderr, "Whether task %s was dispatched is unknown: GET /v1/orchestrator/tasks/%s answers it. "+
cmd/clawdline/dispatch.go:358	dispatchTask		human_composed	stderr	inspect_source	pending	daemon_cli	fmt.Fprintln(stderr, w)
cmd/clawdline/dispatch.go:377	dispatchTask		fixed_human	stderr	translate_literal_preserve_arguments	pending	daemon_cli	fmt.Fprintf(stderr, "clawdline dispatch: the daemon said yes with an answer this command cannot read: %s\n",
cmd/clawdline/dispatch.go:388	dispatchTask		human_composed	stdout_or_writer	inspect_source	pending	daemon_cli	fmt.Fprintln(stdout, line)
cmd/clawdline/dispatch.go:390	dispatchTask		fixed_human	stdout_or_writer	translate_literal_preserve_arguments	pending	daemon_cli	fmt.Fprintf(stdout, "warning %s: %s\n", w.Code, w.Message)
cmd/clawdline/dispatch.go:393	dispatchTask		human_composed	stdout_or_writer	inspect_source	pending	daemon_cli	fmt.Fprintln(stdout, w)
cmd/clawdline/dispatch.go:432	readDispatchInventory		fixed_human	stderr	translate_literal_preserve_arguments	pending	daemon_cli	fmt.Fprintln(stderr, "clawdline dispatch:", err, "Nothing was dispatched.")
cmd/clawdline/dispatch.go:440	readDispatchInventory		fixed_human	stderr	translate_literal_preserve_arguments	pending	daemon_cli	fmt.Fprintln(stderr, "clawdline dispatch: the inventory answered without a generation or an absolute task_root. "+
cmd/clawdline/dispatch.go:501	writeTaskFile		fixed_error_source	stderr_via_caller	translate_fixed_copy_preserve_error_arguments	pending	daemon_cli	return "", fmt.Errorf("the task root %s could not be made: %w.", root, err)
cmd/clawdline/dispatch.go:505	writeTaskFile		fixed_error_source	stderr_via_caller	translate_fixed_copy_preserve_error_arguments	pending	daemon_cli	return "", fmt.Errorf("the task directory %s could not be made: %w.", dir, err)
cmd/clawdline/dispatch.go:510	writeTaskFile		fixed_error_source	stderr_via_caller	translate_fixed_copy_preserve_error_arguments	pending	daemon_cli	return "", fmt.Errorf("%s could not be written: %w.", path, err)
cmd/clawdline/dispatch.go:514	writeTaskFile		fixed_error_source	stderr_via_caller	translate_fixed_copy_preserve_error_arguments	pending	daemon_cli	return "", fmt.Errorf("dispatch intent for %s could not be written: %w.", id, err)
cmd/clawdline/dispatch.go:556	gitToplevel		fixed_error_source	stderr_via_caller	translate_fixed_copy_preserve_error_arguments	pending	daemon_cli	return "", fmt.Errorf("this directory is not in a git repository")
cmd/clawdline/doctor.go:66	package		diagnostic	capacity_drill_log	preserve_log_stimulus	preserve	daemon_cli	_, err := fmt.Fprintf(w, "capacity drill: line %d of the daemon's log\n", n)
cmd/clawdline/doctor.go:104	package		fixed_error_source	stderr_via_caller	translate_fixed_copy_preserve_error_arguments	pending	daemon_cli	return errors.New("the drill's subscription was not accepted by FromBrowser")
cmd/clawdline/handoff.go:55	handoffUsage		fixed_human	stderr	translate_literal_preserve_arguments	pending	daemon_cli	fmt.Fprintln(os.Stderr, "usage: clawdline handoff --summary <file> [--title t] [--assistant claude|codex] [--model m] [--conversation id] [--port n]")
cmd/clawdline/handoff.go:56	handoffUsage		fixed_human	stderr	translate_literal_preserve_arguments	pending	daemon_cli	fmt.Fprintln(os.Stderr, "       clawdline handoff --summary <file> --check")
cmd/clawdline/handoff.go:57	handoffUsage		fixed_human	stderr	translate_literal_preserve_arguments	pending	daemon_cli	fmt.Fprintln(os.Stderr, "  hands this Session's line of work to a fresh Session at a milestone; the summary has the sections")
cmd/clawdline/handoff.go:58	handoffUsage		fixed_human	stderr	translate_literal_preserve_arguments	pending	daemon_cli	fmt.Fprintln(os.Stderr, "  "+strings.Join(orchestrator.MilestoneSections, ", ")+fmt.Sprintf(", at most %d bytes", orchestrator.MilestoneSummaryLimit))
cmd/clawdline/handoff.go:68	checkMilestoneSummary		machine_or_passthrough	stderr	stable_command_prefix_with_separately_owned_detail	preserve	daemon_cli	fmt.Fprintln(stderr, "clawdline handoff:", err)
cmd/clawdline/handoff.go:73	checkMilestoneSummary		fixed_human	stdout_or_writer	translate_literal_preserve_arguments	pending	daemon_cli	fmt.Fprintf(stdout, "%s is a milestone summary (%d of %d bytes).\n", path, len(data), orchestrator.MilestoneSummaryLimit)
cmd/clawdline/handoff.go:78	checkMilestoneSummary		layout_or_data	stdout_or_writer	preserve_values_and_layout	preserve	daemon_cli	fmt.Fprintf(stdout, "%s:%d: %s: %s\n", path, p.Line, p.Rule, p.Detail)
cmd/clawdline/handoff.go:80	checkMilestoneSummary		layout_or_data	stdout_or_writer	preserve_values_and_layout	preserve	daemon_cli	fmt.Fprintf(stdout, "%s: %s: %s\n", path, p.Rule, p.Detail)
cmd/clawdline/handoff.go:102	openMilestoneHandoff		machine_or_passthrough	stderr	stable_command_prefix_with_separately_owned_detail	preserve	daemon_cli	fmt.Fprintln(stderr, "clawdline handoff:", err)
cmd/clawdline/handoff.go:106	openMilestoneHandoff		fixed_human	stderr	translate_literal_preserve_arguments	pending	daemon_cli	fmt.Fprintf(stderr, "clawdline handoff: %s is not a milestone summary; `clawdline handoff --summary %s --check` lists the %d problems.\n",
cmd/clawdline/handoff.go:114	openMilestoneHandoff		machine_or_passthrough	stderr	stable_command_prefix_with_separately_owned_detail	preserve	daemon_cli	fmt.Fprintln(stderr, "clawdline handoff:", err)
cmd/clawdline/handoff.go:119	openMilestoneHandoff		fixed_human	stderr	translate_literal_preserve_arguments	pending	daemon_cli	fmt.Fprintln(stderr, "clawdline handoff: no conversation id; pass --conversation")
cmd/clawdline/handoff.go:128	openMilestoneHandoff		machine_or_passthrough	stderr	stable_command_prefix_with_separately_owned_detail	preserve	daemon_cli	fmt.Fprintln(stderr, "clawdline handoff: the project is this directory's git top-level:", err)
cmd/clawdline/handoff.go:134	openMilestoneHandoff		machine_or_passthrough	stderr	stable_command_prefix_with_separately_owned_detail	preserve	daemon_cli	fmt.Fprintln(stderr, "clawdline handoff:", err)
cmd/clawdline/handoff.go:144	openMilestoneHandoff		fixed_human	stderr	translate_literal_preserve_arguments	pending	daemon_cli	fmt.Fprintln(stderr, "clawdline handoff: the daemon did not say where handoff packages go")
cmd/clawdline/handoff.go:150	openMilestoneHandoff		machine_or_passthrough	stderr	stable_command_prefix_with_separately_owned_detail	preserve	daemon_cli	fmt.Fprintln(stderr, "clawdline handoff:", err)
cmd/clawdline/handoff.go:154	openMilestoneHandoff		machine_or_passthrough	stderr	stable_command_prefix_with_separately_owned_detail	preserve	daemon_cli	fmt.Fprintln(stderr, "clawdline handoff:", err)
cmd/clawdline/handoff.go:158	openMilestoneHandoff		fixed_human	stderr	translate_literal_preserve_arguments	pending	daemon_cli	fmt.Fprintf(stderr, "clawdline handoff: opening %s (GET /v1/orchestrator/handoffs/%s reads it)\n", id, id)
cmd/clawdline/handoff.go:169	openMilestoneHandoff		fixed_human	stderr	translate_literal_preserve_arguments	pending	daemon_cli	fmt.Fprintf(stderr, "clawdline handoff: no answer yet; the handoff may still open. Read it with GET /v1/orchestrator/handoffs/%s\n", id)
cmd/clawdline/handoff.go:171	openMilestoneHandoff		machine_or_passthrough	stderr	stable_command_prefix_with_separately_owned_detail	preserve	daemon_cli	fmt.Fprintln(stderr, "clawdline handoff:", err)
cmd/clawdline/heavy.go:138	heavyCommand		machine_or_passthrough	stderr	stable_command_prefix_with_separately_owned_detail	preserve	daemon_cli	fmt.Fprintln(os.Stderr, "clawdline heavy:", err)
cmd/clawdline/heavy.go:156	heavyCommand		machine_or_passthrough	stderr	stable_command_prefix_with_separately_owned_detail	preserve	daemon_cli	fmt.Fprintf(os.Stderr, "clawdline heavy: no compile slot (%v); running without one\n", err)
cmd/clawdline/heavy.go:163	heavyUsage		fixed_human	stderr	translate_literal_preserve_arguments	pending	daemon_cli	fmt.Fprintln(os.Stderr, "usage: clawdline heavy [--reason text] [--min-available 1G] [--max-wait 30m] [--no-slot] -- <command> [args…]")
cmd/clawdline/heavy.go:164	heavyUsage		fixed_human	stderr	translate_literal_preserve_arguments	pending	daemon_cli	fmt.Fprintln(os.Stderr, "  waits for the machine's compile slot and for memory, then runs the command and gives the slot back")
cmd/clawdline/heavy.go:165	heavyUsage		fixed_human	stderr	translate_literal_preserve_arguments	pending	daemon_cli	fmt.Fprintln(os.Stderr, "  exits with the command's own status; 75 when --max-wait passed and the command was not run")
cmd/clawdline/heavy.go:173	runHeavy		fixed_human	stderr	translate_literal_preserve_arguments	pending	daemon_cli	say := func(format string, a ...any) { fmt.Fprintf(d.stderr, "clawdline heavy: "+format+"\n", a...) }
cmd/clawdline/heavy.go:517	parseBytes		fixed_error_source	stderr_via_caller	translate_fixed_copy_preserve_error_arguments	pending	daemon_cli	return 0, fmt.Errorf("--min-available %q is not a size like 1500M or 1G", s)
cmd/clawdline/item.go:90	personaRefusal		localized_human	cli_catalog	catalog_key_with_english_fallback	covered	daemon_cli	return cliCopy("item", "persona.existing", "--persona goes with a new Session, not with ") + terminalFlag + cliCopy("item", "persona.existing_suffix", "; an existing Session keeps the persona it was opened with.")
cmd/clawdline/item.go:92	personaRefusal		localized_human	cli_catalog	catalog_key_with_english_fallback	covered	daemon_cli	return cliCopy("item", "persona.new", "--persona goes with ") + newFlag + cliCopy("item", "persona.new_suffix", "; it names what the new Session opens as.")
cmd/clawdline/item.go:96	personaRefusal		localized_human	cli_catalog	catalog_key_with_english_fallback	covered	daemon_cli	return fmt.Sprintf(cliCopy("item", "persona.unknown", "--persona %q is not a persona this build has; it has %s."), a.persona, strings.Join(persona.IDs(), ", "))
cmd/clawdline/item.go:143	itemCommand		localized_human	cli_catalog	catalog_key_with_english_fallback	covered	daemon_cli	conversation := fs.String("conversation", "", cliCopy("item", "flag.conversation", "this assistant's conversation id (default: from the environment)"))
cmd/clawdline/item.go:144	itemCommand		localized_human	cli_catalog	catalog_key_with_english_fallback	covered	daemon_cli	key := fs.String("key", "", cliCopy("item", "flag.key", "the Idempotency-Key; reuse the one printed by a failed attempt to retry it"))
cmd/clawdline/item.go:145	itemCommand		localized_human	cli_catalog	catalog_key_with_english_fallback	covered	daemon_cli	port := fs.Int("port", 0, cliCopy("item", "flag.port", "the daemon's port (default CLAWDLINE_NEXT_PORT, else 7727)"))
cmd/clawdline/item.go:146	itemCommand		localized_human	cli_catalog	catalog_key_with_english_fallback	covered	daemon_cli	project := fs.String("project", "", cliCopy("item", "flag.project", "the Project id from the catalog"))
cmd/clawdline/item.go:147	itemCommand		localized_human	cli_catalog	catalog_key_with_english_fallback	covered	daemon_cli	kind := fs.String("kind", "", cliCopy("item", "flag.kind", "feature, issue, epic, refactor or plan"))
cmd/clawdline/item.go:148	itemCommand		localized_human	cli_catalog	catalog_key_with_english_fallback	covered	daemon_cli	title := fs.String("title", "", cliCopy("item", "flag.title", "the item's title"))
cmd/clawdline/item.go:149	itemCommand		localized_human	cli_catalog	catalog_key_with_english_fallback	covered	daemon_cli	descriptionFile := fs.String("description-file", "", cliCopy("item", "flag.description_file", "a file holding the description; - or absent reads stdin"))
cmd/clawdline/item.go:150	itemCommand		localized_human	cli_catalog	catalog_key_with_english_fallback	covered	daemon_cli	acceptanceFile := fs.String("acceptance-file", "", cliCopy("item", "flag.acceptance_file", "a file holding the acceptance criteria Markdown"))
cmd/clawdline/item.go:151	itemCommand		localized_human	cli_catalog	catalog_key_with_english_fallback	covered	daemon_cli	stepsFile := fs.String("steps-file", "", cliCopy("item", "flag.steps_file", "a file holding the steps, one per non-empty line"))
cmd/clawdline/item.go:152	itemCommand		localized_human	cli_catalog	catalog_key_with_english_fallback	covered	daemon_cli	deploy := fs.String("deploy", "", cliCopy("item", "flag.deploy", "required, not_required or agent_decides (default agent_decides)"))
cmd/clawdline/item.go:153	itemCommand		localized_human	cli_catalog	catalog_key_with_english_fallback	covered	daemon_cli	run := fs.String("run", "", cliCopy("item", "flag.run", "the run of the person's message (default: this conversation's latest run)"))
cmd/clawdline/item.go:154	itemCommand		localized_human	cli_catalog	catalog_key_with_english_fallback	covered	daemon_cli	expectedVersion := fs.Int64("expected-version", 0, cliCopy("item", "flag.expected_version", "the item's version the write expects; refused as version_conflict when it moved on (required for acceptance-revise)"))
cmd/clawdline/item.go:155	itemCommand		localized_human	cli_catalog	catalog_key_with_english_fallback	covered	daemon_cli	docID := fs.String("doc", "", cliCopy("item", "flag.doc", "for show: print only this document's body, raw"))
cmd/clawdline/item.go:156	itemCommand		localized_human	cli_catalog	catalog_key_with_english_fallback	covered	daemon_cli	role := fs.String("role", "", cliCopy("item", "flag.role", "for doc: spec, design, test, deploy, completion_report, plan, plan_review or other"))
cmd/clawdline/item.go:157	itemCommand		localized_human	cli_catalog	catalog_key_with_english_fallback	covered	daemon_cli	reference := fs.String("reference", "", cliCopy("item", "flag.reference", "for doc: a path in the Project, a URL, or for plan_review the review task's id"))
cmd/clawdline/item.go:158	itemCommand		localized_human	cli_catalog	catalog_key_with_english_fallback	covered	daemon_cli	bodyFile := fs.String("body-file", "", cliCopy("item", "flag.body_file", "for doc or acceptance: a file holding Markdown; - or absent reads stdin"))
cmd/clawdline/item.go:160	itemCommand		localized_human	cli_catalog	catalog_key_with_english_fallback	covered	daemon_cli	fs.StringVar(&assign.terminal, "assign-terminal", "", cliCopy("item", "flag.assign_terminal", "for add or child: assign it to the existing Session in this terminal"))
cmd/clawdline/item.go:161	itemCommand		localized_human	cli_catalog	catalog_key_with_english_fallback	covered	daemon_cli	fs.BoolVar(&assign.open, "assign-new", false, cliCopy("item", "flag.assign_new", "for add or child: assign it to a new Session Clawdline opens"))
cmd/clawdline/item.go:162	itemCommand		localized_human	cli_catalog	catalog_key_with_english_fallback	covered	daemon_cli	fs.BoolVar(&assign.self, "assign-self", false, cliCopy("item", "flag.assign_self", "for add: assign it to this Session, when the person's message asks it to do the work now"))
cmd/clawdline/item.go:163	itemCommand		localized_human	cli_catalog	catalog_key_with_english_fallback	covered	daemon_cli	fs.StringVar(&assign.terminal, "terminal", "", cliCopy("item", "flag.terminal", "for assign: the existing Session's terminal id"))
cmd/clawdline/item.go:164	itemCommand		localized_human	cli_catalog	catalog_key_with_english_fallback	covered	daemon_cli	fs.BoolVar(&assign.open, "new", false, cliCopy("item", "flag.new", "for assign: a new Session Clawdline opens"))
cmd/clawdline/item.go:165	itemCommand		localized_human	cli_catalog	catalog_key_with_english_fallback	covered	daemon_cli	fs.StringVar(&assign.assistant, "assistant", "", cliCopy("item", "flag.assistant", "with a new Session: claude or codex (default codex)"))
cmd/clawdline/item.go:166	itemCommand		localized_human	cli_catalog	catalog_key_with_english_fallback	covered	daemon_cli	fs.StringVar(&assign.model, "model", "", cliCopy("item", "flag.model", "with a new Session: the model (default the assistant's)"))
cmd/clawdline/item.go:167	itemCommand		localized_human	cli_catalog	catalog_key_with_english_fallback	covered	daemon_cli	fs.StringVar(&assign.persona, "persona", "", cliCopy("item", "flag.persona", "with a new Session: a built-in persona to open it as (none by default)"))
cmd/clawdline/item.go:169	itemCommand		localized_human	cli_catalog	catalog_key_with_english_fallback	covered	daemon_cli	fs.Var(&steps, "step", cliCopy("item", "flag.step", "one step of the item, in order; repeat it for each step"))
cmd/clawdline/item.go:171	itemCommand		localized_human	cli_catalog	catalog_key_with_english_fallback	covered	daemon_cli	fs.StringVar(&ev.verification, "verification", "", cliCopy("item", "flag.verification", "for merging, or deploying an ungated item: what was run to verify and what it showed"))
cmd/clawdline/item.go:172	itemCommand		localized_human	cli_catalog	catalog_key_with_english_fallback	covered	daemon_cli	fs.StringVar(&ev.commit, "commit", "", cliCopy("item", "flag.commit", "for deploying (from merging, or from implementing when the verify gate is off): the landed commit"))
cmd/clawdline/item.go:173	itemCommand		localized_human	cli_catalog	catalog_key_with_english_fallback	covered	daemon_cli	fs.StringVar(&ev.target, "target", "", cliCopy("item", "flag.target", "for deploying: the local target branch the commit is on"))
cmd/clawdline/item.go:174	itemCommand		localized_human	cli_catalog	catalog_key_with_english_fallback	covered	daemon_cli	fs.StringVar(&ev.remote, "remote", "", cliCopy("item", "flag.remote", "for deploying: the remote whose tracking target also holds it"))
cmd/clawdline/item.go:175	itemCommand		localized_human	cli_catalog	catalog_key_with_english_fallback	covered	daemon_cli	fs.StringVar(&ev.landingProject, "landing-project", "", cliCopy("item", "flag.landing_project", "for deploying: the catalog Project whose repository holds the commit, when it is not the item's"))
cmd/clawdline/item.go:176	itemCommand		localized_human	cli_catalog	catalog_key_with_english_fallback	covered	daemon_cli	fs.StringVar(&ev.noLanding, "no-landing-reason", "", cliCopy("item", "flag.no_landing_reason", "for deploying: why there is no code to land (instead of --commit)"))
cmd/clawdline/item.go:177	itemCommand		localized_human	cli_catalog	catalog_key_with_english_fallback	covered	daemon_cli	fs.StringVar(&ev.deployment, "deployment", "", cliCopy("item", "flag.deployment", "for done: what was deployed, where, which version"))
cmd/clawdline/item.go:178	itemCommand		localized_human	cli_catalog	catalog_key_with_english_fallback	covered	daemon_cli	fs.StringVar(&ev.noDeployment, "no-deployment-reason", "", cliCopy("item", "flag.no_deployment_reason", "for done: why nothing needs deploying"))
cmd/clawdline/item.go:181	itemCommand		machine_or_passthrough	stderr	preserve_error_and_command_name	preserve	daemon_cli	fmt.Fprintf(os.Stderr, "clawdline item %s: %v\n", op, err)
cmd/clawdline/item.go:193	itemCommand		localized_human	stderr	catalog_key_with_english_fallback	covered	daemon_cli	fmt.Fprintf(os.Stderr, cliCopy("item", "argument.child", "clawdline item child: takes one Epic id, got %d arguments\n"), len(positional))
cmd/clawdline/item.go:203	itemCommand		localized_human	cli_catalog	catalog_key_with_english_fallback	covered	daemon_cli	description, err := readTextFrom(*descriptionFile, os.Stdin, cliCopy("item", "text.description", "description"))
cmd/clawdline/item.go:222	itemCommand		localized_human	cli_catalog	catalog_key_with_english_fallback	covered	daemon_cli	acceptance, err := readTextFrom(*acceptanceFile, os.Stdin, cliCopy("item", "text.acceptance", "acceptance criteria"))
cmd/clawdline/item.go:230	itemCommand		localized_human	stderr	catalog_key_with_english_fallback	covered	daemon_cli	fmt.Fprintf(os.Stderr, cliCopy("item", "argument.claim", "clawdline item claim: takes one item id, got %d arguments\n"), len(positional))
cmd/clawdline/item.go:237	itemCommand		localized_human	stderr	catalog_key_with_english_fallback	covered	daemon_cli	fmt.Fprintln(os.Stderr, cliCopy("item", "argument.name", "clawdline item name: takes an item id and the Session's task name"))
cmd/clawdline/item.go:243	itemCommand		localized_human	stderr	catalog_key_with_english_fallback	covered	daemon_cli	fmt.Fprintf(os.Stderr, cliCopy("item", "argument.assign", "clawdline item assign: takes one item id, got %d arguments\n"), len(positional))
cmd/clawdline/item.go:251	itemCommand		localized_human	stderr	catalog_key_with_english_fallback	covered	daemon_cli	fmt.Fprintf(os.Stderr, cliCopy("item", "argument.single_item", "clawdline item %s: takes one item id, got %d arguments\n"), op, len(positional))
cmd/clawdline/item.go:260	itemCommand		localized_human	stderr	catalog_key_with_english_fallback	covered	daemon_cli	fmt.Fprintln(os.Stderr, cliCopy("item", "argument.step_add", "clawdline item step-add: takes an item id and the steps' titles"))
cmd/clawdline/item.go:275	itemCommand		localized_human	stderr	catalog_key_with_english_fallback	covered	daemon_cli	fmt.Fprintf(os.Stderr, cliCopy("item", "argument.finish", "clawdline item finish: takes one item id, got %d arguments\n"), len(positional))
cmd/clawdline/item.go:282	itemCommand		localized_human	stderr	catalog_key_with_english_fallback	covered	daemon_cli	fmt.Fprintf(os.Stderr, cliCopy("item", "argument.two", "clawdline item %s: takes an item id and one more argument, got %d arguments\n"), op, len(positional))
cmd/clawdline/item.go:289	itemCommand		localized_human	stderr	catalog_key_with_english_fallback	covered	daemon_cli	fmt.Fprintf(os.Stderr, cliCopy("item", "argument.doc", "clawdline item doc: takes one item id, got %d arguments\n"), len(positional))
cmd/clawdline/item.go:296	itemCommand		localized_human	cli_catalog	catalog_key_with_english_fallback	covered	daemon_cli	body, err := readTextFrom(*bodyFile, os.Stdin, cliCopy("item", "text.document_body", "document body"))
cmd/clawdline/item.go:304	itemCommand		localized_human	stderr	catalog_key_with_english_fallback	covered	daemon_cli	fmt.Fprintf(os.Stderr, cliCopy("item", "argument.single_item", "clawdline item %s: takes one item id, got %d arguments\n"), op, len(positional))
cmd/clawdline/item.go:309	itemCommand		localized_human	cli_catalog	catalog_key_with_english_fallback	covered	daemon_cli	body, err := readTextFrom(*bodyFile, os.Stdin, cliCopy("item", "text.acceptance", "acceptance criteria"))
cmd/clawdline/item.go:352	itemUsage		localized_human	stderr	catalog_key_with_english_fallback	covered	daemon_cli	fmt.Fprintln(os.Stderr, cliCopy("item", "usage.add", "usage: clawdline item add --project <id> --kind <feature|issue|epic|refactor|plan> --title <t>"))
cmd/clawdline/item.go:353	itemUsage		localized_human	stderr	catalog_key_with_english_fallback	covered	daemon_cli	fmt.Fprintln(os.Stderr, cliCopy("item", "usage.add_steps", "                          [--step <text>]… [--steps-file f] [--description-file f | stdin] [--acceptance-file f]"))
cmd/clawdline/item.go:354	itemUsage		localized_human	stderr	catalog_key_with_english_fallback	covered	daemon_cli	fmt.Fprintln(os.Stderr, cliCopy("item", "usage.add_assign", "                          [--assign-self | --assign-terminal <terminal id> | --assign-new [--assistant a] [--model m] [--persona id]]"))
cmd/clawdline/item.go:355	itemUsage		localized_human	stderr	catalog_key_with_english_fallback	covered	daemon_cli	fmt.Fprintln(os.Stderr, cliCopy("item", "usage.add_options", "                          [--deploy policy] [--run id] [--conversation id] [--key k] [--port n]"))
cmd/clawdline/item.go:356	itemUsage		localized_human	stderr	catalog_key_with_english_fallback	covered	daemon_cli	fmt.Fprintln(os.Stderr, cliCopy("item", "usage.claim", "       clawdline item claim [--run id] [--conversation id] [--key k] [--port n] <item id>"))
cmd/clawdline/item.go:357	itemUsage		localized_human	stderr	catalog_key_with_english_fallback	covered	daemon_cli	fmt.Fprintln(os.Stderr, cliCopy("item", "usage.name", "       clawdline item name [--conversation id] [--port n] <item id> <Session task name>"))
cmd/clawdline/item.go:358	itemUsage		localized_human	stderr	catalog_key_with_english_fallback	covered	daemon_cli	fmt.Fprintln(os.Stderr, cliCopy("item", "usage.child", "       clawdline item child --kind <feature|issue> --title <t> [--step <text>]… [--steps-file f] [--acceptance-file f]"))
cmd/clawdline/item.go:359	itemUsage		localized_human	stderr	catalog_key_with_english_fallback	covered	daemon_cli	fmt.Fprintln(os.Stderr, cliCopy("item", "usage.child_description", "                          [--description-file f | stdin] [--deploy policy]"))
cmd/clawdline/item.go:360	itemUsage		localized_human	stderr	catalog_key_with_english_fallback	covered	daemon_cli	fmt.Fprintln(os.Stderr, cliCopy("item", "usage.child_assign", "                          [--assign-terminal <terminal id> | --assign-new [--assistant a] [--model m] [--persona id]]"))
cmd/clawdline/item.go:361	itemUsage		localized_human	stderr	catalog_key_with_english_fallback	covered	daemon_cli	fmt.Fprintln(os.Stderr, cliCopy("item", "usage.child_options", "                          [--conversation id] [--key k] [--port n] <epic id>"))
cmd/clawdline/item.go:362	itemUsage		localized_human	stderr	catalog_key_with_english_fallback	covered	daemon_cli	fmt.Fprintln(os.Stderr, cliCopy("item", "usage.assign", "       clawdline item assign (--terminal <terminal id> | --new [--assistant a] [--model m] [--persona id])"))
cmd/clawdline/item.go:363	itemUsage		localized_human	stderr	catalog_key_with_english_fallback	covered	daemon_cli	fmt.Fprintln(os.Stderr, cliCopy("item", "usage.assign_options", "                          [--run id] [--conversation id] [--key k] [--port n] <item id>"))
cmd/clawdline/item.go:364	itemUsage		localized_human	stderr	catalog_key_with_english_fallback	covered	daemon_cli	fmt.Fprintln(os.Stderr, cliCopy("item", "usage.show", "       clawdline item show [--doc <doc id>] [--port n] <item id>"))
cmd/clawdline/item.go:365	itemUsage		localized_human	stderr	catalog_key_with_english_fallback	covered	daemon_cli	fmt.Fprintln(os.Stderr, cliCopy("item", "usage.steps", "       clawdline item steps [--port n] <item id>"))
cmd/clawdline/item.go:366	itemUsage		localized_human	stderr	catalog_key_with_english_fallback	covered	daemon_cli	fmt.Fprintln(os.Stderr, cliCopy("item", "usage.step_add", "       clawdline item step-add [--conversation id] [--key k] [--port n] <item id> <title> [<title>]… | stdin"))
cmd/clawdline/item.go:367	itemUsage		localized_human	stderr	catalog_key_with_english_fallback	covered	daemon_cli	fmt.Fprintln(os.Stderr, cliCopy("item", "usage.step_done", "       clawdline item step-done [--conversation id] [--key k] [--port n] <item id> <step id>"))
cmd/clawdline/item.go:368	itemUsage		localized_human	stderr	catalog_key_with_english_fallback	covered	daemon_cli	fmt.Fprintln(os.Stderr, cliCopy("item", "usage.acceptance", "       clawdline item acceptance [--body-file f | stdin] [--conversation id] [--key k] [--port n] <item id>"))
cmd/clawdline/item.go:369	itemUsage		localized_human	stderr	catalog_key_with_english_fallback	covered	daemon_cli	fmt.Fprintln(os.Stderr, cliCopy("item", "usage.acceptance_revise", "       clawdline item acceptance-revise --run id --expected-version n [--body-file f | stdin]"))
cmd/clawdline/item.go:370	itemUsage		localized_human	stderr	catalog_key_with_english_fallback	covered	daemon_cli	fmt.Fprintln(os.Stderr, cliCopy("item", "usage.acceptance_revise_options", "                            [--conversation id] [--key k] [--port n] <item id>"))
cmd/clawdline/item.go:371	itemUsage		localized_human	stderr	catalog_key_with_english_fallback	covered	daemon_cli	fmt.Fprintln(os.Stderr, cliCopy("item", "usage.doc", "       clawdline item doc --role <role> --title <t> [--reference r] [--body-file f | stdin]"))
cmd/clawdline/item.go:372	itemUsage		localized_human	stderr	catalog_key_with_english_fallback	covered	daemon_cli	fmt.Fprintln(os.Stderr, cliCopy("item", "usage.doc_options", "                          [--conversation id] [--key k] [--port n] <item id>"))
cmd/clawdline/item.go:373	itemUsage		localized_human	stderr	catalog_key_with_english_fallback	covered	daemon_cli	fmt.Fprintln(os.Stderr, cliCopy("item", "usage.phase", "       clawdline item phase [--verification t] [--commit c --target b --remote r [--landing-project id] | --no-landing-reason t]"))
cmd/clawdline/item.go:374	itemUsage		localized_human	stderr	catalog_key_with_english_fallback	covered	daemon_cli	fmt.Fprintln(os.Stderr, cliCopy("item", "usage.phase_deployment", "                            [--deployment t | --no-deployment-reason t] [--conversation id] [--key k] [--port n]"))
cmd/clawdline/item.go:375	itemUsage		localized_human	stderr	catalog_key_with_english_fallback	covered	daemon_cli	fmt.Fprintln(os.Stderr, cliCopy("item", "usage.phase_next", "                            <item id> <implementing|verifying|merging|deploying|done>"))
cmd/clawdline/item.go:376	itemUsage		localized_human	stderr	catalog_key_with_english_fallback	covered	daemon_cli	fmt.Fprintln(os.Stderr, cliCopy("item", "usage.finish", "       clawdline item finish [--verification t] (--deployment t | --no-deployment-reason t)"))
cmd/clawdline/item.go:377	itemUsage		localized_human	stderr	catalog_key_with_english_fallback	covered	daemon_cli	fmt.Fprintln(os.Stderr, cliCopy("item", "usage.finish_landing", "                            [--commit c] [--target b] [--remote r] [--landing-project id] [--no-landing-reason t]"))
cmd/clawdline/item.go:378	itemUsage		localized_human	stderr	catalog_key_with_english_fallback	covered	daemon_cli	fmt.Fprintln(os.Stderr, cliCopy("item", "usage.finish_options", "                            [--conversation id] [--key k] [--port n] <item id>"))
cmd/clawdline/item.go:379	itemUsage		localized_human	stderr	catalog_key_with_english_fallback	covered	daemon_cli	fmt.Fprintln(os.Stderr, cliCopy("item", "guide.add_permission", "  add creates a Board item only because the person's message through Clawdline asked for one;"))
cmd/clawdline/item.go:380	itemUsage		localized_human	stderr	catalog_key_with_english_fallback	covered	daemon_cli	fmt.Fprintln(os.Stderr, cliCopy("item", "guide.add_delegate", "  the registered Clawdfather may create it unassigned, then delegate to a Project Session with --assign-new or --assign-terminal;"))
cmd/clawdline/item.go:381	itemUsage		localized_human	stderr	catalog_key_with_english_fallback	covered	daemon_cli	fmt.Fprintln(os.Stderr, cliCopy("item", "guide.add_steps", "  it arrives unassigned, and its --step rows are the item's steps, not to-dos; --assign-self"))
cmd/clawdline/item.go:382	itemUsage		localized_human	stderr	catalog_key_with_english_fallback	covered	daemon_cli	fmt.Fprintln(os.Stderr, cliCopy("item", "guide.add_self", "  assigns it to this Session, only when the person's message asks this Session to do the work now;"))
cmd/clawdline/item.go:383	itemUsage		localized_human	stderr	catalog_key_with_english_fallback	covered	daemon_cli	fmt.Fprintln(os.Stderr, cliCopy("item", "guide.claim_permission", "  claim assigns an existing item to this Session only because the person's message through"))
cmd/clawdline/item.go:384	itemUsage		localized_human	stderr	catalog_key_with_english_fallback	covered	daemon_cli	fmt.Fprintln(os.Stderr, cliCopy("item", "guide.claim_limit", "  Clawdline told it to take that item; never on its own initiative;"))
cmd/clawdline/item.go:385	itemUsage		localized_human	stderr	catalog_key_with_english_fallback	covered	daemon_cli	fmt.Fprintln(os.Stderr, cliCopy("item", "guide.name", "  name lets an assigned new Feature Root choose its own task name once, after reading the item;"))
cmd/clawdline/item.go:386	itemUsage		localized_human	stderr	catalog_key_with_english_fallback	covered	daemon_cli	fmt.Fprintln(os.Stderr, cliCopy("item", "guide.child_plan", "  child breaks an Epic this Session owns, after its reviewed plan (implementing or later), into a"))
cmd/clawdline/item.go:387	itemUsage		localized_human	stderr	catalog_key_with_english_fallback	covered	daemon_cli	fmt.Fprintln(os.Stderr, cliCopy("item", "guide.child_assignment", "  feature or issue item, assigned to the Session in that terminal, to a new one, or to nobody yet;"))
cmd/clawdline/item.go:388	itemUsage		localized_human	stderr	catalog_key_with_english_fallback	covered	daemon_cli	fmt.Fprintln(os.Stderr, cliCopy("item", "guide.assign_epic", "  assign hands a child of an Epic this Session owns to a Session (terminal ids: `clawdline guide send`),"))
cmd/clawdline/item.go:389	itemUsage		localized_human	stderr	catalog_key_with_english_fallback	covered	daemon_cli	fmt.Fprintln(os.Stderr, cliCopy("item", "guide.assign_permission", "  or, only because the person's message through Clawdline asked for it, an unassigned Feature or Issue"))
cmd/clawdline/item.go:390	itemUsage		localized_human	stderr	catalog_key_with_english_fallback	covered	daemon_cli	fmt.Fprintln(os.Stderr, cliCopy("item", "guide.assign_new", "  to a new Session (--new), under that message's run; never on its own initiative;"))
cmd/clawdline/item.go:391	itemUsage		localized_human	stderr	catalog_key_with_english_fallback	covered	daemon_cli	fmt.Fprintln(os.Stderr, cliCopy("item", "guide.persona", "  --persona opens that new Session as a built-in persona (`GET /v1/personas` lists them); none by default;"))
cmd/clawdline/item.go:392	itemUsage		localized_human	stderr	catalog_key_with_english_fallback	covered	daemon_cli	fmt.Fprintln(os.Stderr, cliCopy("item", "guide.step_add", "  step-add breaks an item this Session owns into ordered steps, after any it already has;"))
cmd/clawdline/item.go:393	itemUsage		localized_human	stderr	catalog_key_with_english_fallback	covered	daemon_cli	fmt.Fprintln(os.Stderr, cliCopy("item", "guide.acceptance", "  acceptance fills missing criteria once; acceptance-revise relays a person's explicit revision message;"))
cmd/clawdline/item.go:394	itemUsage		localized_human	stderr	catalog_key_with_english_fallback	covered	daemon_cli	fmt.Fprintln(os.Stderr, cliCopy("item", "guide.doc", "  doc adds a document to an item this Session owns, or revises the one with the same --role and --title"))
cmd/clawdline/item.go:395	itemUsage		localized_human	stderr	catalog_key_with_english_fallback	covered	daemon_cli	fmt.Fprintln(os.Stderr, cliCopy("item", "guide.doc_epic", "  (an item's one completion_report whatever its title; plan and plan_review are always added); an Epic needs a plan, and a plan_review"))
cmd/clawdline/item.go:396	itemUsage		localized_human	stderr	catalog_key_with_english_fallback	covered	daemon_cli	fmt.Fprintln(os.Stderr, cliCopy("item", "guide.doc_review", "  whose --reference is the id of the plan_review child that reviewed it, before implementing;"))
cmd/clawdline/item.go:397	itemUsage		localized_human	stderr	catalog_key_with_english_fallback	covered	daemon_cli	fmt.Fprintln(os.Stderr, cliCopy("item", "guide.phase", "  phase moves an item this Session owns one phase on, with that phase's evidence;"))
cmd/clawdline/item.go:398	itemUsage		localized_human	stderr	catalog_key_with_english_fallback	covered	daemon_cli	fmt.Fprintln(os.Stderr, cliCopy("item", "guide.finish", "  finish takes it from implementing onward to done in one step once its work has landed:"))
cmd/clawdline/item.go:399	itemUsage		localized_human	stderr	catalog_key_with_english_fallback	covered	daemon_cli	fmt.Fprintln(os.Stderr, cliCopy("item", "guide.finish_landing", "  the commit, target and remote come from the recorded landing unless given, and every gate still applies"))
cmd/clawdline/item.go:425	readTextFrom		localized_human	cli_catalog	catalog_key_with_english_fallback	covered	daemon_cli	return "", fmt.Errorf(cliCopy("item", "text.too_large", "the %s is larger than %d bytes, the most the daemon keeps for one item text"), what, itemTextLimit)
cmd/clawdline/item.go:482	printVerifyGateHint		localized_human	stdout_or_writer	catalog_key_with_english_fallback	covered	daemon_cli	fmt.Fprintln(w, cliCopy("item", "hint.verify_gate", verifyGateHint))
cmd/clawdline/item.go:492	printItem		localized_human	stdout_or_writer	catalog_key_with_english_fallback	covered	daemon_cli	fmt.Fprintln(w, cliCopy("item", "list.no_steps", "  (no steps)"))
cmd/clawdline/item.go:499	printItem		layout_or_data	stdout_or_writer	preserve_values_and_layout	preserve	daemon_cli	fmt.Fprintf(w, "  [%s] %s  %s\n", mark, s.ID, s.Title)
cmd/clawdline/item.go:502	printItem		localized_human	stdout_or_writer	catalog_key_with_english_fallback	covered	daemon_cli	fmt.Fprintf(w, cliCopy("item", "list.doc", "  doc %s  %s  %s  v%d\n"), d.ID, d.Role, d.Title, d.Version)
cmd/clawdline/item.go:509	printItemHead		localized_human	cli_catalog	catalog_key_with_english_fallback	covered	daemon_cli	owner := cliCopy("item", "owner.unassigned", "unassigned")
cmd/clawdline/item.go:511	printItemHead		localized_human	cli_catalog	catalog_key_with_english_fallback	covered	daemon_cli	owner = cliCopy("item", "owner.assigned", "assigned to ") + *it.OwnerSession
cmd/clawdline/item.go:513	printItemHead		layout_or_data	stdout_or_writer	preserve_values_and_layout	preserve	daemon_cli	fmt.Fprintf(w, "%s  %s  [%s, %s, %s]\n", it.ID, it.Title, it.Kind, it.Phase, owner)
cmd/clawdline/item.go:515	printItemHead		localized_human	stdout_or_writer	catalog_key_with_english_fallback	covered	daemon_cli	fmt.Fprintf(w, cliCopy("item", "label.acceptance", "  acceptance v%d sha256:%s\n%s\n"), it.AcceptanceVersion, it.AcceptanceDigest, it.AcceptanceCriteria)
cmd/clawdline/item.go:518	printItemHead		localized_human	stdout_or_writer	catalog_key_with_english_fallback	covered	daemon_cli	fmt.Fprintf(w, cliCopy("item", "label.gates", "  gates cycle %d: planning=%t verification=%t\n"), it.GateSnapshotCycle, it.PlanningGate, it.VerifyGate)
cmd/clawdline/item.go:524	printItemHead		localized_human	stdout_or_writer	catalog_key_with_english_fallback	covered	daemon_cli	fmt.Fprintf(w, cliCopy("item", "label.review", "  needs independent review (set by the person): %t\n"), it.ReviewRequired)
cmd/clawdline/item.go:546	sessionItem		localized_human	stderr	catalog_key_with_english_fallback	covered	daemon_cli	fmt.Fprintf(stderr, cliCopy("item", "error.conversation_refusal", "clawdline %s: %s Nothing was changed.\n"), name, conversationRefusal(err, "--conversation"))
cmd/clawdline/item.go:551	sessionItem		localized_human	stderr	catalog_key_with_english_fallback	covered	daemon_cli	fmt.Fprintf(stderr, cliCopy("item", "error.no_conversation", "clawdline %s: cannot tell which conversation this is: none of %s is set. ")+
cmd/clawdline/item.go:552	sessionItem		localized_human	cli_catalog	catalog_key_with_english_fallback	covered	daemon_cli	cliCopy("item", "error.no_conversation_next", "Pass --conversation <this assistant's conversation id>. Nothing was changed.\n"),
cmd/clawdline/item.go:569	sessionItem		localized_human	stderr	catalog_key_with_english_fallback	covered	daemon_cli	fmt.Fprintf(stderr, cliCopy("item", "error.add_required", "clawdline %s: --project, --kind and --title are all required. Nothing was created.\n"), name)
cmd/clawdline/item.go:573	sessionItem		localized_human	stderr	catalog_key_with_english_fallback	covered	daemon_cli	fmt.Fprintf(stderr, cliCopy("item", "error.add_assignment_choice", "clawdline %s: --assign-self, --assign-terminal and --assign-new are one choice. Nothing was created.\n"), name)
cmd/clawdline/item.go:577	sessionItem		localized_human	stderr	catalog_key_with_english_fallback	covered	daemon_cli	fmt.Fprintf(stderr, cliCopy("item", "error.created_refusal", "clawdline %s: %s Nothing was created.\n"), name, why)
cmd/clawdline/item.go:581	sessionItem		localized_human	cli_catalog	catalog_key_with_english_fallback	covered	daemon_cli	cliCopy("item", "error.no_run_create", "Nothing was created. Without a message sent through Clawdline, file a proposal ")+
cmd/clawdline/item.go:582	sessionItem		localized_human	cli_catalog	catalog_key_with_english_fallback	covered	daemon_cli	cliCopy("item", "error.no_run_create_next", "(POST /v1/work/v2/agent/proposals) and tell the person to accept it in the Board's Agent proposals."))
cmd/clawdline/item.go:608	sessionItem		localized_human	stderr	catalog_key_with_english_fallback	covered	daemon_cli	fmt.Fprintf(stderr, cliCopy("item", "error.child_required", "clawdline %s: --kind and --title are both required. Nothing was created.\n"), name)
cmd/clawdline/item.go:612	sessionItem		localized_human	stderr	catalog_key_with_english_fallback	covered	daemon_cli	fmt.Fprintf(stderr, cliCopy("item", "error.child_self", "clawdline %s: --assign-self is for item add; an Epic's child can remain unassigned or use ")+
cmd/clawdline/item.go:613	sessionItem		localized_human	cli_catalog	catalog_key_with_english_fallback	covered	daemon_cli	cliCopy("item", "error.child_self_next", "--assign-terminal or --assign-new. Nothing was created.\n"), name)
cmd/clawdline/item.go:617	sessionItem		localized_human	stderr	catalog_key_with_english_fallback	covered	daemon_cli	fmt.Fprintf(stderr, cliCopy("item", "error.child_assignment_choice", "clawdline %s: --assign-terminal and --assign-new are one choice. Nothing was created.\n"), name)
cmd/clawdline/item.go:621	sessionItem		localized_human	stderr	catalog_key_with_english_fallback	covered	daemon_cli	fmt.Fprintf(stderr, cliCopy("item", "error.created_refusal", "clawdline %s: %s Nothing was created.\n"), name, why)
cmd/clawdline/item.go:640	sessionItem		localized_human	stderr	catalog_key_with_english_fallback	covered	daemon_cli	fmt.Fprintf(stderr, cliCopy("item", "error.assign_choice", "clawdline %s: name one Session: --terminal <terminal id> or --new. Nothing was changed.\n"), name)
cmd/clawdline/item.go:644	sessionItem		localized_human	stderr	catalog_key_with_english_fallback	covered	daemon_cli	fmt.Fprintf(stderr, cliCopy("item", "error.conversation_refusal", "clawdline %s: %s Nothing was changed.\n"), name, why)
cmd/clawdline/item.go:660	sessionItem		localized_human	stderr	catalog_key_with_english_fallback	covered	daemon_cli	fmt.Fprintf(stderr, cliCopy("item", "error.assign_only_new", "clawdline %s: on the person's message a Session assigns an item only to a new Session (--new); ")+
cmd/clawdline/item.go:661	sessionItem		localized_human	cli_catalog	catalog_key_with_english_fallback	covered	daemon_cli	cliCopy("item", "error.assign_only_new_next", "to take it itself, use `clawdline item claim %s`. Nothing was changed.\n"), name, itemID)
cmd/clawdline/item.go:665	sessionItem		localized_human	cli_catalog	catalog_key_with_english_fallback	covered	daemon_cli	cliCopy("item", "error.no_run_assign", "Nothing was assigned. Without a message sent through Clawdline asking for it, leave the item for the person to assign."))
cmd/clawdline/item.go:675	sessionItem		localized_human	cli_catalog	catalog_key_with_english_fallback	covered	daemon_cli	cliCopy("item", "error.no_run_claim", "Nothing was claimed. Without a message sent through Clawdline, leave the item for the person to assign."))
cmd/clawdline/item.go:690	sessionItem		localized_human	stderr	catalog_key_with_english_fallback	covered	daemon_cli	fmt.Fprintf(stderr, cliCopy("item", "error.landing_group", "clawdline %s: --commit, --target and --remote go together. Nothing was changed.\n"), name)
cmd/clawdline/item.go:695	sessionItem		machine_or_passthrough	stderr	preserve_error_and_command_name	preserve	daemon_cli	fmt.Fprintf(stderr, "clawdline %s: %v\n", name, err)
cmd/clawdline/item.go:708	sessionItem		localized_human	stderr	catalog_key_with_english_fallback	covered	daemon_cli	fmt.Fprintf(stderr, cliCopy("item", "error.candidate_worktree", "clawdline %s: candidate worktree: %v\n"), name, err)
cmd/clawdline/item.go:719	sessionItem		localized_human	stderr	catalog_key_with_english_fallback	covered	daemon_cli	fmt.Fprintf(stderr, cliCopy("item", "error.verification_worktree", "clawdline %s: verification needs a branch-attached Git worktree with a readable HEAD. Nothing was changed.\n"), name)
cmd/clawdline/item.go:766	sessionItem		localized_human	stderr	catalog_key_with_english_fallback	covered	daemon_cli	fmt.Fprintf(stderr, cliCopy("item", "error.doc_required", "clawdline %s: --role and --title are both required. Nothing was added.\n"), name)
cmd/clawdline/item.go:771	sessionItem		machine_or_passthrough	stderr	preserve_error_and_command_name	preserve	daemon_cli	fmt.Fprintf(stderr, "clawdline %s: %v\n", name, err)
cmd/clawdline/item.go:796	sessionItem		localized_human	stderr	catalog_key_with_english_fallback	covered	daemon_cli	fmt.Fprintf(stderr, cliCopy("item", "error.acceptance_empty", "clawdline %s: provide non-empty Markdown with --body-file or stdin. Nothing was changed.\n"), name)
cmd/clawdline/item.go:804	sessionItem		localized_human	stderr	catalog_key_with_english_fallback	covered	daemon_cli	fmt.Fprintf(stderr, cliCopy("item", "error.revision_required", "clawdline %s: non-empty Markdown, --run and --expected-version are required. Nothing was changed.\n"), name)
cmd/clawdline/item.go:811	sessionItem		localized_human	stderr	catalog_key_with_english_fallback	covered	daemon_cli	fmt.Fprintf(stderr, cliCopy("item", "error.unknown_action", "clawdline item: no such action %q\n"), op)
cmd/clawdline/item.go:824	sessionItem		machine_output	stderr	stable_prefix_or_value	preserve	daemon_cli	fmt.Fprintf(stderr, "Idempotency-Key: %s\n", key)
cmd/clawdline/item.go:831	sessionItem		machine_or_passthrough	stderr	preserve_error_and_command_name	preserve	daemon_cli	fmt.Fprintf(stderr, "clawdline %s: %v\n", name, err)
cmd/clawdline/item.go:832	sessionItem		localized_human	stderr	catalog_key_with_english_fallback	covered	daemon_cli	fmt.Fprintf(stderr, cliCopy("item", "error.retry", "To retry the same write: clawdline %s --key %s …\n"), name, key)
cmd/clawdline/item.go:853	sessionItem		localized_human	stdout_or_writer	catalog_key_with_english_fallback	covered	daemon_cli	fmt.Fprintf(stdout, cliCopy("item", "label.revision_source", "  requested by run %s in Session %s at %d: %s\n"),
cmd/clawdline/item.go:869	sessionItem		localized_human	stderr	catalog_key_with_english_fallback	covered	daemon_cli	fmt.Fprintf(stderr, cliCopy("item", "error.created_unassigned", "clawdline %s: the item was created but not assigned: %s: %s\n"),
cmd/clawdline/item.go:872	sessionItem		localized_human	stderr	catalog_key_with_english_fallback	covered	daemon_cli	fmt.Fprintf(stderr, cliCopy("item", "next.assign_child", "Assign it with `clawdline item assign %s --terminal <id> | --new`, or leave it for the person.\n"), it.ID)
cmd/clawdline/item.go:874	sessionItem		localized_human	stderr	catalog_key_with_english_fallback	covered	daemon_cli	fmt.Fprintf(stderr, cliCopy("item", "next.assign_board", "The person can assign item %s from the Board.\n"), it.ID)
cmd/clawdline/item.go:881	sessionItem		localized_human	stderr	catalog_key_with_english_fallback	covered	daemon_cli	fmt.Fprintf(stderr, cliCopy("item", "result.created_unassigned", "Board item %s was created but not assigned. The person can assign it from the Board.\n"), it.ID)
cmd/clawdline/item.go:883	sessionItem		localized_human	stderr	catalog_key_with_english_fallback	covered	daemon_cli	fmt.Fprintf(stderr, cliCopy("item", "next.claim", "When the person's message asks this Session to do it, take it with `clawdline item claim %s`.\n"), it.ID)
cmd/clawdline/item.go:886	sessionItem		localized_human	stderr	catalog_key_with_english_fallback	covered	daemon_cli	fmt.Fprintf(stderr, cliCopy("item", "result.awaiting_dialog", "Board item %s is awaiting the person's first dialog in the new Project Session; no owner is assigned yet. Open that Session and answer its first screen, then
cmd/clawdline/item.go:889	sessionItem		localized_human	stderr	catalog_key_with_english_fallback	covered	daemon_cli	fmt.Fprintf(stderr, cliCopy("item", "result.delegation_pending", "Board item %s was created; delegation outcome needs review. Check the Board before trying another assignment.\n"), it.ID)
cmd/clawdline/item.go:895	sessionItem		localized_human	stdout_or_writer	catalog_key_with_english_fallback	covered	daemon_cli	fmt.Fprintf(stdout, cliCopy("item", "next.epic_plan", "This is an Epic: write its plan with `clawdline item doc %s --role plan --title Plan`, ")+
cmd/clawdline/item.go:896	sessionItem		localized_human	cli_catalog	catalog_key_with_english_fallback	covered	daemon_cli	cliCopy("item", "next.epic_review", "have a child review it (`clawdline dispatch --kind plan_review --work-id %s --title \"Review the plan\" --claims \"\"`), record the review with ")+
cmd/clawdline/item.go:897	sessionItem		localized_human	cli_catalog	catalog_key_with_english_fallback	covered	daemon_cli	cliCopy("item", "next.epic_implement", "`--role plan_review --reference <task id>`, then move it to implementing. `clawdline guide epic` says how.\n"),
cmd/clawdline/item.go:907	itemName		localized_human	stderr	catalog_key_with_english_fallback	covered	daemon_cli	fmt.Fprintln(stderr, cliCopy("item", "error.name_required", "clawdline item name: an item id and a nonempty task name are required. Nothing was changed."))
cmd/clawdline/item.go:913	itemName		machine_or_passthrough	stderr	preserve_error_and_command_name	preserve	daemon_cli	fmt.Fprintf(stderr, "clawdline %s: %v\n", name, err)
cmd/clawdline/item.go:924	itemName		localized_human	stderr	catalog_key_with_english_fallback	covered	daemon_cli	fmt.Fprintln(stderr, cliCopy("item", "error.name_missing", "clawdline item name: the daemon returned no stored Session name."))
cmd/clawdline/item.go:927	itemName		localized_human	stdout_or_writer	catalog_key_with_english_fallback	covered	daemon_cli	fmt.Fprintf(stdout, cliCopy("item", "label.session_name", "Session name: %s\n"), got.StoredTitle)
cmd/clawdline/item.go:929	itemName		localized_human	stdout_or_writer	catalog_key_with_english_fallback	covered	daemon_cli	fmt.Fprintf(stdout, cliCopy("item", "label.display_name", "Displayed name: %s\n"), *got.DisplayTitle)
cmd/clawdline/item.go:942	itemShow		user_agent_or_external_original	stdout_or_writer	preserve_source_bytes	preserve	daemon_cli	fmt.Fprint(stdout, d.Body)
cmd/clawdline/item.go:944	itemShow		layout_or_data	stdout_or_writer	blank_line_only	preserve	daemon_cli	fmt.Fprintln(stdout)
cmd/clawdline/item.go:950	itemShow		localized_human	cli_catalog	catalog_key_with_english_fallback	covered	daemon_cli	held := cliCopy("item", "show.held_none", "it holds no documents")
cmd/clawdline/item.go:952	itemShow		localized_human	cli_catalog	catalog_key_with_english_fallback	covered	daemon_cli	held = cliCopy("item", "show.held_list", "its documents are ") + strings.Join(ids, ", ")
cmd/clawdline/item.go:954	itemShow		localized_human	stderr	catalog_key_with_english_fallback	covered	daemon_cli	fmt.Fprintf(stderr, cliCopy("item", "show.no_document", "clawdline item show: item %s has no document %s; %s.\n"), it.ID, docID, held)
cmd/clawdline/item.go:958	itemShow		localized_human	stdout_or_writer	catalog_key_with_english_fallback	covered	daemon_cli	fmt.Fprintf(stdout, cliCopy("item", "show.version", "  item version %d\n"), it.Version)
cmd/clawdline/item.go:960	itemShow		localized_human	stdout_or_writer	catalog_key_with_english_fallback	covered	daemon_cli	fmt.Fprintf(stdout, cliCopy("item", "show.document_header", "\n===== doc %s  %s  %s  (v%d) =====\n"), d.ID, d.Role, d.Title, d.Version)
cmd/clawdline/item.go:962	itemShow		localized_human	stdout_or_writer	catalog_key_with_english_fallback	covered	daemon_cli	fmt.Fprintf(stdout, cliCopy("item", "show.reference", "reference: %s\n"), d.Reference)
cmd/clawdline/item.go:965	itemShow		user_agent_or_external_original	stdout_or_writer	preserve_source_bytes	preserve	daemon_cli	fmt.Fprint(stdout, d.Body)
cmd/clawdline/item.go:967	itemShow		layout_or_data	stdout_or_writer	blank_line_only	preserve	daemon_cli	fmt.Fprintln(stdout)
cmd/clawdline/item.go:1001	docWrote		localized_human	stdout_or_writer	catalog_key_with_english_fallback	covered	daemon_cli	fmt.Fprintf(stdout, cliCopy("item", "result.doc_added", "  added document %s (%s) at v%d\n"), got.ID, got.Role, got.Version)
cmd/clawdline/item.go:1003	docWrote		localized_human	stdout_or_writer	catalog_key_with_english_fallback	covered	daemon_cli	fmt.Fprintf(stdout, cliCopy("item", "result.doc_unchanged", "  document %s (%s) already held this text; nothing changed, still v%d\n"), got.ID, got.Role, got.Version)
cmd/clawdline/item.go:1005	docWrote		localized_human	stdout_or_writer	catalog_key_with_english_fallback	covered	daemon_cli	fmt.Fprintf(stdout, cliCopy("item", "result.doc_revised", "  revised document %s (%s) to v%d\n"), got.ID, got.Role, got.Version)
cmd/clawdline/item.go:1013	itemWrote		localized_human	cli_catalog	catalog_key_with_english_fallback	covered	daemon_cli	what := map[string]string{"add": cliCopy("item", "receipt.item", "the item"), "child": cliCopy("item", "receipt.child", "the child item"), "assign": cliCopy("item", "receipt.assignment", "the assignment"),
cmd/clawdline/item.go:1014	itemWrote		localized_human	cli_catalog	catalog_key_with_english_fallback	covered	daemon_cli	"claim": cliCopy("item", "receipt.claim", "the claim"), "finish": cliCopy("item", "receipt.finish", "the finish"), "doc": cliCopy("item", "receipt.document", "the document"),
cmd/clawdline/item.go:1015	itemWrote		localized_human	cli_catalog	catalog_key_with_english_fallback	covered	daemon_cli	"acceptance": cliCopy("item", "receipt.acceptance", "the acceptance criteria"), "acceptance-revise": cliCopy("item", "receipt.acceptance_revision", "the acceptance revision")}[op]
cmd/clawdline/item.go:1017	itemWrote		localized_human	cli_catalog	catalog_key_with_english_fallback	covered	daemon_cli	what = cliCopy("item", "receipt.step_prefix", "step ") + strings.TrimSpace(args[1]) + cliCopy("item", "receipt.step_suffix", " done")
cmd/clawdline/item.go:1019	itemWrote		localized_human	cli_catalog	catalog_key_with_english_fallback	covered	daemon_cli	what = cliCopy("item", "receipt.phase_prefix", "phase ") + strings.TrimSpace(args[1])
cmd/clawdline/item.go:1021	itemWrote		localized_human	stdout_or_writer	catalog_key_with_english_fallback	covered	daemon_cli	fmt.Fprintf(stdout, cliCopy("item", "result.wrote", "wrote %s; item %s is at version %d\n"), what, it.ID, it.Version)
cmd/clawdline/item.go:1023	itemWrote		localized_human	stdout_or_writer	catalog_key_with_english_fallback	covered	daemon_cli	fmt.Fprintf(stdout, cliCopy("item", "next.show", "  steps and documents: clawdline item show %s\n"), it.ID)
cmd/clawdline/item.go:1029	printItemWriteHead		localized_human	cli_catalog	catalog_key_with_english_fallback	covered	daemon_cli	owner := cliCopy("item", "owner.unassigned", "unassigned")
cmd/clawdline/item.go:1031	printItemWriteHead		localized_human	cli_catalog	catalog_key_with_english_fallback	covered	daemon_cli	owner = cliCopy("item", "owner.assigned", "assigned to ") + *it.OwnerSession
cmd/clawdline/item.go:1033	printItemWriteHead		layout_or_data	stdout_or_writer	preserve_values_and_layout	preserve	daemon_cli	fmt.Fprintf(w, "%s  %s  [%s, %s, %s]\n", it.ID, it.Title, it.Kind, it.Phase, owner)
cmd/clawdline/item.go:1035	printItemWriteHead		localized_human	stdout_or_writer	catalog_key_with_english_fallback	covered	daemon_cli	fmt.Fprintf(w, cliCopy("item", "label.acceptance_summary", "  acceptance v%d sha256:%s; full text: clawdline item show %s\n"), it.AcceptanceVersion, it.AcceptanceDigest, it.ID)
cmd/clawdline/item.go:1038	printItemWriteHead		localized_human	stdout_or_writer	catalog_key_with_english_fallback	covered	daemon_cli	fmt.Fprintf(w, cliCopy("item", "label.gates", "  gates cycle %d: planning=%t verification=%t\n"), it.GateSnapshotCycle, it.PlanningGate, it.VerifyGate)
cmd/clawdline/item.go:1042	printItemWriteHead		localized_human	stdout_or_writer	catalog_key_with_english_fallback	covered	daemon_cli	fmt.Fprintf(w, cliCopy("item", "label.review", "  needs independent review (set by the person): %t\n"), it.ReviewRequired)
cmd/clawdline/item.go:1050	readItem		machine_or_passthrough	stderr	preserve_error_and_command_name	preserve	daemon_cli	fmt.Fprintf(stderr, "clawdline %s: %v\n", name, err)
cmd/clawdline/item.go:1079	wordRun		machine_or_passthrough	stderr	preserve_error_and_command_name	preserve	daemon_cli	fmt.Fprintf(stderr, "clawdline %s: %v\n", name, err)
cmd/clawdline/item.go:1084	wordRun		localized_human	stderr	localized_argument_from_callers	covered	daemon_cli	fmt.Fprintln(stderr, nothing)
cmd/clawdline/item.go:1093	wordRun		localized_human	stderr	catalog_key_with_english_fallback	covered	daemon_cli	fmt.Fprintf(stderr, cliCopy("item", "error.no_run_answer", "clawdline %s: the daemon's run answer names no run: %s\n"), name, strings.TrimSpace(string(a.Body)))
cmd/clawdline/item.go:1114	itemStepAdd		localized_human	stderr	catalog_key_with_english_fallback	covered	daemon_cli	fmt.Fprintf(stderr, cliCopy("item", "error.no_step_titles", "clawdline %s: no step titles, as arguments or on stdin. Nothing was changed.\n"), name)
cmd/clawdline/item.go:1120	itemStepAdd		machine_or_passthrough	stderr	preserve_error_and_command_name	preserve	daemon_cli	fmt.Fprintf(stderr, "clawdline %s: %v\n", name, err)
cmd/clawdline/item.go:1131	itemStepAdd		localized_human	stderr	catalog_key_with_english_fallback	covered	daemon_cli	fmt.Fprint(stderr, cliCopy("item", "result.no_step", "No step was added.\n"))
cmd/clawdline/item.go:1134	itemStepAdd		localized_human	stderr	catalog_key_with_english_fallback	covered	daemon_cli	fmt.Fprintf(stderr, cliCopy("item", "result.partial_steps", "%d of %d steps were added; the rest were not: %s\n"), added, len(titles),
cmd/clawdline/item.go:1153	itemStepAdd		machine_output	stderr	stable_prefix_or_value	preserve	daemon_cli	fmt.Fprintf(stderr, "Idempotency-Key: %s\n", k)
cmd/clawdline/item.go:1157	itemStepAdd		machine_or_passthrough	stderr	preserve_error_and_command_name	preserve	daemon_cli	fmt.Fprintf(stderr, "clawdline %s: %v\n", name, err)
cmd/clawdline/item.go:1158	itemStepAdd		localized_human	stderr	catalog_key_with_english_fallback	covered	daemon_cli	fmt.Fprintf(stderr, cliCopy("item", "error.retry_step", "To retry the same write: clawdline %s --key %s %s …\n"), name, k, itemID)
cmd/clawdline/item.go:1172	itemStepAdd		localized_human	stdout_or_writer	catalog_key_with_english_fallback	covered	daemon_cli	fmt.Fprintf(stdout, cliCopy("item", "result.steps_written", "wrote %d step(s); item %s is at version %d\n"), len(titles), it.ID, it.Version)
cmd/clawdline/item.go:1174	itemStepAdd		localized_human	stdout_or_writer	catalog_key_with_english_fallback	covered	daemon_cli	fmt.Fprintf(stdout, cliCopy("item", "next.show", "  steps and documents: clawdline item show %s\n"), it.ID)
cmd/clawdline/leases.go:26	leasesCommand		fixed_human	stderr	translate_literal_preserve_arguments	pending	daemon_cli	fmt.Fprintln(os.Stderr, "usage: clawdline leases [--json] [--port n]")
cmd/clawdline/leases.go:40	leasesRun		machine_or_passthrough	stderr	preserve_error_and_command_name	preserve	daemon_cli	fmt.Fprintf(stderr, "clawdline %s: %v\n", name, err)
cmd/clawdline/leases.go:50	leasesRun		fixed_human	stderr	translate_literal_preserve_arguments	pending	daemon_cli	fmt.Fprintf(stderr, "clawdline %s: the daemon's answer is not a lease list; the leases are unknown: %s\n",
cmd/clawdline/leases.go:58	leasesRun		fixed_human	stdout_or_writer	translate_literal_preserve_arguments	pending	daemon_cli	fmt.Fprintln(stdout, "No lease is held or waited for.")
cmd/clawdline/leases.go:62	leasesRun		fixed_human	stdout_or_writer	translate_literal_preserve_arguments	pending	daemon_cli	fmt.Fprintln(tw, "RESOURCE\tKEY\tHOLDER\tLIVENESS\tHELD\tREASON\tWAITING")
cmd/clawdline/leases.go:68	leasesRun		layout_or_data	stdout_or_writer	preserve_values_and_layout	preserve	daemon_cli	fmt.Fprintf(tw, "%s\t%s\t%s\t%s\t%s\t%s\t%d\n", l.Resource, l.Key, holder, liveness, held,
cmd/clawdline/leases.go:74	leasesRun		fixed_human	stdout_or_writer	translate_literal_preserve_arguments	pending	daemon_cli	fmt.Fprintf(stdout, "  waiting for %s %s: #%d %s, %ds: %s\n", l.Resource, l.Key, q.Position, q.Holder,
cmd/clawdline/localization.go:22	commandLanguagePrefix		localized_human	cli_catalog	catalog_key_with_english_fallback	covered	daemon_cli	return args, "", errors.New(cliCopy("core", "language.action_missing", "--lang requires a tag and a command"))
cmd/clawdline/main.go:87	main		fixed_human	stderr	translate_literal_preserve_arguments	pending	daemon_cli	fmt.Fprintln(os.Stderr, "usage: clawdline --lang <tag> <command> [arguments]")
cmd/clawdline/main.go:198	main		machine_or_passthrough	stdout	preserve_bytes	preserve	daemon_cli	_ = json.NewEncoder(os.Stdout).Encode(map[string]string{
cmd/clawdline/main.go:202	main		machine_output	stdout_or_writer	stable_prefix_or_value	preserve	daemon_cli	fmt.Println(version)
cmd/clawdline/main.go:213	serve		machine_or_passthrough	stderr	stable_command_prefix_with_separately_owned_detail	preserve	daemon_cli	fmt.Fprintln(os.Stderr, "clawdline:", err)
cmd/clawdline/main.go:237	serve		diagnostic	stdout_or_writer	stable_log	preserve	daemon_cli	log.Printf("personas: %v", err)
cmd/clawdline/main.go:329	startCloudLine		diagnostic	stdout_or_writer	stable_log	preserve	daemon_cli	Log:     func(format string, args ...any) { log.Printf(format, args...) },
cmd/clawdline/main.go:343	startCloudLine		diagnostic	stdout_or_writer	stable_log	preserve	daemon_cli	log.Printf("cloud: the line is off: %v", err)
cmd/clawdline/main.go:355	startCloudLine		diagnostic	stdout_or_writer	stable_log	preserve	daemon_cli	log.Printf("cloud: the line stopped: %v", err)
cmd/clawdline/main.go:362	doctor		fixed_human	stdout_or_writer	translate_literal_preserve_arguments	pending	daemon_cli	fmt.Printf("version   %s\n", version)
cmd/clawdline/main.go:363	doctor		fixed_human	stdout_or_writer	translate_literal_preserve_arguments	pending	daemon_cli	fmt.Printf("port      %d\n", cfg.Port)
cmd/clawdline/main.go:367	doctor		fixed_human	stdout_or_writer	translate_literal_preserve_arguments	pending	daemon_cli	fmt.Printf("upstream  %d\n", port)
cmd/clawdline/main.go:369	doctor		fixed_human	stdout_or_writer	translate_literal_preserve_arguments	pending	daemon_cli	fmt.Printf("upstream  none (an unowned route answers 501 not_implemented; %s asks for one)\n",
cmd/clawdline/main.go:372	doctor		fixed_human	stdout_or_writer	translate_literal_preserve_arguments	pending	daemon_cli	fmt.Printf("dir       %s\n", cfg.Dir)
cmd/clawdline/main.go:376	doctor		fixed_human	stdout_or_writer	translate_literal_preserve_arguments	pending	daemon_cli	fmt.Printf("store     unreadable: %v\n", err)
cmd/clawdline/main.go:382	doctor		fixed_human	stdout_or_writer	translate_literal_preserve_arguments	pending	daemon_cli	fmt.Printf("store     unreadable: %v\n", err)
cmd/clawdline/main.go:385	doctor		fixed_human	stdout_or_writer	translate_literal_preserve_arguments	pending	daemon_cli	fmt.Printf("store     %d events, %d broker tasks\n", events, tasks)
cmd/clawdline/main.go:390	retiredCommand		fixed_human	stderr	translate_literal_preserve_arguments	pending	daemon_cli	fmt.Fprintf(os.Stderr, "clawdline %s: retired. Work is dispatched through the broker only — "+
cmd/clawdline/main.go:404	terminalCommand		fixed_human	stderr	translate_literal_preserve_arguments	pending	daemon_cli	fmt.Fprintf(os.Stderr, "usage: clawdline %s <session-id> [text]\n", name)
cmd/clawdline/main.go:422	terminalCommand		fixed_human	stderr	translate_literal_preserve_arguments	pending	daemon_cli	fmt.Fprintln(os.Stderr, "clawdline: no backend for", target.Backend)
cmd/clawdline/main.go:430	terminalCommand		fixed_human	stderr	translate_literal_preserve_arguments	pending	daemon_cli	fmt.Fprintln(os.Stderr, "clawdline type needs text")
cmd/clawdline/main.go:442	terminalCommand		machine_or_passthrough	stderr	stable_command_prefix_with_separately_owned_detail	preserve	daemon_cli	fmt.Fprintln(os.Stderr, "clawdline:", err)
cmd/clawdline/main.go:445	terminalCommand		fixed_human	stdout_or_writer	translate_literal_preserve_arguments	pending	daemon_cli	fmt.Printf("%s: delivered to %s\n", op, target.ID)
cmd/clawdline/main.go:449	usage		fixed_human	stderr	translate_literal_preserve_arguments	pending	daemon_cli	fmt.Fprintln(os.Stderr, "usage: clawdline <serve|doctor|guide|skill|report|session|coordinator|usage|heavy|verify|setting|dispatch|callback|handoff|todo|note|item|send|notify|landings|leases|sessions|assistants|type|inte
cmd/clawdline/main.go:450	usage		localized_human	stderr	catalog_key_with_english_fallback	covered	daemon_cli	fmt.Fprintln(os.Stderr, "  "+cliCopy("core", "language_option", cliLanguageOptionEnglish))
cmd/clawdline/main.go:451	usage		fixed_human	stderr	translate_literal_preserve_arguments	pending	daemon_cli	fmt.Fprintln(os.Stderr, "  guide [topic] | guide -list   the agent guide this build carries; no daemon needed")
cmd/clawdline/main.go:452	usage		fixed_human	stderr	translate_literal_preserve_arguments	pending	daemon_cli	fmt.Fprintln(os.Stderr, "  skill <install|uninstall>     put this build's skill stub in ~/.claude/skills/clawdline, or put back what was there")
cmd/clawdline/main.go:453	usage		fixed_human	stderr	translate_literal_preserve_arguments	pending	daemon_cli	fmt.Fprintln(os.Stderr, "  report --status <file> [--repo dir] [--open] <commit>…   a turn's status report as one local HTML file; prints its file:// address last")
cmd/clawdline/main.go:454	usage		fixed_human	stderr	translate_literal_preserve_arguments	pending	daemon_cli	fmt.Fprintln(os.Stderr, "  session report --summary <sentence>   record this session's finished turn: delivered, awaiting approval")
cmd/clawdline/main.go:455	usage		fixed_human	stderr	translate_literal_preserve_arguments	pending	daemon_cli	fmt.Fprintln(os.Stderr, "  coordinator bind [--conversation id]   register this machine-workspace Session, or rebind an offline role")
cmd/clawdline/main.go:456	usage		fixed_human	stderr	translate_literal_preserve_arguments	pending	daemon_cli	fmt.Fprintln(os.Stderr, "  usage [--session c | --task id | --item id] [--json]   what it spent, by category; this session's own by default")
cmd/clawdline/main.go:457	usage		fixed_human	stderr	translate_literal_preserve_arguments	pending	daemon_cli	fmt.Fprintln(os.Stderr, "  update [--json] [--apply [--force]]   whether this machine trails the cloud's latest build; exit 0 current, 10 behind, 3 unknown")
cmd/clawdline/main.go:458	usage		fixed_human	stderr	translate_literal_preserve_arguments	pending	daemon_cli	fmt.Fprintln(os.Stderr, "  heavy [--reason r] -- <command…>   run a build or test suite after the machine's compile slot and enough memory")
cmd/clawdline/main.go:459	usage		fixed_human	stderr	translate_literal_preserve_arguments	pending	daemon_cli	fmt.Fprintln(os.Stderr, "  setting <get|set> <key> <value>   product_language, planning_gate, verify_gate, or claude_auto_compact_window")
cmd/clawdline/main.go:460	usage		fixed_human	stderr	translate_literal_preserve_arguments	pending	daemon_cli	fmt.Fprintln(os.Stderr, "  dispatch --title <t> --claims a,b < brief   dispatch an owned child: task.json, inventory and POST in one step")
cmd/clawdline/main.go:461	usage		fixed_human	stderr	translate_literal_preserve_arguments	pending	daemon_cli	fmt.Fprintln(os.Stderr, "  callback --title <t> -- <command…>   run a command under the daemon and end the turn; its exit wakes this session")
cmd/clawdline/main.go:462	usage		fixed_human	stderr	translate_literal_preserve_arguments	pending	daemon_cli	fmt.Fprintln(os.Stderr, "  handoff --summary <file> [--check]   hand this Session's work to a fresh Session at a milestone, with a bounded summary")
cmd/clawdline/main.go:463	usage		fixed_human	stderr	translate_literal_preserve_arguments	pending	daemon_cli	fmt.Fprintln(os.Stderr, "  todo <add|list|done>          this session's own to-dos, added only when the person asks")
cmd/clawdline/main.go:464	usage		fixed_human	stderr	translate_literal_preserve_arguments	pending	daemon_cli	fmt.Fprintln(os.Stderr, "  note create                   post a human intervention to one Session")
cmd/clawdline/main.go:465	usage		fixed_human	stderr	translate_literal_preserve_arguments	pending	daemon_cli	fmt.Fprintln(os.Stderr, "  item <add|claim|name|child|assign|show|steps|step-add|step-done|doc|phase>   Board items, a Root's own name, steps, documents and phase")
cmd/clawdline/main.go:466	usage		fixed_human	stderr	translate_literal_preserve_arguments	pending	daemon_cli	fmt.Fprintln(os.Stderr, "  send --to <terminal> [text…]  relay a message into another session's composer")
cmd/clawdline/main.go:467	usage		fixed_human	stderr	translate_literal_preserve_arguments	pending	daemon_cli	fmt.Fprintln(os.Stderr, "  notify --title <t> --body <b>   push a notification to the person")
cmd/clawdline/main.go:468	usage		fixed_human	stderr	translate_literal_preserve_arguments	pending	daemon_cli	fmt.Fprintln(os.Stderr, "  landings | assistants         every landing still owed (--work-id: every landing recorded for one item); what each assistant's account has left")
cmd/clawdline/main.go:469	usage		fixed_human	stderr	translate_literal_preserve_arguments	pending	daemon_cli	fmt.Fprintln(os.Stderr, "  leases | sessions [--json]    who holds or waits for each lease; the Sessions a send, wait or handoff can name")
cmd/clawdline/main.go:470	usage		fixed_human	stderr	translate_literal_preserve_arguments	pending	daemon_cli	fmt.Fprintln(os.Stderr, "  type <session-id> <text>      type straight into a terminal, recording nothing (for testing a backend)")
cmd/clawdline/main.go:471	usage		fixed_human	stderr	translate_literal_preserve_arguments	pending	daemon_cli	fmt.Fprintln(os.Stderr, "  doctor capacity --drill audit.security   fill a row on purpose, in a throwaway directory, and see it say so")
cmd/clawdline/main.go:472	usage		fixed_human	stderr	translate_literal_preserve_arguments	pending	daemon_cli	fmt.Fprintln(os.Stderr, "  open [--print]   sign a browser in with permission to read and send")
cmd/clawdline/main.go:473	usage		fixed_human	stderr	translate_literal_preserve_arguments	pending	daemon_cli	fmt.Fprintln(os.Stderr, "  pair [--watch]            show the code when a device asks to pair")
cmd/clawdline/main.go:474	usage		fixed_human	stderr	translate_literal_preserve_arguments	pending	daemon_cli	fmt.Fprintln(os.Stderr, "  devices [revoke <id>]     the browsers and devices signed in to this machine directly; revoke one")
cmd/clawdline/main.go:475	usage		fixed_human	stderr	translate_literal_preserve_arguments	pending	daemon_cli	fmt.Fprintln(os.Stderr, "  tunnel [--json]           what the cloudflared tunnel is doing; remote_tunnel in the settings turns it on")
cmd/clawdline/main.go:476	usage		fixed_human	stderr	translate_literal_preserve_arguments	pending	daemon_cli	fmt.Fprintln(os.Stderr, "  cloud <status|on|off|login|connect>   the line to app.clawdline.com; off by default")
cmd/clawdline/main.go:477	usage		fixed_human	stderr	translate_literal_preserve_arguments	pending	daemon_cli	fmt.Fprintln(os.Stderr, "  board tracks [--rows] [--json]   the old cards on the three tracks, read-only")
cmd/clawdline/main.go:478	usage		fixed_human	stderr	translate_literal_preserve_arguments	pending	daemon_cli	fmt.Fprintln(os.Stderr, "  project <add|remove|list>    explicitly keep directories in the session-start list")
cmd/clawdline/main.go:479	usage		fixed_human	stderr	translate_literal_preserve_arguments	pending	daemon_cli	fmt.Fprintln(os.Stderr, "  project unify [--apply|--check] [dir]   one rules file and one skills directory for Claude and Codex; --check exits 0 unified, 1 drifting, 3 unknown")
cmd/clawdline/main.go:480	usage		fixed_human	stderr	translate_literal_preserve_arguments	pending	daemon_cli	fmt.Fprintln(os.Stderr, "  task accept [--port n] <task dir>   a child signing for its briefing; secret from CLAWDLINE_TASK_SECRET or stdin")
cmd/clawdline/main.go:481	usage		fixed_human	stderr	translate_literal_preserve_arguments	pending	daemon_cli	fmt.Fprintln(os.Stderr, "  task finish [--port n] <task dir>   a child's result, validated and put in place; no node needed")
cmd/clawdline/main.go:482	usage		fixed_human	stderr	translate_literal_preserve_arguments	pending	daemon_cli	fmt.Fprintln(os.Stderr, "  task show [--json] <task id>        one child task, compactly: state, summary, leftovers, landing; reading a finished one closes its notice")
cmd/clawdline/main.go:483	usage		fixed_human	stderr	translate_literal_preserve_arguments	pending	daemon_cli	fmt.Fprintln(os.Stderr, "  task wait <task id>… [--timeout 9m] [--any]   wait for children to finish, show each and close its notice; exit 0 ok, 1 failed, 3 timed out, 4 unreadable")
cmd/clawdline/main.go:484	usage		fixed_human	stderr	translate_literal_preserve_arguments	pending	daemon_cli	fmt.Fprintln(os.Stderr, "  task ack <task id> <notice id>      close a completion notice by hand; rarely needed")
cmd/clawdline/main.go:485	usage		fixed_human	stderr	translate_literal_preserve_arguments	pending	daemon_cli	fmt.Fprintln(os.Stderr, "  task land <task id> <state> [--target b --commit c]   record a landing a merge does not record by itself")
cmd/clawdline/main.go:486	usage		fixed_human	stderr	translate_literal_preserve_arguments	pending	daemon_cli	fmt.Fprintln(os.Stderr, "  webhook fire [--url-file p] [--deliver-within 60s] [--timeout 60m] [--no-wait]   start a schedule through its webhook URL (from --url-file or CLAWDLINE_WEBHOOK_URL) and wait for its outcome; no
cmd/clawdline/note.go:46	noteCommand		fixed_error_source	stderr_via_caller	translate_fixed_copy_preserve_error_arguments	pending	daemon_cli	fail(fmt.Errorf("the note body is too large"))
cmd/clawdline/note.go:56	noteUsage		fixed_human	stderr	translate_literal_preserve_arguments	pending	daemon_cli	fmt.Fprintln(os.Stderr, "usage: clawdline note create --body-file <JSON path|-> [--target <terminal id>] [--from <conversation id>] [--key k] [--port n]")
cmd/clawdline/note.go:57	noteUsage		fixed_human	stderr	translate_literal_preserve_arguments	pending	daemon_cli	fmt.Fprintln(os.Stderr, "  the body names kind, title, summary, action, reason and optional detail, options, document_url")
cmd/clawdline/note.go:65	createNote		fixed_human	stderr	translate_literal_preserve_arguments	pending	daemon_cli	fmt.Fprintf(stderr, "clawdline note create: %s Nothing was changed.\n", conversationRefusal(err, "--from"))
cmd/clawdline/note.go:70	createNote		fixed_human	stderr	translate_literal_preserve_arguments	pending	daemon_cli	fmt.Fprintln(stderr, "clawdline note create: name a live Root conversation. Nothing was changed.")
cmd/clawdline/note.go:75	createNote		fixed_human	stderr	translate_literal_preserve_arguments	pending	daemon_cli	fmt.Fprintln(stderr, "clawdline note create: --body-file must contain one JSON object. Nothing was changed.")
cmd/clawdline/note.go:80	createNote		fixed_human	stderr	translate_literal_preserve_arguments	pending	daemon_cli	fmt.Fprintf(stderr, "clawdline note create: %s is supplied by this command or the daemon. Nothing was changed.\n", field)
cmd/clawdline/note.go:88	createNote		machine_or_passthrough	stderr	stable_command_prefix_with_separately_owned_detail	preserve	daemon_cli	fmt.Fprintln(stderr, "clawdline note create:", err)
cmd/clawdline/note.go:98	createNote		fixed_human	stderr	translate_literal_preserve_arguments	pending	daemon_cli	fmt.Fprintln(stderr, "clawdline note create: whoami answered without a terminal id. Nothing was changed.")
cmd/clawdline/note.go:110	createNote		machine_output	stderr	stable_prefix_or_value	preserve	daemon_cli	fmt.Fprintf(stderr, "Idempotency-Key: %s\n", key)
cmd/clawdline/note.go:113	createNote		machine_or_passthrough	stderr	stable_command_prefix_with_separately_owned_detail	preserve	daemon_cli	fmt.Fprintln(stderr, "clawdline note create:", err)
cmd/clawdline/note.go:114	createNote		fixed_human	stderr	translate_literal_preserve_arguments	pending	daemon_cli	fmt.Fprintf(stderr, "To retry the same note: clawdline note create --key %s …\n", key)
cmd/clawdline/portheld.go:31	refuseToServe		diagnostic	stdout_or_writer	stable_log	preserve	daemon_cli	log.Print(reason)
cmd/clawdline/portheld.go:35	refuseToServe		fixed_human	stderr	translate_literal_preserve_arguments	pending	daemon_cli	fmt.Fprintln(os.Stderr, "clawdline:", reason)
cmd/clawdline/portheld.go:74	heldPortSentence		fixed_human	stdout_or_writer	translate_literal_preserve_arguments	pending	daemon_cli	fmt.Fprintf(&b, "%s is already held by pid %d", where, holder.PID)
cmd/clawdline/portheld.go:76	heldPortSentence		layout_or_data	stdout_or_writer	preserve_values_and_layout	preserve	daemon_cli	fmt.Fprintf(&b, " (%s)", holder.Command)
cmd/clawdline/portheld.go:79	heldPortSentence		fixed_human	stdout_or_writer	translate_literal_preserve_arguments	pending	daemon_cli	fmt.Fprintf(&b, ", running since %s (%s ago)", holder.Started.Format("2006-01-02 15:04:05 -0700"),
cmd/clawdline/portheld.go:85	heldPortSentence		fixed_human	stdout_or_writer	translate_literal_preserve_arguments	pending	daemon_cli	fmt.Fprintf(&b, "%s is already in use (%v), and the system lists no listener there now", where, bindErr)
cmd/clawdline/portheld.go:87	heldPortSentence		fixed_human	stdout_or_writer	translate_literal_preserve_arguments	pending	daemon_cli	fmt.Fprintf(&b, "%s is already in use (%v), and the system would not say by whom: %v", where, bindErr, lookupErr)
cmd/clawdline/portheld.go:89	heldPortSentence		human_composition_source	builder	inspect_literal_and_data	pending	daemon_cli	b.WriteString(". ")
cmd/clawdline/portheld.go:90	heldPortSentence		human_composition_source	builder	inspect_literal_and_data	pending	daemon_cli	b.WriteString(describeHolderAnswers(ctx, host, port, ask))
cmd/clawdline/portheld.go:91	heldPortSentence		human_composition_source	builder	inspect_literal_and_data	pending	daemon_cli	b.WriteString(" This daemon has started nothing and is exiting.")
cmd/clawdline/portheld.go:93	heldPortSentence		fixed_human	stdout_or_writer	translate_literal_preserve_arguments	pending	daemon_cli	fmt.Fprintf(&b, " Stop pid %d by its PID if it should not be there, or give this daemon another port with CLAWDLINE_NEXT_PORT.", holder.PID)
cmd/clawdline/portheld.go:95	heldPortSentence		human_composition_source	builder	inspect_literal_and_data	pending	daemon_cli	b.WriteString(" Give this daemon another port with CLAWDLINE_NEXT_PORT.")
cmd/clawdline/project.go:72	projectCommand		fixed_error_source	stderr_via_caller	translate_fixed_copy_preserve_error_arguments	pending	daemon_cli	fail(fmt.Errorf("unexpected argument %q", fs.Arg(0)))
cmd/clawdline/project.go:86	projectUsage		fixed_human	stderr	translate_literal_preserve_arguments	pending	daemon_cli	fmt.Fprintln(os.Stderr, "usage: clawdline project <add|remove|list> [--json] [directory…]")
cmd/clawdline/project.go:87	projectUsage		fixed_human	stderr	translate_literal_preserve_arguments	pending	daemon_cli	fmt.Fprintln(os.Stderr, "       clawdline project export [--out file] [--name source]")
cmd/clawdline/project.go:88	projectUsage		fixed_human	stderr	translate_literal_preserve_arguments	pending	daemon_cli	fmt.Fprintln(os.Stderr, "       clawdline project import [--clone] [--replace-source] <file>")
cmd/clawdline/project.go:89	projectUsage		fixed_human	stderr	translate_literal_preserve_arguments	pending	daemon_cli	fmt.Fprintln(os.Stderr, "       clawdline project unify [--apply | --check] [--json] [directory]")
cmd/clawdline/project.go:90	projectUsage		fixed_human	stderr	translate_literal_preserve_arguments	pending	daemon_cli	fmt.Fprintln(os.Stderr, "  add <directory…>      keep existing directories in the session-start list")
cmd/clawdline/project.go:91	projectUsage		fixed_human	stderr	translate_literal_preserve_arguments	pending	daemon_cli	fmt.Fprintln(os.Stderr, "  remove <directory…>   forget directories without deleting them")
cmd/clawdline/project.go:92	projectUsage		fixed_human	stderr	translate_literal_preserve_arguments	pending	daemon_cli	fmt.Fprintln(os.Stderr, "  list                  show explicitly registered directories")
cmd/clawdline/project.go:93	projectUsage		fixed_human	stderr	translate_literal_preserve_arguments	pending	daemon_cli	fmt.Fprintln(os.Stderr, "  export                this machine's project settings (icons, names, untracked skills), as a file")
cmd/clawdline/project.go:94	projectUsage		fixed_human	stderr	translate_literal_preserve_arguments	pending	daemon_cli	fmt.Fprintln(os.Stderr, "  import <file>         mirror another machine's project settings here; it owns them from then on")
cmd/clawdline/project.go:95	projectUsage		fixed_human	stderr	translate_literal_preserve_arguments	pending	daemon_cli	fmt.Fprintln(os.Stderr, "  unify [directory]     show how Claude and Codex can share this Project's rules and skills; --apply does it")
cmd/clawdline/project.go:107	printProjectRegistry		machine_or_passthrough	stdout_or_writer	preserve_bytes	preserve	daemon_cli	fmt.Println(string(body))
cmd/clawdline/project.go:112	printProjectRegistry		layout_or_data	stdout_or_writer	preserve_values_and_layout	preserve	daemon_cli	fmt.Fprintf(w, "%s\t%s\n", time.Unix(row.AddedAt, 0).Format(time.RFC3339), row.Path)
cmd/clawdline/project_sync.go:40	daemonJSON		fixed_error_source	stderr_via_caller	translate_fixed_copy_preserve_error_arguments	pending	daemon_cli	return fmt.Errorf("the daemon did not answer: %w", err)
cmd/clawdline/project_sync.go:76	projectExport		machine_or_passthrough	stderr	stable_command_prefix_with_separately_owned_detail	preserve	daemon_cli	fmt.Fprintf(os.Stderr, "clawdline: %s: %v\n", p.Repo, err)
cmd/clawdline/project_sync.go:82	projectExport		fixed_human	stderr	translate_literal_preserve_arguments	pending	daemon_cli	fmt.Fprintf(os.Stderr, "skipped %s (%s): %s\n", s.Label, s.Path, s.Reason)
cmd/clawdline/project_sync.go:89	projectExport		machine_or_passthrough	stdout_or_writer	preserve_bytes	preserve	daemon_cli	fmt.Println(string(data))
cmd/clawdline/project_sync.go:95	projectExport		fixed_human	stderr	translate_literal_preserve_arguments	pending	daemon_cli	fmt.Fprintf(os.Stderr, "exported %d project(s) to %s\n", len(bundle.Projects), *out)
cmd/clawdline/project_sync.go:113	projectImport		fixed_error_source	stderr_via_caller	translate_fixed_copy_preserve_error_arguments	pending	daemon_cli	fail(fmt.Errorf("not a project bundle: %w", err))
cmd/clawdline/project_sync.go:116	projectImport		fixed_error_source	stderr_via_caller	translate_fixed_copy_preserve_error_arguments	pending	daemon_cli	fail(fmt.Errorf("the bundle has version %d; this build reads %d", bundle.Version, domain.Version))
cmd/clawdline/project_sync.go:125	projectImport		layout_or_data	stderr	preserve_values_and_layout	preserve	daemon_cli	fmt.Fprintf(os.Stderr, "%s: %v\n", p.Repo, err)
cmd/clawdline/project_sync.go:130	projectImport		fixed_human	stdout_or_writer	translate_literal_preserve_arguments	pending	daemon_cli	fmt.Printf("%-12s %s %s  written %d, deleted %d, kept %d\n", r.State, r.Repo, r.Path, len(r.Written), len(r.Deleted), len(r.Kept))
cmd/clawdline/project_sync.go:132	projectImport		fixed_human	stdout_or_writer	translate_literal_preserve_arguments	pending	daemon_cli	fmt.Printf("             kept %s (%s)\n", k.Path, k.Reason)
cmd/clawdline/project_unify.go:80	call		localized_human	cli_catalog	catalog_key_with_english_fallback	covered	daemon_cli	return 0, nil, fmt.Errorf(cliCopy("unify", "daemon_no_answer", "the daemon did not answer: %w"), err)
cmd/clawdline/project_unify.go:85	call		localized_human	cli_catalog	catalog_key_with_english_fallback	covered	daemon_cli	return 0, nil, fmt.Errorf(cliCopy("unify", "daemon_unreadable", "the daemon's answer could not be read: %w"), err)
cmd/clawdline/project_unify.go:92	refusalOf		fixed_error_source	stderr_via_caller	translate_fixed_copy_preserve_error_arguments	pending	daemon_cli	return fmt.Errorf("%s (%s)", refusal.humanDetail(currentCLILanguage()), refusal.Code)
cmd/clawdline/project_unify.go:94	refusalOf		localized_human	cli_catalog	catalog_key_with_english_fallback	covered	daemon_cli	return fmt.Errorf(cliCopy("unify", "daemon_answered_status", "the daemon answered %d"), status)
cmd/clawdline/project_unify.go:101	placeFor		localized_human	cli_catalog	catalog_key_with_english_fallback	covered	daemon_cli	return "", fmt.Errorf(cliCopy("unify", "not_git_repository", "%s is not inside a Git repository"), dir)
cmd/clawdline/project_unify.go:112	placeFor		localized_human	cli_catalog	catalog_key_with_english_fallback	covered	daemon_cli	return "", fmt.Errorf(cliCopy("unify", "project_list_unreadable", "the daemon's Project list was not readable: %w"), err)
cmd/clawdline/project_unify.go:119	placeFor		localized_human	cli_catalog	catalog_key_with_english_fallback	covered	daemon_cli	return "", fmt.Errorf(cliCopy("unify", "project_not_listed", "this machine does not list %s as a Project; run `clawdline project add %s` first"), want, want)
cmd/clawdline/project_unify.go:125	gitTopLevel		localized_human	cli_catalog	catalog_key_with_english_fallback	covered	daemon_cli	return "", fmt.Errorf(cliCopy("unify", "not_git_repository", "%s is not inside a Git repository"), dir)
cmd/clawdline/project_unify.go:132	projectUnifyCommand		localized_human	cli_catalog	catalog_key_with_english_fallback	covered	daemon_cli	apply := fs.Bool("apply", false, cliCopy("unify", "flag_apply", "apply the plan just printed"))
cmd/clawdline/project_unify.go:133	projectUnifyCommand		localized_human	cli_catalog	catalog_key_with_english_fallback	covered	daemon_cli	check := fs.Bool("check", false, cliCopy("unify", "flag_check", "print only the status and drift; exit 0 unified, 1 drifting, 3 unknown"))
cmd/clawdline/project_unify.go:134	projectUnifyCommand		localized_human	cli_catalog	catalog_key_with_english_fallback	covered	daemon_cli	asJSON := fs.Bool("json", false, cliCopy("unify", "flag_json", "print the daemon's answer"))
cmd/clawdline/project_unify.go:137	projectUnifyCommand		localized_human	stderr	catalog_key_with_english_fallback	covered	daemon_cli	fmt.Fprintln(os.Stderr, cliCopy("unify", "usage", "usage: clawdline project unify [--apply | --check] [--json] [directory]"))
cmd/clawdline/project_unify.go:149	projectUnifyCommand		machine_output	stderr	preserve_command_prefix_or_check_column	preserve	daemon_cli	fmt.Fprintln(os.Stderr, "clawdline:", err)
cmd/clawdline/project_unify.go:154	projectUnifyCommand		machine_output	stderr	preserve_command_prefix_or_check_column	preserve	daemon_cli	fmt.Fprintln(os.Stderr, "clawdline:", err)
cmd/clawdline/project_unify.go:163	runProjectUnify		machine_output	stderr	preserve_command_prefix_or_check_column	preserve	daemon_cli	fmt.Fprintln(stderr, "clawdline:", err)
cmd/clawdline/project_unify.go:169	runProjectUnify		machine_output	stderr	preserve_command_prefix_or_check_column	preserve	daemon_cli	fmt.Fprintln(stderr, "clawdline:", err)
cmd/clawdline/project_unify.go:173	runProjectUnify		machine_output	stderr	preserve_command_prefix_or_check_column	preserve	daemon_cli	fmt.Fprintln(stderr, "clawdline:", refusalOf(status, data))
cmd/clawdline/project_unify.go:178	runProjectUnify		localized_human	stderr	catalog_key_with_english_fallback	covered	daemon_cli	fmt.Fprintln(stderr, cliCopy("unify", "plan_unreadable", "clawdline: the plan was not readable:"), err)
cmd/clawdline/project_unify.go:184	runProjectUnify		machine_or_passthrough	stdout	preserve_bytes	preserve	daemon_cli	stdout.Write(indentJSON(data))
cmd/clawdline/project_unify.go:191	runProjectUnify		machine_or_passthrough	stdout	preserve_bytes	preserve	daemon_cli	stdout.Write(indentJSON(data))
cmd/clawdline/project_unify.go:201	runProjectUnify		localized_human	stderr	catalog_key_with_english_fallback	covered	daemon_cli	fmt.Fprintln(stderr, cliCopy("unify", "plan_part_unreadable", "clawdline: part of the plan could not be read, so nothing was applied."))
cmd/clawdline/project_unify.go:206	runProjectUnify		localized_human	stdout_or_writer	catalog_key_with_english_fallback	covered	daemon_cli	fmt.Fprintln(stdout, cliCopy("unify", "nothing_to_apply", "\nNothing to apply."))
cmd/clawdline/project_unify.go:208	runProjectUnify		machine_or_passthrough	stdout	preserve_bytes	preserve	daemon_cli	stdout.Write(indentJSON(data))
cmd/clawdline/project_unify.go:218	runProjectUnify		localized_human	stderr	catalog_key_with_english_fallback	covered	daemon_cli	fmt.Fprintln(stderr, "clawdline:", err, cliCopy("unify", "apply_unknown", "— whether it applied is unknown; run `clawdline project unify` to see."))
cmd/clawdline/project_unify.go:226	runProjectUnify		localized_human	stderr	catalog_key_with_english_fallback	covered	daemon_cli	fmt.Fprintln(stderr, cliCopy("unify", "answer_unreadable", "clawdline: the answer was not readable; run `clawdline project unify` to see what disk holds."))
cmd/clawdline/project_unify.go:231	runProjectUnify		localized_human	stderr	catalog_key_with_english_fallback	covered	daemon_cli	fmt.Fprintln(stderr, cliCopy("unify", "nothing_applied", "clawdline: nothing was applied:"), refusalOf(status, data))
cmd/clawdline/project_unify.go:235	runProjectUnify		machine_or_passthrough	stdout	preserve_bytes	preserve	daemon_cli	stdout.Write(indentJSON(data))
cmd/clawdline/project_unify.go:237	runProjectUnify		localized_human	stdout_or_writer	catalog_key_with_english_fallback	covered	daemon_cli	fmt.Fprintf(stdout, cliCopy("unify", "applied_count", "\nApplied %d of %d actions:\n"), len(out.Ran), len(plan.Actions))
cmd/clawdline/project_unify.go:239	runProjectUnify		layout_or_data	stdout_or_writer	preserve_values_and_layout	preserve	daemon_cli	fmt.Fprintf(stdout, "  %d. %s\n", i+1, unifyActionDescription(a))
cmd/clawdline/project_unify.go:242	runProjectUnify		localized_human	stdout_or_writer	catalog_key_with_english_fallback	covered	daemon_cli	fmt.Fprintf(stdout, cliCopy("unify", "stopped_at", "Stopped at: %s\n  %s (%s)\n"), unifyActionDescription(*out.Failed), out.Detail, out.Error)
cmd/clawdline/project_unify.go:244	runProjectUnify		localized_human	stdout_or_writer	catalog_key_with_english_fallback	covered	daemon_cli	fmt.Fprintln(stdout, cliCopy("unify", "nothing_committed", "Nothing was committed to git."))
cmd/clawdline/project_unify.go:245	runProjectUnify		layout_or_data	stdout_or_writer	blank_line_only	preserve	daemon_cli	fmt.Fprintln(stdout)
cmd/clawdline/project_unify.go:274	printUnifyCheck		machine_output	stdout_or_writer	preserve_command_prefix_or_check_column	preserve	daemon_cli	fmt.Fprintf(w, "status: %s\n", p.Status)
cmd/clawdline/project_unify.go:276	printUnifyCheck		machine_output	stdout_or_writer	preserve_command_prefix_or_check_column	preserve	daemon_cli	fmt.Fprintf(w, "drift: %s\n", a.Description)
cmd/clawdline/project_unify.go:279	printUnifyCheck		machine_output	stdout_or_writer	preserve_command_prefix_or_check_column	preserve	daemon_cli	fmt.Fprintf(w, "conflict: %s: %s\n", c.Path, c.Detail)
cmd/clawdline/project_unify.go:286	seenText		localized_human	cli_catalog	catalog_key_with_english_fallback	covered	daemon_cli	return cliCopy("unify", "seen_both", "Claude and Codex")
cmd/clawdline/project_unify.go:288	seenText		localized_human	cli_catalog	catalog_key_with_english_fallback	covered	daemon_cli	return cliCopy("unify", "seen_claude", "Claude only")
cmd/clawdline/project_unify.go:290	seenText		localized_human	cli_catalog	catalog_key_with_english_fallback	covered	daemon_cli	return cliCopy("unify", "seen_codex", "Codex only")
cmd/clawdline/project_unify.go:292	seenText		localized_human	cli_catalog	catalog_key_with_english_fallback	covered	daemon_cli	return cliCopy("unify", "seen_neither", "neither")
cmd/clawdline/project_unify.go:298	unifyStatusText		localized_human	cli_catalog	catalog_key_with_english_fallback	covered	daemon_cli	return cliCopy("unify", "status_unified", "unified")
cmd/clawdline/project_unify.go:300	unifyStatusText		localized_human	cli_catalog	catalog_key_with_english_fallback	covered	daemon_cli	return cliCopy("unify", "status_drifting", "drifting")
cmd/clawdline/project_unify.go:302	unifyStatusText		localized_human	cli_catalog	catalog_key_with_english_fallback	covered	daemon_cli	return cliCopy("unify", "status_unknown", "unknown")
cmd/clawdline/project_unify.go:310	unifyPlaceText		localized_human	cli_catalog	catalog_key_with_english_fallback	covered	daemon_cli	return cliCopy("unify", "place_agents", "agents")
cmd/clawdline/project_unify.go:312	unifyPlaceText		localized_human	cli_catalog	catalog_key_with_english_fallback	covered	daemon_cli	return cliCopy("unify", "place_claude", "claude")
cmd/clawdline/project_unify.go:314	unifyPlaceText		localized_human	cli_catalog	catalog_key_with_english_fallback	covered	daemon_cli	return cliCopy("unify", "place_both_same", "both, same")
cmd/clawdline/project_unify.go:316	unifyPlaceText		localized_human	cli_catalog	catalog_key_with_english_fallback	covered	daemon_cli	return cliCopy("unify", "place_both_different", "both, different")
cmd/clawdline/project_unify.go:323	listText		localized_human	cli_catalog	catalog_key_with_english_fallback	covered	daemon_cli	return cliCopy("unify", "list_nothing", "nothing")
cmd/clawdline/project_unify.go:329	printUnifyPlan		localized_human	stdout_or_writer	catalog_key_with_english_fallback	covered	daemon_cli	fmt.Fprintf(w, cliCopy("unify", "plan_header", "Project: %s\nStatus: %s\n\n"), dir, unifyStatusText(p.Status))
cmd/clawdline/project_unify.go:330	printUnifyPlan		localized_human	stdout_or_writer	catalog_key_with_english_fallback	covered	daemon_cli	fmt.Fprintln(w, cliCopy("unify", "rules", "Rules"))
cmd/clawdline/project_unify.go:332	printUnifyPlan		localized_human	stdout_or_writer	catalog_key_with_english_fallback	covered	daemon_cli	fmt.Fprintf(t, cliCopy("unify", "claude_reads_now", "  Claude reads now:\t%s\n"), listText(p.Rules.Now.Claude))
cmd/clawdline/project_unify.go:333	printUnifyPlan		localized_human	stdout_or_writer	catalog_key_with_english_fallback	covered	daemon_cli	fmt.Fprintf(t, cliCopy("unify", "claude_will_read", "  Claude will read:\t%s\n"), listText(p.Rules.After.Claude))
cmd/clawdline/project_unify.go:334	printUnifyPlan		localized_human	stdout_or_writer	catalog_key_with_english_fallback	covered	daemon_cli	fmt.Fprintf(t, cliCopy("unify", "codex_reads_now", "  Codex reads now:\t%s\n"), listText(p.Rules.Now.Codex))
cmd/clawdline/project_unify.go:335	printUnifyPlan		localized_human	stdout_or_writer	catalog_key_with_english_fallback	covered	daemon_cli	fmt.Fprintf(t, cliCopy("unify", "codex_will_read", "  Codex will read:\t%s\n"), listText(p.Rules.After.Codex))
cmd/clawdline/project_unify.go:338	printUnifyPlan		localized_human	stdout_or_writer	catalog_key_with_english_fallback	covered	daemon_cli	fmt.Fprintln(w, cliCopy("unify", "claude_only_lines", "  Lines in CLAUDE.md that Codex does not see:"))
cmd/clawdline/project_unify.go:340	printUnifyPlan		layout_or_data	stdout_or_writer	preserve_values_and_layout	preserve	daemon_cli	fmt.Fprintf(w, "    | %s\n", line)
cmd/clawdline/project_unify.go:344	printUnifyPlan		localized_human	stdout_or_writer	catalog_key_with_english_fallback	covered	daemon_cli	fmt.Fprintf(w, cliCopy("unify", "claude_only_files", "  Read by Claude only, never changed here: %s\n"), strings.Join(p.Rules.ClaudeOnlyFiles, ", "))
cmd/clawdline/project_unify.go:346	printUnifyPlan		layout_or_data	stdout_or_writer	blank_line_only	preserve	daemon_cli	fmt.Fprintln(w)
cmd/clawdline/project_unify.go:347	printUnifyPlan		localized_human	stdout_or_writer	catalog_key_with_english_fallback	covered	daemon_cli	fmt.Fprintln(w, cliCopy("unify", "skills", "Skills"))
cmd/clawdline/project_unify.go:349	printUnifyPlan		localized_human	stdout_or_writer	catalog_key_with_english_fallback	covered	daemon_cli	fmt.Fprintln(w, cliCopy("unify", "skills_none", "  none in .agents/skills or .claude/skills"))
cmd/clawdline/project_unify.go:352	printUnifyPlan		localized_human	stdout_or_writer	catalog_key_with_english_fallback	covered	daemon_cli	fmt.Fprintln(t, cliCopy("unify", "skills_header", "  NAME\tSEEN NOW BY\tWILL BE SEEN BY\tWHERE"))
cmd/clawdline/project_unify.go:356	printUnifyPlan		localized_human	cli_catalog	catalog_key_with_english_fallback	covered	daemon_cli	where += cliCopy("unify", "linked", ", linked")
cmd/clawdline/project_unify.go:359	printUnifyPlan		localized_human	cli_catalog	catalog_key_with_english_fallback	covered	daemon_cli	where += cliCopy("unify", "copies", ", copies")
cmd/clawdline/project_unify.go:361	printUnifyPlan		layout_or_data	stdout_or_writer	preserve_values_and_layout	preserve	daemon_cli	fmt.Fprintf(t, "  %s\t%s\t%s\t%s\n", s.Name, seenText(s.Now), seenText(s.After), where)
cmd/clawdline/project_unify.go:365	printUnifyPlan		layout_or_data	stdout_or_writer	blank_line_only	preserve	daemon_cli	fmt.Fprintln(w)
cmd/clawdline/project_unify.go:367	printUnifyPlan		localized_human	stdout_or_writer	catalog_key_with_english_fallback	covered	daemon_cli	fmt.Fprintln(w, cliCopy("unify", "actions_none", "Actions: none"))
cmd/clawdline/project_unify.go:369	printUnifyPlan		localized_human	stdout_or_writer	catalog_key_with_english_fallback	covered	daemon_cli	fmt.Fprintln(w, cliCopy("unify", "actions_order", "Actions, in order"))
cmd/clawdline/project_unify.go:371	printUnifyPlan		layout_or_data	stdout_or_writer	preserve_values_and_layout	preserve	daemon_cli	fmt.Fprintf(w, "  %d. %s\n", i+1, unifyActionDescription(a))
cmd/clawdline/project_unify.go:375	printUnifyPlan		localized_human	stdout_or_writer	catalog_key_with_english_fallback	covered	daemon_cli	fmt.Fprintln(w, cliCopy("unify", "conflicts_heading", "\nFor you to resolve (unify does not change these)"))
cmd/clawdline/project_unify.go:377	printUnifyPlan		layout_or_data	stdout_or_writer	preserve_values_and_layout	preserve	daemon_cli	fmt.Fprintf(w, "  - %s: %s\n", c.Path, unifyConflictDescription(c))
cmd/clawdline/project_unify.go:381	printUnifyPlan		localized_human	stdout_or_writer	catalog_key_with_english_fallback	covered	daemon_cli	fmt.Fprintf(w, cliCopy("unify", "apply_hint", "\nNothing has been changed. `clawdline project unify --apply` performs the %d actions above.\n"), len(p.Actions))
cmd/clawdline/project_unify.go:438	unifyActionDescription		localized_human	cli_catalog	catalog_key_with_english_fallback	covered	daemon_cli	return fmt.Sprintf(cliCopy("unify", key, english), args...)
cmd/clawdline/project_unify.go:447	unifyConflictDescription		localized_human	cli_catalog	catalog_key_with_english_fallback	covered	daemon_cli	return cliCopy("unify", key, english)
cmd/clawdline/project_unify.go:460	unifyConflictDescription		localized_human	cli_catalog	catalog_key_with_english_fallback	covered	daemon_cli	return fmt.Sprintf(cliCopy("unify", key, english), value)
cmd/clawdline/project_unify.go:518	unifyConflictDescription		localized_human	cli_catalog	catalog_key_with_english_fallback	covered	daemon_cli	return fmt.Sprintf(cliCopy("unify", "conflict_skill_link_elsewhere", "This skill is a link to %s, not to %s; unify does not follow or change it."), value, other)
cmd/clawdline/project_unify.go:524	unifyConflictDescription		localized_human	cli_catalog	catalog_key_with_english_fallback	covered	daemon_cli	return fmt.Sprintf(cliCopy("unify", "conflict_skill_differs", "This skill differs from %s; keep one version in %s and remove the other."), other, other)
cmd/clawdline/relay.go:22	readCommand		fixed_human	stderr	translate_literal_preserve_arguments	pending	daemon_cli	fmt.Fprintf(os.Stderr, "usage: clawdline %s [--port n]\n", name)
cmd/clawdline/relay.go:44	landingsCommand		fixed_human	stderr	translate_literal_preserve_arguments	pending	daemon_cli	fmt.Fprintln(os.Stderr, "usage: clawdline landings [--work-id id] [--port n]")
cmd/clawdline/relay.go:88	sendCommand		fixed_error_source	stderr_via_caller	translate_fixed_copy_preserve_error_arguments	pending	daemon_cli	fail(fmt.Errorf("the message on stdin is larger than %d bytes, the most the daemon reads", relayInputLimit))
cmd/clawdline/relay.go:100	sendUsage		fixed_human	stderr	translate_literal_preserve_arguments	pending	daemon_cli	fmt.Fprintln(os.Stderr, "usage: clawdline send --to <terminal id> [--from id] [--key k] [--port n] [text…]")
cmd/clawdline/relay.go:101	sendUsage		fixed_human	stderr	translate_literal_preserve_arguments	pending	daemon_cli	fmt.Fprintln(os.Stderr, "  relays text into another session's composer; with no text arguments it is read from stdin")
cmd/clawdline/relay.go:108	relayMessage		fixed_human	stderr	translate_literal_preserve_arguments	pending	daemon_cli	fmt.Fprintln(stderr, "clawdline send: --to is required: the recipient's terminal id")
cmd/clawdline/relay.go:112	relayMessage		fixed_human	stderr	translate_literal_preserve_arguments	pending	daemon_cli	fmt.Fprintln(stderr, "clawdline send: there is no text to send")
cmd/clawdline/relay.go:118	relayMessage		fixed_human	stderr	translate_literal_preserve_arguments	pending	daemon_cli	fmt.Fprintf(stderr, "clawdline send: %s Nothing was sent.\n", conversationRefusal(err, "--from"))
cmd/clawdline/relay.go:123	relayMessage		fixed_human	stderr	translate_literal_preserve_arguments	pending	daemon_cli	fmt.Fprintf(stderr, "clawdline send: cannot tell who is sending: none of %s is set. Pass --from.\n",
cmd/clawdline/relay.go:132	relayMessage		machine_output	stderr	stable_prefix_or_value	preserve	daemon_cli	fmt.Fprintf(stderr, "Idempotency-Key: %s\n", key)
cmd/clawdline/relay.go:136	relayMessage		machine_or_passthrough	stderr	stable_command_prefix_with_separately_owned_detail	preserve	daemon_cli	fmt.Fprintln(stderr, "clawdline send:", err)
cmd/clawdline/relay.go:137	relayMessage		fixed_human	stderr	translate_literal_preserve_arguments	pending	daemon_cli	fmt.Fprintf(stderr, "To retry the same message: clawdline send --key %s …\n", key)
cmd/clawdline/relay.go:153	notifyCommand		fixed_human	stderr	translate_literal_preserve_arguments	pending	daemon_cli	fmt.Fprintln(os.Stderr, "usage: clawdline notify --title <1–80 characters> --body <1–500 characters> [--session terminal] [--port n]")
cmd/clawdline/report.go:29	reportUsage		fixed_human	stderr	translate_literal_preserve_arguments	pending	daemon_cli	fmt.Fprintln(stderr, "usage: clawdline report --status <file> [--repo dir] [--notes file] [--exclude path]… [--pin path]… [--at rev] [--lang en|zh-TW] [--out file|dir] [--open] <commit>…")
cmd/clawdline/report.go:30	reportUsage		fixed_human	stderr	translate_literal_preserve_arguments	pending	daemon_cli	fmt.Fprintln(stderr, "  commits are this turn's own, oldest first; each is read on its own, so other Sessions' commits between them stay out")
cmd/clawdline/report.go:31	reportUsage		fixed_human	stderr	translate_literal_preserve_arguments	pending	daemon_cli	fmt.Fprintln(stderr, "  --status: a Markdown file, optional \"# title\", then one \"## \" heading and text per card")
cmd/clawdline/report.go:32	reportUsage		fixed_human	stderr	translate_literal_preserve_arguments	pending	daemon_cli	fmt.Fprintln(stderr, "  --notes: one `path: sentence` per line, shown above that file")
cmd/clawdline/report.go:33	reportUsage		fixed_human	stderr	translate_literal_preserve_arguments	pending	daemon_cli	fmt.Fprintln(stderr, "  --out: default <state dir>/reports/<date>-<id>/report.html, outside every repository, which this machine's daemon also answers at http://127.0.0.1")
cmd/clawdline/report.go:34	reportUsage		fixed_human	stderr	translate_literal_preserve_arguments	pending	daemon_cli	fmt.Fprintln(stderr, "  prints the file:// address, then, for a report kept in the state directory, the daemon's http:// address")
cmd/clawdline/report.go:63	runReport		machine_or_passthrough	stderr	stable_command_prefix_with_separately_owned_detail	preserve	daemon_cli	fmt.Fprintln(stderr, "clawdline report:", err)
cmd/clawdline/report.go:68	runReport		machine_or_passthrough	stderr	stable_command_prefix_with_separately_owned_detail	preserve	daemon_cli	fmt.Fprintf(stderr, "clawdline report: %s: %v\n", *statusFile, err)
cmd/clawdline/report.go:75	runReport		machine_or_passthrough	stderr	stable_command_prefix_with_separately_owned_detail	preserve	daemon_cli	fmt.Fprintln(stderr, "clawdline report:", err)
cmd/clawdline/report.go:79	runReport		machine_or_passthrough	stderr	stable_command_prefix_with_separately_owned_detail	preserve	daemon_cli	fmt.Fprintf(stderr, "clawdline report: %s: %v\n", *notesFile, err)
cmd/clawdline/report.go:89	runReport		machine_or_passthrough	stderr	stable_command_prefix_with_separately_owned_detail	preserve	daemon_cli	fmt.Fprintln(stderr, "clawdline report:", err)
cmd/clawdline/report.go:96	runReport		machine_or_passthrough	stderr	stable_command_prefix_with_separately_owned_detail	preserve	daemon_cli	fmt.Fprintln(stderr, "clawdline report:", err)
cmd/clawdline/report.go:101	runReport		machine_or_passthrough	stderr	stable_command_prefix_with_separately_owned_detail	preserve	daemon_cli	fmt.Fprintln(stderr, "clawdline report:", err)
cmd/clawdline/report.go:105	runReport		machine_or_passthrough	stderr	stable_command_prefix_with_separately_owned_detail	preserve	daemon_cli	fmt.Fprintln(stderr, "clawdline report:", err)
cmd/clawdline/report.go:110	runReport		fixed_human	stderr	translate_literal_preserve_arguments	pending	daemon_cli	fmt.Fprintf(stderr, "clawdline report: a note names %s, which this turn's commits do not touch\n", p)
cmd/clawdline/report.go:114	runReport		fixed_human	stderr	translate_literal_preserve_arguments	pending	daemon_cli	fmt.Fprintf(stderr, "clawdline report: not listed or shortened: %s (%s)\n", o.Path, o.Reason)
cmd/clawdline/report.go:117	runReport		fixed_human	stderr	translate_literal_preserve_arguments	pending	daemon_cli	fmt.Fprintf(stderr, "clawdline report: %s is inside %s; keep it out of a commit\n", dest, c.Root)
cmd/clawdline/report.go:119	runReport		fixed_human	stderr	translate_literal_preserve_arguments	pending	daemon_cli	fmt.Fprintf(stderr, "clawdline report: %d files from %d commits, %.1f MB\n", len(c.Files), len(c.Order), float64(len(page))/1e6)
cmd/clawdline/report.go:123	runReport		machine_or_passthrough	stderr	stable_command_prefix_with_separately_owned_detail	preserve	daemon_cli	fmt.Fprintf(stderr, "clawdline report: could not open it (%v); open the address below\n", err)
cmd/clawdline/report.go:126	runReport		machine_or_passthrough	stdout_or_writer	preserve_bytes	preserve	daemon_cli	fmt.Fprintln(stdout, link)
cmd/clawdline/report.go:128	runReport		fixed_human	stderr	translate_literal_preserve_arguments	pending	daemon_cli	fmt.Fprintln(stderr, "clawdline report: written outside the state directory, so the daemon does not answer it; there is no http address")
cmd/clawdline/report.go:133	runReport		machine_or_passthrough	stderr	stable_command_prefix_with_separately_owned_detail	preserve	daemon_cli	fmt.Fprintln(stderr, "clawdline report:", err)
cmd/clawdline/report.go:136	runReport		machine_output	stdout_or_writer	preserve_local_report_url	preserve	daemon_cli	fmt.Fprintf(stdout, "http://127.0.0.1:%d/reports/%s\n", port, id)
cmd/clawdline/session.go:56	sessionUsage		fixed_human	stderr	translate_literal_preserve_arguments	pending	daemon_cli	fmt.Fprintln(os.Stderr, "usage: clawdline session report --summary <sentence> [--conversation id | --terminal id] [--port n]")
cmd/clawdline/session.go:57	sessionUsage		fixed_human	stderr	translate_literal_preserve_arguments	pending	daemon_cli	fmt.Fprintln(os.Stderr, "  records this session's finished turn: delivered, awaiting approval")
cmd/clawdline/session.go:58	sessionUsage		fixed_human	stderr	translate_literal_preserve_arguments	pending	daemon_cli	fmt.Fprintln(os.Stderr, "usage: clawdline session close [--dry-run] [--conversation id] [--terminal id] [--port n]")
cmd/clawdline/session.go:59	sessionUsage		fixed_human	stderr	translate_literal_preserve_arguments	pending	daemon_cli	fmt.Fprintln(os.Stderr, "  audits what this session (or a Feature Root its Epic opened) still owes, and closes it only when nothing is")
cmd/clawdline/session.go:70	reportSession		fixed_human	stderr	translate_literal_preserve_arguments	pending	daemon_cli	fmt.Fprintln(stderr, "clawdline session report: --summary is required: one concrete sentence about what was delivered")
cmd/clawdline/session.go:78	reportSession		fixed_human	stderr	translate_literal_preserve_arguments	pending	daemon_cli	fmt.Fprintf(stderr, "clawdline session report: %s Nothing was reported.\n", conversationRefusal(err, "--conversation"))
cmd/clawdline/session.go:84	reportSession		fixed_human	stderr	translate_literal_preserve_arguments	pending	daemon_cli	fmt.Fprintf(stderr, "clawdline session report: cannot tell which conversation this is: none of %s is set. "+
cmd/clawdline/session.go:92	reportSession		machine_or_passthrough	stderr	stable_command_prefix_with_separately_owned_detail	preserve	daemon_cli	fmt.Fprintln(stderr, "clawdline session report:", err)
cmd/clawdline/session.go:102	reportSession		fixed_human	stderr	translate_literal_preserve_arguments	pending	daemon_cli	fmt.Fprintln(stderr, "clawdline session report: whoami answered without a terminal id. Nothing was reported.")
cmd/clawdline/session.go:111	reportSession		machine_or_passthrough	stderr	stable_command_prefix_with_separately_owned_detail	preserve	daemon_cli	fmt.Fprintln(stderr, "clawdline session report:", err)
cmd/clawdline/session.go:135	remindUnacknowledgedCompletions		human_composed	stderr	inspect_source	pending	daemon_cli	fmt.Fprintln(stderr, unknown)
cmd/clawdline/session.go:150	remindUnacknowledgedCompletions		human_composed	stderr	inspect_source	pending	daemon_cli	fmt.Fprintln(stderr, unknown)
cmd/clawdline/session.go:160	remindUnacknowledgedCompletions		human_composed	stderr	inspect_source	pending	daemon_cli	fmt.Fprintln(stderr, len(answer.Completions), phrase)
cmd/clawdline/session.go:162	remindUnacknowledgedCompletions		fixed_human	stderr	translate_literal_preserve_arguments	pending	daemon_cli	fmt.Fprintf(stderr, "  %s  %s (%s; notice %s)\n", c.TaskID, c.Title, c.State, c.NoticeState)
cmd/clawdline/session.go:163	remindUnacknowledgedCompletions		fixed_human	stderr	translate_literal_preserve_arguments	pending	daemon_cli	fmt.Fprintf(stderr, "    then: clawdline task show %s (reading it closes the notice)\n", c.TaskID)
cmd/clawdline/session.go:183	remindOpenTodos		fixed_human	stderr	translate_literal_preserve_arguments	pending	daemon_cli	fmt.Fprintln(stderr, "The to-dos sent to this Session could not be read, so whether any are still open is unknown.")
cmd/clawdline/session.go:197	remindOpenTodos		human_composed	stderr	inspect_source	pending	daemon_cli	fmt.Fprintln(stderr, count, phrase)
cmd/clawdline/session.go:199	remindOpenTodos		layout_or_data	stderr	preserve_values_and_layout	preserve	daemon_cli	fmt.Fprintf(stderr, "  %s  %s\n", td.ID, td.Text)
cmd/clawdline/session.go:201	remindOpenTodos		fixed_human	stderr	translate_literal_preserve_arguments	pending	daemon_cli	fmt.Fprintln(stderr, "Complete each finished one with: clawdline todo done <id>")
cmd/clawdline/session.go:304	closeSession		fixed_human	stderr	translate_literal_preserve_arguments	pending	daemon_cli	fmt.Fprintf(stderr, "clawdline session close: %s Nothing was closed.\n", conversationRefusal(err, "--conversation"))
cmd/clawdline/session.go:309	closeSession		fixed_human	stderr	translate_literal_preserve_arguments	pending	daemon_cli	fmt.Fprintf(stderr, "clawdline session close: cannot tell which conversation this is: none of %s is set. "+
cmd/clawdline/session.go:318	closeSession		machine_or_passthrough	stderr	stable_command_prefix_with_separately_owned_detail	preserve	daemon_cli	fmt.Fprintln(stderr, "clawdline session close:", err)
cmd/clawdline/session.go:328	closeSession		fixed_human	stderr	translate_literal_preserve_arguments	pending	daemon_cli	fmt.Fprintln(stderr, "clawdline session close: whoami answered without a terminal id. Nothing was closed.")
cmd/clawdline/session.go:336	closeSession		machine_or_passthrough	stderr	stable_command_prefix_with_separately_owned_detail	preserve	daemon_cli	fmt.Fprintln(stderr, "clawdline session close:", err)
cmd/clawdline/session.go:344	closeSession		fixed_human	stderr	translate_literal_preserve_arguments	pending	daemon_cli	fmt.Fprintln(stderr, "clawdline session close: the closeability answer could not be read. Nothing was closed.")
cmd/clawdline/session.go:350	closeSession		fixed_human	stdout_or_writer	translate_literal_preserve_arguments	pending	daemon_cli	fmt.Fprintf(stdout, "%s: the only thing left is this turn; a real run would schedule the close for when "+
cmd/clawdline/session.go:355	closeSession		fixed_human	stderr	translate_literal_preserve_arguments	pending	daemon_cli	fmt.Fprintf(stderr, "clawdline session close: %s is %s; nothing was closed.\n", terminal, audit.State)
cmd/clawdline/session.go:359	closeSession		fixed_human	stdout_or_writer	translate_literal_preserve_arguments	pending	daemon_cli	fmt.Fprintf(stdout, "%s is safe to close (dry run: nothing was closed).\n", terminal)
cmd/clawdline/session.go:366	closeSession		machine_or_passthrough	stderr	stable_command_prefix_with_separately_owned_detail	preserve	daemon_cli	fmt.Fprintln(stderr, "clawdline session close:", err)
cmd/clawdline/session.go:370	closeSession		fixed_human	stdout_or_writer	translate_literal_preserve_arguments	pending	daemon_cli	fmt.Fprintf(stdout, "%s: close scheduled. It is carried out when this turn ends, if nothing else is owed by "+
cmd/clawdline/session.go:393	printCloseAudit		fixed_human	stdout_or_writer	translate_literal_preserve_arguments	pending	daemon_cli	fmt.Fprintf(w, "%s: %s (closing as %s)\n", audit.TerminalID, audit.State, audit.Authority)
cmd/clawdline/session.go:408	printCloseAudit		fixed_human	stdout_or_writer	translate_literal_preserve_arguments	pending	daemon_cli	fmt.Fprintf(w, "  %s (%s)%s — moved by %s\n", r.Code, r.Kind, subject, mover)
cmd/clawdline/sessions.go:25	sessionsCommand		fixed_human	stderr	translate_literal_preserve_arguments	pending	daemon_cli	fmt.Fprintln(os.Stderr, "usage: clawdline sessions [--json] [--port n]")
cmd/clawdline/sessions.go:39	sessionsRun		machine_or_passthrough	stderr	preserve_error_and_command_name	preserve	daemon_cli	fmt.Fprintf(stderr, "clawdline %s: %v\n", name, err)
cmd/clawdline/sessions.go:49	sessionsRun		fixed_human	stderr	translate_literal_preserve_arguments	pending	daemon_cli	fmt.Fprintf(stderr, "clawdline %s: the daemon's answer is not a session list; the sessions are unknown: %s\n",
cmd/clawdline/sessions.go:57	sessionsRun		fixed_human	stdout_or_writer	translate_literal_preserve_arguments	pending	daemon_cli	fmt.Fprintln(stdout, "No Session is open.")
cmd/clawdline/sessions.go:61	sessionsRun		fixed_human	stdout_or_writer	translate_literal_preserve_arguments	pending	daemon_cli	fmt.Fprintln(tw, "TERMINAL\tASSISTANT\tSTATE\tWORK\tTASK\tLABEL\tCWD")
cmd/clawdline/sessions.go:63	sessionsRun		layout_or_data	stdout_or_writer	preserve_values_and_layout	preserve	daemon_cli	fmt.Fprintf(tw, "%s\t%s\t%s\t%s\t%s\t%s\t%s\n", s.ID, dash(string(s.Assistant)), dash(string(s.State)),
cmd/clawdline/setting.go:67	showSettingBool		localized_human	cli_catalog	catalog_key_with_english_fallback	covered	daemon_cli	return cliCopy("core", "setting.compaction_off", "off (Claude Code compacts near its own window)")
cmd/clawdline/setting.go:69	showSettingBool		localized_human	cli_catalog	catalog_key_with_english_fallback	covered	daemon_cli	return fmt.Sprintf(cliCopy("core", "setting.tokens", "%d tokens"), *n)
cmd/clawdline/setting.go:115	modelSetting		localized_human	cli_catalog	catalog_key_with_english_fallback	covered	daemon_cli	return fmt.Sprintf(cliCopy("core", "setting.model_default", "%s default"), assistant)
cmd/clawdline/setting.go:140	daemonSettings		localized_human	cli_catalog	catalog_key_with_english_fallback	covered	daemon_cli	return 0, nil, fmt.Errorf(cliCopy("core", "setting.daemon_unreachable", "the daemon did not answer: %w"), err)
cmd/clawdline/setting.go:148	settingUsage		localized_human	stderr	catalog_key_with_english_fallback	covered	daemon_cli	fmt.Fprintln(stderr, cliCopy("core", "setting.usage", "usage: clawdline setting get <key> | clawdline setting set <key> <value>"))
cmd/clawdline/setting.go:150	settingUsage		layout_or_data	stderr	preserve_values_and_layout	preserve	daemon_cli	fmt.Fprintf(stderr, "  %s: %s\n", key, settingTakes(key, k.takes))
cmd/clawdline/setting.go:158	settingTakes		localized_human	cli_catalog	catalog_key_with_english_fallback	covered	daemon_cli	return cliCopy("core", "setting.takes_model", english)
cmd/clawdline/setting.go:160	settingTakes		localized_human	cli_catalog	catalog_key_with_english_fallback	covered	daemon_cli	return cliCopy("core", "setting.takes_tokens", english)
cmd/clawdline/setting.go:162	settingTakes		localized_human	cli_catalog	catalog_key_with_english_fallback	covered	daemon_cli	return cliCopy("core", "setting.takes_bool", english)
cmd/clawdline/setting.go:164	settingTakes		localized_human	cli_catalog	catalog_key_with_english_fallback	covered	daemon_cli	return cliCopy("core", "setting.takes_language", english)
cmd/clawdline/setting.go:177	runSetting		localized_human	stderr	catalog_key_with_english_fallback	covered	daemon_cli	fmt.Fprintf(stderr, cliCopy("core", "setting.invalid_key", "clawdline setting: %q is not a key this command sets\n"), key)
cmd/clawdline/setting.go:186	runSetting		localized_human	stderr	catalog_key_with_english_fallback	covered	daemon_cli	fmt.Fprintf(stderr, cliCopy("core", "setting.invalid_value", "clawdline setting: %s is %s, not %q\n"), key, settingTakes(key, k.takes), args[2])
cmd/clawdline/setting.go:199	runSetting		machine_or_passthrough	stderr	stable_command_prefix_with_separately_owned_detail	preserve	daemon_cli	fmt.Fprintln(stderr, "clawdline setting:", err)
cmd/clawdline/setting.go:206	runSetting		localized_human	stderr	catalog_key_with_english_fallback	covered	daemon_cli	fmt.Fprintf(stderr, cliCopy("core", "setting.refused", "clawdline setting: refused, %d %s: %s\n"), status, refusal.Code, refusal.humanDetail(currentCLILanguage()))
cmd/clawdline/setting.go:208	runSetting		localized_human	stderr	catalog_key_with_english_fallback	covered	daemon_cli	fmt.Fprintf(stderr, cliCopy("core", "setting.daemon_answered", "clawdline setting: the daemon answered %d: %s\n"), status, strings.TrimSpace(string(data)))
cmd/clawdline/setting.go:214	runSetting		localized_human	stderr	catalog_key_with_english_fallback	covered	daemon_cli	fmt.Fprintln(stderr, cliCopy("core", "setting.invalid_response", "clawdline setting: the daemon's answer was not the settings"))
cmd/clawdline/setting.go:217	runSetting		layout_or_data	stdout_or_writer	preserve_values_and_layout	preserve	daemon_cli	fmt.Fprintf(stdout, "%s: %s\n", key, k.show(snapshot[key]))
cmd/clawdline/skill.go:45	printGuide		human_composed	stderr	inspect_source	pending	daemon_cli	fmt.Fprintln(stderr, usage)
cmd/clawdline/skill.go:51	printGuide		guide_copy	stdout_or_writer	owned_by_guide_catalog	preserve	daemon_cli	fmt.Fprint(stdout, orchestrator.ChildGuide())
cmd/clawdline/skill.go:54	printGuide		human_composed	stderr	inspect_source	pending	daemon_cli	fmt.Fprintln(stderr, usage)
cmd/clawdline/skill.go:58	printGuide		machine_or_passthrough	stdout_or_writer	preserve_bytes	preserve	daemon_cli	fmt.Fprintln(stdout, t)
cmd/clawdline/skill.go:63	printGuide		machine_or_passthrough	stdout_or_writer	preserve_bytes	preserve	daemon_cli	fmt.Fprintln(stdout, name)
cmd/clawdline/skill.go:69	printGuide		human_composed	stderr	inspect_source	pending	daemon_cli	fmt.Fprintln(stderr, usage)
cmd/clawdline/skill.go:81	printGuide		human_composed	stderr	inspect_source	pending	daemon_cli	fmt.Fprintln(stderr, usage)
cmd/clawdline/skill.go:107	printGuide		machine_or_passthrough	stderr	stable_command_prefix_with_separately_owned_detail	preserve	daemon_cli	fmt.Fprintln(stderr, "clawdline guide:", err)
cmd/clawdline/skill.go:114	printGuide		fixed_human	stdout_or_writer	translate_literal_preserve_arguments	pending	daemon_cli	fmt.Fprintf(stdout, "unchanged %s\n", hash)
cmd/clawdline/skill.go:117	printGuide		machine_output	stdout_or_writer	stable_prefix_or_value	preserve	daemon_cli	fmt.Fprintf(stdout, "guide-version: %s\n", hash)
cmd/clawdline/skill.go:118	printGuide		guide_copy	stdout	owned_by_guide_catalog	preserve	daemon_cli	_, _ = stdout.Write(text)
cmd/clawdline/skill.go:140	skillCommand		fixed_error_source	stderr_via_caller	translate_fixed_copy_preserve_error_arguments	pending	daemon_cli	fail(fmt.Errorf("no home directory: %w", err))
cmd/clawdline/skill.go:154	skillUsage		fixed_human	stderr	translate_literal_preserve_arguments	pending	daemon_cli	fmt.Fprintln(os.Stderr, "usage: clawdline skill <install|uninstall>")
cmd/clawdline/skill.go:155	skillUsage		fixed_human	stderr	translate_literal_preserve_arguments	pending	daemon_cli	fmt.Fprintln(os.Stderr, "  install     write this build's stub to ~/.claude/skills/clawdline/SKILL.md, recording what was there")
cmd/clawdline/skill.go:156	skillUsage		fixed_human	stderr	translate_literal_preserve_arguments	pending	daemon_cli	fmt.Fprintln(os.Stderr, "  uninstall   put back what install recorded")
cmd/clawdline/skill.go:163	installSkill		machine_or_passthrough	stderr	stable_command_prefix_with_separately_owned_detail	preserve	daemon_cli	fmt.Fprintln(stderr, "clawdline skill install:", err)
cmd/clawdline/skill.go:168	installSkill		fixed_human	stdout_or_writer	translate_literal_preserve_arguments	pending	daemon_cli	fmt.Fprintf(stdout, "Already installed: %s is this build's stub. Nothing was changed.\n", done.Path)
cmd/clawdline/skill.go:171	installSkill		fixed_human	stdout_or_writer	translate_literal_preserve_arguments	pending	daemon_cli	fmt.Fprintf(stdout, "Updated %s to this build's stub.\n", done.Path)
cmd/clawdline/skill.go:173	installSkill		fixed_human	stdout_or_writer	translate_literal_preserve_arguments	pending	daemon_cli	fmt.Fprintf(stdout, "Installed this build's stub at %s.\n", done.Path)
cmd/clawdline/skill.go:175	installSkill		fixed_human	stdout_or_writer	translate_literal_preserve_arguments	pending	daemon_cli	fmt.Fprintf(stdout, "What was there before: %s. Recorded in %s.\n", describePrevious(done.Previous), done.RecordPath)
cmd/clawdline/skill.go:176	installSkill		fixed_human	stdout_or_writer	translate_literal_preserve_arguments	pending	daemon_cli	fmt.Fprintln(stdout, "`clawdline skill uninstall` puts it back. Sessions started from now on load the new stub.")
cmd/clawdline/skill.go:183	uninstallSkill		machine_or_passthrough	stderr	stable_command_prefix_with_separately_owned_detail	preserve	daemon_cli	fmt.Fprintln(stderr, "clawdline skill uninstall:", err)
cmd/clawdline/skill.go:187	uninstallSkill		fixed_human	stdout_or_writer	translate_literal_preserve_arguments	pending	daemon_cli	fmt.Fprintf(stdout, "Nothing to undo: there is no install record at %s. %s was left as it is.\n",
cmd/clawdline/skill.go:191	uninstallSkill		fixed_human	stdout_or_writer	translate_literal_preserve_arguments	pending	daemon_cli	fmt.Fprintf(stdout, "Put back what was at %s before the install: %s. The record is removed.\n",
cmd/clawdline/skill.go:201	projectBinary		diagnostic	stdout_or_writer	stable_log	preserve	daemon_cli	log.Printf("skill: the stable binary was not updated: this binary cannot find itself: %v", err)
cmd/clawdline/skill.go:207	projectBinary		diagnostic	stdout_or_writer	stable_log	preserve	daemon_cli	log.Printf("skill: the stable binary at %s was not updated: %v", done.Path, err)
cmd/clawdline/skill.go:209	projectBinary		diagnostic	stdout_or_writer	stable_log	preserve	daemon_cli	log.Printf("skill: the stable binary at %s is now this build (sha256 %s)", done.Path, done.SHA256)
cmd/clawdline/squad.go:22	readSquadCapability		localized_human	cli_catalog	catalog_key_with_english_fallback	covered	daemon_cli	return "", fmt.Errorf(cliCopy("core", "squad.capability_unset", "%s is not set for this Session"), squadCapabilityEnv)
cmd/clawdline/squad.go:29	readSquadCapability		localized_human	cli_catalog	catalog_key_with_english_fallback	covered	daemon_cli	return "", errors.New(cliCopy("core", "squad.capability_not_file", "session capability is not a regular file"))
cmd/clawdline/squad.go:42	readSquadCapability		localized_human	cli_catalog	catalog_key_with_english_fallback	covered	daemon_cli	return "", errors.New(cliCopy("core", "squad.capability_invalid", "session capability file is invalid"))
cmd/clawdline/squad.go:49	squadCommand		localized_human	stderr	catalog_key_with_english_fallback	covered	daemon_cli	fmt.Fprintln(os.Stderr, cliCopy("core", "squad.usage", "usage: clawdline squad skill-event --skill ID --version VERSION --status read|applied|failed [--event-id ID] [--failure-code CODE]"))
cmd/clawdline/squad.go:61	squadCommand		localized_human	stderr	catalog_key_with_english_fallback	covered	daemon_cli	fmt.Fprintln(os.Stderr, cliCopy("core", "squad.invalid_args", "clawdline: invalid squad skill event arguments"))
cmd/clawdline/squad.go:93	squadCommand		machine_or_passthrough	stderr	stable_command_prefix_with_separately_owned_detail	preserve	daemon_cli	fmt.Fprintln(os.Stderr, "clawdline:", res.StatusCode, humanHTTPAnswer(answer))
cmd/clawdline/squad.go:96	squadCommand		machine_or_passthrough	stdout_or_writer	preserve_bytes	preserve	daemon_cli	fmt.Print(string(answer))
cmd/clawdline/task.go:83	taskCommand		localized_human	cli_catalog	catalog_key_with_english_fallback	covered	daemon_cli	port := fs.Int("port", 0, cliCopy("task", "flag.finish.port", "the port of the daemon that dispatched this task (default CLAWDLINE_NEXT_PORT, else 7727)"))
cmd/clawdline/task.go:84	taskCommand		localized_human	cli_catalog	catalog_key_with_english_fallback	covered	daemon_cli	noCollect := fs.Bool("no-collect", false, cliCopy("task", "flag.finish.no_collect", "put result.json in place and do not ask the broker to collect it now"))
cmd/clawdline/task.go:100	taskCommand		machine_or_passthrough	stderr	stable_command_prefix_with_separately_owned_detail	preserve	daemon_cli	fmt.Fprintln(os.Stderr, "clawdline:", err)
cmd/clawdline/task.go:109	taskUsage		localized_human	stderr	catalog_key_with_english_fallback	covered	daemon_cli	fmt.Fprintln(os.Stderr, cliCopy("task", "usage.accept", "usage: clawdline task accept [--port n] <task dir>"))
cmd/clawdline/task.go:110	taskUsage		localized_human	stderr	catalog_key_with_english_fallback	covered	daemon_cli	fmt.Fprintln(os.Stderr, cliCopy("task", "usage.accept_explain_prefix", "  signs for a child's briefing, with the secret from ")+orchestrator.AcceptSecretEnv+cliCopy("task", "usage.accept_explain_suffix", " or stdin"))
cmd/clawdline/task.go:111	taskUsage		localized_human	stderr	catalog_key_with_english_fallback	covered	daemon_cli	fmt.Fprintln(os.Stderr, cliCopy("task", "usage.finish", "       clawdline task finish [--port n] [--no-collect] <task dir>"))
cmd/clawdline/task.go:112	taskUsage		localized_human	stderr	catalog_key_with_english_fallback	covered	daemon_cli	fmt.Fprintln(os.Stderr, cliCopy("task", "usage.finish_explain", "  validates <task dir>/result.json.tmp and publishes it as result.json, then asks the broker to collect it"))
cmd/clawdline/task.go:113	taskUsage		localized_human	stderr	catalog_key_with_english_fallback	covered	daemon_cli	fmt.Fprintln(os.Stderr, cliCopy("task", "usage.show", "       clawdline task show [--port n] [--json] <task id>"))
cmd/clawdline/task.go:114	taskUsage		localized_human	stderr	catalog_key_with_english_fallback	covered	daemon_cli	fmt.Fprintln(os.Stderr, cliCopy("task", "usage.show_explain", "  one child task, compactly: state, summary, leftovers, verification, landing, checkout;"))
cmd/clawdline/task.go:115	taskUsage		localized_human	stderr	catalog_key_with_english_fallback	covered	daemon_cli	fmt.Fprintln(os.Stderr, cliCopy("task", "usage.show_notice", "  reading a finished one closes its completion notice"))
cmd/clawdline/task.go:116	taskUsage		localized_human	stderr	catalog_key_with_english_fallback	covered	daemon_cli	fmt.Fprintln(os.Stderr, cliCopy("task", "usage.wait", "       clawdline task wait [--port n] [--timeout 9m] [--any] <task id>..."))
cmd/clawdline/task.go:117	taskUsage		localized_human	stderr	catalog_key_with_english_fallback	covered	daemon_cli	fmt.Fprintln(os.Stderr, cliCopy("task", "usage.wait_explain_1", "  waits until every task (--any: one) has finished, at most --timeout (default 9m, under a 10m tool call;"))
cmd/clawdline/task.go:118	taskUsage		localized_human	stderr	catalog_key_with_english_fallback	covered	daemon_cli	fmt.Fprintln(os.Stderr, cliCopy("task", "usage.wait_explain_2", "  at most 2h), then shows each finished one as task show does and closes its notice;"))
cmd/clawdline/task.go:119	taskUsage		localized_human	stderr	catalog_key_with_english_fallback	covered	daemon_cli	fmt.Fprintln(os.Stderr, cliCopy("task", "usage.wait_exit_1", "  exit 0 all succeeded, 1 one failed, 5 one was cancelled (and none failed otherwise), 3 timed out,"))
cmd/clawdline/task.go:120	taskUsage		localized_human	stderr	catalog_key_with_english_fallback	covered	daemon_cli	fmt.Fprintln(os.Stderr, cliCopy("task", "usage.wait_exit_2", "  4 a task could not be read; 4 over 3 over 1 over 5"))
cmd/clawdline/task.go:121	taskUsage		localized_human	stderr	catalog_key_with_english_fallback	covered	daemon_cli	fmt.Fprintln(os.Stderr, cliCopy("task", "usage.cancel", "       clawdline task cancel [--port n] [--conversation id] [--key k] --reason \"…\" <task id>"))
cmd/clawdline/task.go:122	taskUsage		localized_human	stderr	catalog_key_with_english_fallback	covered	daemon_cli	fmt.Fprintln(os.Stderr, cliCopy("task", "usage.cancel_explain_1", "  stops a child its root dispatched by mistake (wrong brief, wrong scope, duplicate): its tab is closed,"))
cmd/clawdline/task.go:123	taskUsage		localized_human	stderr	catalog_key_with_english_fallback	covered	daemon_cli	fmt.Fprintln(os.Stderr, cliCopy("task", "usage.cancel_explain_2", "  its claims released, and a branch with commits is kept as a pending landing; only its root Session"))
cmd/clawdline/task.go:124	taskUsage		localized_human	stderr	catalog_key_with_english_fallback	covered	daemon_cli	fmt.Fprintln(os.Stderr, cliCopy("task", "usage.cancel_explain_3", "  or the person may; the same cancel sent again answers the same success"))
cmd/clawdline/task.go:125	taskUsage		localized_human	stderr	catalog_key_with_english_fallback	covered	daemon_cli	fmt.Fprintln(os.Stderr, cliCopy("task", "usage.ack", "       clawdline task ack [--port n] <task id> <notice id>"))
cmd/clawdline/task.go:126	taskUsage		localized_human	stderr	catalog_key_with_english_fallback	covered	daemon_cli	fmt.Fprintln(os.Stderr, cliCopy("task", "usage.ack_explain", "  acknowledges a completion notice by hand; rarely needed, since task show and task wait close it"))
cmd/clawdline/task.go:127	taskUsage		localized_human	stderr	catalog_key_with_english_fallback	covered	daemon_cli	fmt.Fprintln(os.Stderr, cliCopy("task", "usage.land", "       clawdline task land [--port n] <task id> <landed|incorporated|abandoned|nothing_to_land|pending>"))
cmd/clawdline/task.go:128	taskUsage		localized_human	stderr	catalog_key_with_english_fallback	covered	daemon_cli	fmt.Fprintln(os.Stderr, cliCopy("task", "usage.land_flags", "                           [--target b] [--commit c] [--carrier-task id] [--note t]"))
cmd/clawdline/task.go:129	taskUsage		localized_human	stderr	catalog_key_with_english_fallback	covered	daemon_cli	fmt.Fprintln(os.Stderr, cliCopy("task", "usage.land_explain", "  records a child's landing by hand, with the orchestrator token; a merge into its target records itself"))
cmd/clawdline/task.go:130	taskUsage		localized_human	stderr	catalog_key_with_english_fallback	covered	daemon_cli	fmt.Fprintln(os.Stderr, cliCopy("task", "usage.gate_evidence", "       clawdline task gate-evidence --artifact id --media-type type [--port n] <task dir> <file>"))
cmd/clawdline/task.go:131	taskUsage		localized_human	stderr	catalog_key_with_english_fallback	covered	daemon_cli	fmt.Fprintln(os.Stderr, cliCopy("task", "usage.gate_evidence_prefix", "  streams one bounded verification artifact with the secret from ")+orchestrator.AcceptSecretEnv)
cmd/clawdline/task.go:132	taskUsage		localized_human	stderr	catalog_key_with_english_fallback	covered	daemon_cli	fmt.Fprintln(os.Stderr, cliCopy("task", "usage.gate_result", "       clawdline task gate-result [--port n] <task dir> <json file>"))
cmd/clawdline/task.go:133	taskUsage		localized_human	stderr	catalog_key_with_english_fallback	covered	daemon_cli	fmt.Fprintln(os.Stderr, cliCopy("task", "usage.gate_result_prefix", "  submits the closed verification verdict with the secret from ")+orchestrator.AcceptSecretEnv)
cmd/clawdline/task.go:148	gateEvidenceCommand		machine_or_passthrough	stderr	stable_command_prefix_with_separately_owned_detail	preserve	daemon_cli	fmt.Fprintln(os.Stderr, "clawdline task gate-evidence:", err)
cmd/clawdline/task.go:162	submitGateEvidence		machine_or_passthrough	stderr	stable_command_prefix_with_separately_owned_detail	preserve	daemon_cli	fmt.Fprintln(stderr, "clawdline task gate-evidence:", err)
cmd/clawdline/task.go:167	submitGateEvidence		machine_or_passthrough	stderr	stable_command_prefix_with_separately_owned_detail	preserve	daemon_cli	fmt.Fprintln(stderr, "clawdline task gate-evidence:", err)
cmd/clawdline/task.go:174	submitGateEvidence		machine_or_passthrough	stderr	stable_command_prefix_with_separately_owned_detail	preserve	daemon_cli	fmt.Fprintln(stderr, "clawdline task gate-evidence:", err)
cmd/clawdline/task.go:178	submitGateEvidence		localized_human	stderr	catalog_key_with_english_fallback	covered	daemon_cli	fmt.Fprintf(stderr, cliCopy("task", "gate_evidence.too_large", "clawdline task gate-evidence: artifact is more than %d bytes\n"), contract.WorkGateEvidenceArtifactBytesLimit)
cmd/clawdline/task.go:182	submitGateEvidence		localized_human	stderr	catalog_key_with_english_fallback	covered	daemon_cli	fmt.Fprintln(stderr, cliCopy("task", "gate_evidence.unstreamable", "clawdline task gate-evidence: artifact cannot be streamed:"), err)
cmd/clawdline/task.go:191	submitGateEvidence		machine_or_passthrough	stderr	stable_command_prefix_with_separately_owned_detail	preserve	daemon_cli	fmt.Fprintln(stderr, "clawdline task gate-evidence:", err)
cmd/clawdline/task.go:208	submitGateEvidence		localized_human	stderr	catalog_key_with_english_fallback	covered	daemon_cli	fmt.Fprintf(stderr, cliCopy("task", "gate_evidence.no_durable_ack", "clawdline task gate-evidence: the broker did not acknowledge durable evidence (%v). Nothing local counts as gate evidence; restore loopback and rerun t
cmd/clawdline/task.go:214	submitGateEvidence		localized_human	stderr	catalog_key_with_english_fallback	covered	daemon_cli	fmt.Fprintf(stderr, cliCopy("task", "gate_evidence.refused", "clawdline task gate-evidence: refused, %s: %s\n"), res.Status, humanHTTPAnswer(answer))
cmd/clawdline/task.go:220	submitGateEvidence		localized_human	stderr	catalog_key_with_english_fallback	covered	daemon_cli	fmt.Fprintln(stderr, cliCopy("task", "gate_evidence.no_receipt", "clawdline task gate-evidence: the broker returned no matching durable receipt"))
cmd/clawdline/task.go:223	submitGateEvidence		localized_human	stdout_or_writer	catalog_key_with_english_fallback	covered	daemon_cli	fmt.Fprintf(stdout, cliCopy("task", "gate_evidence.accepted", "gate evidence %s accepted (%d bytes, sha256 %s, replayed=%t)\n"), receipt.ArtifactID, receipt.ByteCount, receipt.Sha256, receipt.Replayed)
cmd/clawdline/task.go:236	gateResultCommand		machine_or_passthrough	stderr	stable_command_prefix_with_separately_owned_detail	preserve	daemon_cli	fmt.Fprintln(os.Stderr, "clawdline task gate-result:", err)
cmd/clawdline/task.go:250	submitGateResult		machine_or_passthrough	stderr	stable_command_prefix_with_separately_owned_detail	preserve	daemon_cli	fmt.Fprintln(stderr, "clawdline task gate-result:", err)
cmd/clawdline/task.go:255	submitGateResult		machine_or_passthrough	stderr	stable_command_prefix_with_separately_owned_detail	preserve	daemon_cli	fmt.Fprintln(stderr, "clawdline task gate-result:", err)
cmd/clawdline/task.go:260	submitGateResult		localized_human	stderr	catalog_key_with_english_fallback	covered	daemon_cli	fmt.Fprintln(stderr, cliCopy("task", "gate_result.invalid", "clawdline task gate-result: invalid closed gate result:"), err)
cmd/clawdline/task.go:264	submitGateResult		localized_human	stderr	catalog_key_with_english_fallback	covered	daemon_cli	fmt.Fprintln(stderr, cliCopy("task", "gate_result.mismatched_task", "clawdline task gate-result: result task_id does not match the task directory"))
cmd/clawdline/task.go:273	submitGateResult		machine_or_passthrough	stderr	stable_command_prefix_with_separately_owned_detail	preserve	daemon_cli	fmt.Fprintln(stderr, "clawdline task gate-result:", err)
cmd/clawdline/task.go:286	submitGateResult		localized_human	stderr	catalog_key_with_english_fallback	covered	daemon_cli	fmt.Fprintf(stderr, cliCopy("task", "gate_result.no_durable_ack", "clawdline task gate-result: the broker did not acknowledge a durable verdict (%v). A result file in the checker task directory cannot finish this gate; r
cmd/clawdline/task.go:292	submitGateResult		localized_human	stderr	catalog_key_with_english_fallback	covered	daemon_cli	fmt.Fprintf(stderr, cliCopy("task", "gate_result.refused", "clawdline task gate-result: refused, %s: %s\n"), res.Status, humanHTTPAnswer(answer))
cmd/clawdline/task.go:298	submitGateResult		localized_human	stderr	catalog_key_with_english_fallback	covered	daemon_cli	fmt.Fprintln(stderr, cliCopy("task", "gate_result.no_receipt", "clawdline task gate-result: the broker returned no matching durable receipt"))
cmd/clawdline/task.go:301	submitGateResult		localized_human	stdout_or_writer	catalog_key_with_english_fallback	covered	daemon_cli	fmt.Fprintf(stdout, cliCopy("task", "gate_result.accepted", "gate verdict %s accepted (sha256 %s, replayed=%t)\n"), receipt.Verdict, receipt.Sha256, receipt.Replayed)
cmd/clawdline/task.go:312	ackCommand		localized_human	cli_catalog	catalog_key_with_english_fallback	covered	daemon_cli	port := fs.Int("port", 0, cliCopy("task", "flag.daemon_port", "the daemon's port (default CLAWDLINE_NEXT_PORT, else 7727)"))
cmd/clawdline/task.go:331	ackTask		localized_human	stderr	catalog_key_with_english_fallback	covered	daemon_cli	fmt.Fprintln(stderr, cliCopy("task", "ack.ids_required", "clawdline task ack: both the task id and the notice id are required"))
cmd/clawdline/task.go:337	ackTask		machine_or_passthrough	stderr	stable_command_prefix_with_separately_owned_detail	preserve	daemon_cli	fmt.Fprintln(stderr, "clawdline task ack:", err)
cmd/clawdline/task.go:346	ackTask		localized_human	stdout_or_writer	catalog_key_with_english_fallback	covered	daemon_cli	fmt.Fprintf(stdout, cliCopy("task", "ack.acknowledged", "acknowledged %s notice %s\n"), id, got.NoticeID)
cmd/clawdline/task.go:348	ackTask		localized_human	stdout_or_writer	catalog_key_with_english_fallback	covered	daemon_cli	fmt.Fprintf(stdout, cliCopy("task", "ack.already_acknowledged", "acknowledged %s notice %s (already acknowledged)\n"), id, got.NoticeID)
cmd/clawdline/task.go:373	landArgs		localized_human	cli_catalog	catalog_key_with_english_fallback	covered	daemon_cli	port := fs.Int("port", 0, cliCopy("task", "flag.daemon_port", "the daemon's port (default CLAWDLINE_NEXT_PORT, else 7727)"))
cmd/clawdline/task.go:374	landArgs		localized_human	cli_catalog	catalog_key_with_english_fallback	covered	daemon_cli	target := fs.String("target", "", cliCopy("task", "flag.land.target", "the branch the delivery landed on"))
cmd/clawdline/task.go:375	landArgs		localized_human	cli_catalog	catalog_key_with_english_fallback	covered	daemon_cli	commit := fs.String("commit", "", cliCopy("task", "flag.land.commit", "the commit on the target that carries the delivery"))
cmd/clawdline/task.go:376	landArgs		localized_human	cli_catalog	catalog_key_with_english_fallback	covered	daemon_cli	carrier := fs.String("carrier-task", "", cliCopy("task", "flag.land.carrier", "for incorporated: the task whose verified landing carried this one"))
cmd/clawdline/task.go:377	landArgs		localized_human	cli_catalog	catalog_key_with_english_fallback	covered	daemon_cli	note := fs.String("note", "", cliCopy("task", "flag.land.note", "what the record should say"))
cmd/clawdline/task.go:391	landArgs		localized_human	cli_catalog	catalog_key_with_english_fallback	covered	daemon_cli	return landInvocation{}, errors.New(cliCopy("task", "land.id_state_required", "a task id and a landing state are required"))
cmd/clawdline/task.go:395	landArgs		localized_human	cli_catalog	catalog_key_with_english_fallback	covered	daemon_cli	return landInvocation{}, fmt.Errorf(cliCopy("task", "land.invalid_id", "%q is not a task id"), id)
cmd/clawdline/task.go:401	landArgs		localized_human	cli_catalog	catalog_key_with_english_fallback	covered	daemon_cli	return landInvocation{}, fmt.Errorf(cliCopy("task", "land.invalid_state_prefix", "%q is not a landing state: landed, incorporated, abandoned, ")+
cmd/clawdline/task.go:402	landArgs		localized_human	cli_catalog	catalog_key_with_english_fallback	covered	daemon_cli	cliCopy("task", "land.invalid_state_suffix", "nothing_to_land or pending"), state)
cmd/clawdline/task.go:416	landCommand		machine_or_passthrough	stderr	stable_command_prefix_with_separately_owned_detail	preserve	daemon_cli	fmt.Fprintln(os.Stderr, "clawdline task land:", err)
cmd/clawdline/task.go:432	landTask		machine_or_passthrough	stderr	stable_command_prefix_with_separately_owned_detail	preserve	daemon_cli	fmt.Fprintln(stderr, "clawdline task land:", err)
cmd/clawdline/task.go:440	landTask		localized_human	stderr	catalog_key_with_english_fallback	covered	daemon_cli	fmt.Fprintln(stderr, cliCopy("task", "land.no_record", "clawdline task land: the daemon answered without the landing it recorded"))
cmd/clawdline/task.go:444	landTask		localized_human	cli_catalog	catalog_key_with_english_fallback	covered	daemon_cli	line := cliCopy("task", "land.recorded_prefix", "recorded ") + inv.id + cliCopy("task", "land.landing_infix", " landing ") + string(l.State)
cmd/clawdline/task.go:446	landTask		localized_human	cli_catalog	catalog_key_with_english_fallback	covered	daemon_cli	line += cliCopy("task", "land.on_infix", " on ") + l.Target
cmd/clawdline/task.go:449	landTask		localized_human	cli_catalog	catalog_key_with_english_fallback	covered	daemon_cli	line += cliCopy("task", "land.at_infix", " at ") + l.Commit
cmd/clawdline/task.go:451	landTask		human_composed	stdout_or_writer	inspect_source	pending	daemon_cli	fmt.Fprintln(stdout, line)
cmd/clawdline/task.go:469	finishTask		human_composed	stderr	inspect_source	pending	daemon_cli	fmt.Fprintln(stderr, lines[0])
cmd/clawdline/task.go:471	finishTask		layout_or_data	stderr	preserve_values_and_layout	preserve	daemon_cli	fmt.Fprintln(stderr, "  - "+more)
cmd/clawdline/task.go:473	finishTask		localized_human	stderr	catalog_key_with_english_fallback	covered	daemon_cli	fmt.Fprintln(stderr, cliCopy("task", "finish.invalid_retry", "Nothing was written. Correct result.json.tmp and run this again."))
cmd/clawdline/task.go:476	finishTask		machine_or_passthrough	stderr	stable_command_prefix_with_separately_owned_detail	preserve	daemon_cli	fmt.Fprintln(stderr, "clawdline task finish:", err)
cmd/clawdline/task.go:479	finishTask		localized_human	stdout_or_writer	catalog_key_with_english_fallback	covered	daemon_cli	fmt.Fprintln(stdout, cliCopy("task", "finish.preflight_valid", "task result preflight: valid"))
cmd/clawdline/task.go:481	finishTask		localized_human	stdout_or_writer	catalog_key_with_english_fallback	covered	daemon_cli	fmt.Fprintf(stdout, cliCopy("task", "finish.already_in_place", "result.json was already in place with these exact bytes: %s\n"), done.Path)
cmd/clawdline/task.go:483	finishTask		localized_human	stdout_or_writer	catalog_key_with_english_fallback	covered	daemon_cli	fmt.Fprintf(stdout, cliCopy("task", "finish.in_place", "result.json is in place: %s\n"), done.Path)
cmd/clawdline/task.go:486	finishTask		localized_human	stdout_or_writer	catalog_key_with_english_fallback	covered	daemon_cli	fmt.Fprintln(stdout, cliCopy("task", "finish.no_collect", "Not asking the broker to collect it now; it reads result.json at its next look."))
cmd/clawdline/task.go:498	askCollect		machine_or_passthrough	stderr	stable_command_prefix_with_separately_owned_detail	preserve	daemon_cli	fmt.Fprintln(stderr, "clawdline task finish:", err)
cmd/clawdline/task.go:511	askCollect		localized_human	stdout_or_writer	catalog_key_with_english_fallback	covered	daemon_cli	fmt.Fprintf(stdout, cliCopy("task", "finish.broker_unreachable_result_saved", "The broker at 127.0.0.1:%d could not be asked to collect it now (%v). Nothing is lost: "+
cmd/clawdline/task.go:523	askCollect		localized_human	stdout_or_writer	catalog_key_with_english_fallback	covered	daemon_cli	fmt.Fprintln(stdout, cliCopy("task", "finish.collected", "The broker collected it: this task is settled on result.json."))
cmd/clawdline/task.go:526	askCollect		localized_human	stdout_or_writer	catalog_key_with_english_fallback	covered	daemon_cli	fmt.Fprintln(stdout, cliCopy("task", "finish.already_collected", "The broker had already collected it."))
cmd/clawdline/task.go:531	askCollect		localized_human	stderr	catalog_key_with_english_fallback	covered	daemon_cli	fmt.Fprintf(stderr, cliCopy("task", "finish.refused", "The broker refused result.json (%s): %s\n"), code, message)
cmd/clawdline/task.go:532	askCollect		localized_human	stderr	catalog_key_with_english_fallback	covered	daemon_cli	fmt.Fprintf(stderr, cliCopy("task", "finish.replace", "It stays where it is. To replace it, delete %s, write result.json.tmp again and run this again.\n"),
cmd/clawdline/task.go:540	askCollect		localized_human	stdout_or_writer	catalog_key_with_english_fallback	covered	daemon_cli	fmt.Fprintf(stdout, cliCopy("task", "finish.not_collected_prefix", "The broker did not collect it now (%s). result.json is in place, and the broker reads it ")+
cmd/clawdline/task.go:541	askCollect		localized_human	cli_catalog	catalog_key_with_english_fallback	covered	daemon_cli	cliCopy("task", "finish.not_collected_suffix", "at its next look.\n"), said)
cmd/clawdline/task.go:563	acceptCommand		machine_or_passthrough	stderr	stable_command_prefix_with_separately_owned_detail	preserve	daemon_cli	fmt.Fprintln(os.Stderr, "clawdline task accept:", err)
cmd/clawdline/task.go:572	acceptCommand		machine_or_passthrough	stderr	stable_command_prefix_with_separately_owned_detail	preserve	daemon_cli	fmt.Fprintln(os.Stderr, "clawdline task accept:", err)
cmd/clawdline/task.go:577	acceptCommand		machine_or_passthrough	stderr	stable_command_prefix_with_separately_owned_detail	preserve	daemon_cli	fmt.Fprintln(os.Stderr, "clawdline:", err)
cmd/clawdline/task.go:596	acceptArgs		localized_human	cli_catalog	catalog_key_with_english_fallback	covered	daemon_cli	return "", 0, errors.New(cliCopy("task", "accept.directory_required", "the task directory is required"))
cmd/clawdline/task.go:603	acceptArgs		localized_human	cli_catalog	catalog_key_with_english_fallback	covered	daemon_cli	return "", 0, errors.New(cliCopy("task", "accept.one_directory_prefix", "it takes one task directory and nothing else; the secret is never taken on the ") +
cmd/clawdline/task.go:604	acceptArgs		localized_human	cli_catalog	catalog_key_with_english_fallback	covered	daemon_cli	cliCopy("task", "accept.one_directory_suffix", "command line — set ") + orchestrator.AcceptSecretEnv + cliCopy("task", "accept.secret_or_stdin", " or pipe it on stdin"))
cmd/clawdline/task.go:620	acceptSecret		localized_human	cli_catalog	catalog_key_with_english_fallback	covered	daemon_cli	return "", errors.New(cliCopy("task", "accept.no_secret_prefix", "no task secret: set ") + orchestrator.AcceptSecretEnv + cliCopy("task", "accept.secret_or_stdin", " or pipe it on stdin"))
cmd/clawdline/task.go:623	acceptSecret		localized_human	cli_catalog	catalog_key_with_english_fallback	covered	daemon_cli	return "", errors.New(cliCopy("task", "accept.secret_format_prefix", "the task secret must be 64 lowercase hexadecimal characters — the TASK_SECRET ") +
cmd/clawdline/task.go:624	acceptSecret		localized_human	cli_catalog	catalog_key_with_english_fallback	covered	daemon_cli	cliCopy("task", "accept.secret_format_suffix", "value from your first message"))
cmd/clawdline/task.go:648	acceptTask		machine_or_passthrough	stderr	stable_command_prefix_with_separately_owned_detail	preserve	daemon_cli	fmt.Fprintln(stderr, "clawdline task accept:", err)
cmd/clawdline/task.go:654	acceptTask		machine_or_passthrough	stderr	stable_command_prefix_with_separately_owned_detail	preserve	daemon_cli	fmt.Fprintln(stderr, "clawdline task accept:", err)
cmd/clawdline/task.go:672	acceptTask		localized_human	stdout_or_writer	catalog_key_with_english_fallback	covered	daemon_cli	fmt.Fprintf(stdout, cliCopy("task", "accept.signed", "Signed: the broker has the receipt for task %s.\n"), id)
cmd/clawdline/task.go:679	acceptTask		localized_human	stderr	catalog_key_with_english_fallback	covered	daemon_cli	fmt.Fprintf(stderr, cliCopy("task", "accept.refused", "clawdline task accept: refused, %d %s: %s\n"), res.StatusCode, code, message)
cmd/clawdline/task.go:691	acceptTask		localized_human	stderr	catalog_key_with_english_fallback	covered	daemon_cli	fmt.Fprintf(stderr, cliCopy("task", "accept.broker_unreachable_receipt_write_failed", "clawdline task accept: the broker at 127.0.0.1:%d could not be reached (%s), "+
cmd/clawdline/task.go:695	acceptTask		localized_human	stdout_or_writer	catalog_key_with_english_fallback	covered	daemon_cli	fmt.Fprintf(stdout, cliCopy("task", "accept.unreachable_prefix", "The broker at 127.0.0.1:%d could not be reached (%s). Signed all the same: the receipt ")+
cmd/clawdline/task.go:696	acceptTask		localized_human	cli_catalog	catalog_key_with_english_fallback	covered	daemon_cli	cliCopy("task", "accept.unreachable_suffix", "is at %s, and the broker collects it at its next look.\n"), port, why, path)
cmd/clawdline/task.go:704	taskIDIn		localized_human	cli_catalog	catalog_key_with_english_fallback	covered	daemon_cli	return "", fmt.Errorf(cliCopy("task", "task_dir.unreadable", "no readable task.json in %s: %w"), dir, err)
cmd/clawdline/task.go:710	taskIDIn		localized_human	cli_catalog	catalog_key_with_english_fallback	covered	daemon_cli	return "", fmt.Errorf(cliCopy("task", "task_dir.invalid_id", "%s names no usable task_id"), filepath.Join(dir, "task.json"))
cmd/clawdline/task.go:745	showCommand		localized_human	cli_catalog	catalog_key_with_english_fallback	covered	daemon_cli	port := fs.Int("port", 0, cliCopy("task", "flag.daemon_port", "the daemon's port (default CLAWDLINE_NEXT_PORT, else 7727)"))
cmd/clawdline/task.go:746	showCommand		localized_human	cli_catalog	catalog_key_with_english_fallback	covered	daemon_cli	asJSON := fs.Bool("json", false, cliCopy("task", "flag.show.json", "print the daemon's whole answer"))
cmd/clawdline/task.go:769	showTask		localized_human	stderr	catalog_key_with_english_fallback	covered	daemon_cli	fmt.Fprintln(stderr, cliCopy("task", "show.id_required", "clawdline task show: the task id is required"))
cmd/clawdline/task.go:774	showTask		machine_or_passthrough	stderr	stable_command_prefix_with_separately_owned_detail	preserve	daemon_cli	fmt.Fprintln(stderr, "clawdline task show:", err)
cmd/clawdline/task.go:790	showTask		localized_human	stderr	catalog_key_with_english_fallback	covered	daemon_cli	fmt.Fprintln(stderr, cliCopy("task", "show.unreadable_answer", "clawdline task show: the daemon's answer could not be read:"), err)
cmd/clawdline/task.go:823	closeNotice		localized_human	stderr	catalog_key_with_english_fallback	covered	daemon_cli	fmt.Fprintf(stderr, cliCopy("task", "completion_notice.not_closed", "clawdline %s: the completion notice %s of %s was not closed: %v\n"), name, n.NoticeID, t.ID, err)
cmd/clawdline/task.go:831	closeNotice		localized_human	stderr	catalog_key_with_english_fallback	covered	daemon_cli	fmt.Fprintf(stderr, cliCopy("task", "notice.refused", "clawdline %s: the completion notice %s of %s was not closed: refused, %s: %s\n"),
cmd/clawdline/task.go:836	closeNotice		localized_human	stdout_or_writer	catalog_key_with_english_fallback	covered	daemon_cli	fmt.Fprintln(stdout, cliCopy("task", "notice.closed", "notice:       closed (read)"))
cmd/clawdline/task.go:845	writeTaskView		layout_or_data	stdout_or_writer	preserve_values_and_layout	preserve	daemon_cli	fmt.Fprintf(w, "%s  %s\n", t.ID, t.Title)
cmd/clawdline/task.go:850	writeTaskView		localized_human	stdout_or_writer	catalog_key_with_english_fallback	covered	daemon_cli	fmt.Fprintf(w, cliCopy("task", "view.state", "state:        %s\n"), state)
cmd/clawdline/task.go:861	writeTaskView		localized_human	stdout_or_writer	catalog_key_with_english_fallback	covered	daemon_cli	fmt.Fprintln(w, cliCopy("task", "view.no_result", "result:       none — the child wrote no result.json"))
cmd/clawdline/task.go:864	writeTaskView		localized_human	stdout_or_writer	catalog_key_with_english_fallback	covered	daemon_cli	fmt.Fprintf(w, cliCopy("task", "view.verification_runs", "verification: %d runs, last %s: %s\n"), r.Verification.Runs, r.Verification.Last,
cmd/clawdline/task.go:867	writeTaskView		localized_human	stdout_or_writer	catalog_key_with_english_fallback	covered	daemon_cli	fmt.Fprintln(w, cliCopy("task", "view.rerun", "rerun:        resolve the failure, then rerun the check named above"))
cmd/clawdline/task.go:870	writeTaskView		localized_human	stdout_or_writer	catalog_key_with_english_fallback	covered	daemon_cli	fmt.Fprintln(w, cliCopy("task", "view.no_verification", "verification: none reported"))
cmd/clawdline/task.go:872	writeTaskView		localized_human	stdout_or_writer	catalog_key_with_english_fallback	covered	daemon_cli	fmt.Fprintf(w, cliCopy("task", "view.symbols", "symbols:      %d symbols, %d artifacts (--json lists them)\n"), len(r.Symbols), len(r.Artifacts))
cmd/clawdline/task.go:875	writeTaskView		localized_human	stdout_or_writer	catalog_key_with_english_fallback	covered	daemon_cli	fmt.Fprintf(w, cliCopy("task", "view.changed_file", "changed file:  %s\n"), path)
cmd/clawdline/task.go:882	writeTaskView		localized_human	stdout_or_writer	catalog_key_with_english_fallback	covered	daemon_cli	fmt.Fprintln(w, cliCopy("task", "view.no_landing", "landing:      none owed"))
cmd/clawdline/task.go:886	writeTaskView		localized_human	stdout_or_writer	catalog_key_with_english_fallback	covered	daemon_cli	fmt.Fprintf(w, cliCopy("task", "view.landing_with_note", "landing:      %s (%s) — %s\n"), l.State, l.Settlement, l.Note)
cmd/clawdline/task.go:888	writeTaskView		localized_human	stdout_or_writer	catalog_key_with_english_fallback	covered	daemon_cli	fmt.Fprintf(w, cliCopy("task", "view.landing_settlement", "landing:      %s (%s)\n"), l.State, l.Settlement)
cmd/clawdline/task.go:892	writeTaskView		layout_or_data	stdout_or_writer	preserve_values_and_layout	preserve	daemon_cli	fmt.Fprintf(w, "              %s\n", orchestrator.CarriedByHand(t.ID))
cmd/clawdline/task.go:895	writeTaskView		localized_human	stdout_or_writer	catalog_key_with_english_fallback	covered	daemon_cli	fmt.Fprintf(w, cliCopy("task", "view.landing_state", "landing:      %s\n"), l.State)
cmd/clawdline/task.go:898	writeTaskView		localized_human	stdout_or_writer	catalog_key_with_english_fallback	covered	daemon_cli	fmt.Fprintf(w, cliCopy("task", "view.worktree", "worktree:     %s (branch %s)\n"), wt.Path, wt.Branch)
cmd/clawdline/task.go:900	writeTaskView		localized_human	stdout_or_writer	catalog_key_with_english_fallback	covered	daemon_cli	fmt.Fprintf(w, cliCopy("task", "view.branch_commits", "branch:       %d delivery commit(s)\n"), *wt.Commits)
cmd/clawdline/task.go:902	writeTaskView		localized_human	stdout_or_writer	catalog_key_with_english_fallback	covered	daemon_cli	fmt.Fprintln(w, cliCopy("task", "view.unknown_commits", "branch:       commit count unknown"))
cmd/clawdline/task.go:905	writeTaskView		localized_human	stdout_or_writer	catalog_key_with_english_fallback	covered	daemon_cli	fmt.Fprintf(w, cliCopy("task", "view.uncommitted", "uncommitted:  %t\n"), *wt.Dirty)
cmd/clawdline/task.go:907	writeTaskView		localized_human	stdout_or_writer	catalog_key_with_english_fallback	covered	daemon_cli	fmt.Fprintln(w, cliCopy("task", "view.unknown_dirty", "uncommitted:  unknown"))
cmd/clawdline/task.go:912	writeTaskView		localized_human	stdout_or_writer	catalog_key_with_english_fallback	covered	daemon_cli	fmt.Fprintf(w, cliCopy("task", "view.leftovers", "leftovers:    %d (their reasons: --json)\n"), len(r.Leftovers))
cmd/clawdline/task.go:914	writeTaskView		layout_or_data	stdout_or_writer	preserve_values_and_layout	preserve	daemon_cli	fmt.Fprintf(w, "  - %s\n", l.Title)
cmd/clawdline/task.go:923	writeTaskView		localized_human	stdout_or_writer	catalog_key_with_english_fallback	covered	daemon_cli	fmt.Fprintf(w, cliCopy("task", "view.summary", "summary:\n%s\n"), strings.TrimRight(summary, "\n"))
cmd/clawdline/task_cancel.go:67	cancelArgs		fixed_error_source	stderr_via_caller	translate_fixed_copy_preserve_error_arguments	pending	daemon_cli	return cancelInvocation{}, errors.New("exactly one task id is required")
cmd/clawdline/task_cancel.go:71	cancelArgs		fixed_error_source	stderr_via_caller	translate_fixed_copy_preserve_error_arguments	pending	daemon_cli	return cancelInvocation{}, fmt.Errorf("%q is not a task id", id)
cmd/clawdline/task_cancel.go:76	cancelArgs		fixed_error_source	stderr_via_caller	translate_fixed_copy_preserve_error_arguments	pending	daemon_cli	return cancelInvocation{}, errors.New(`--reason is required: say why, e.g. --reason "wrong brief"`)
cmd/clawdline/task_cancel.go:78	cancelArgs		fixed_error_source	stderr_via_caller	translate_fixed_copy_preserve_error_arguments	pending	daemon_cli	return cancelInvocation{}, fmt.Errorf("--reason is %d bytes; at most %d", len(r), orchestrator.CancelReasonLimit)
cmd/clawdline/task_cancel.go:87	cancelCommand		machine_or_passthrough	stderr	stable_command_prefix_with_separately_owned_detail	preserve	daemon_cli	fmt.Fprintln(os.Stderr, "clawdline task cancel:", err)
cmd/clawdline/task_cancel.go:110	cancelTask		fixed_human	stderr	translate_literal_preserve_arguments	pending	daemon_cli	fmt.Fprintf(stderr, "clawdline task cancel: %s Nothing was cancelled.\n", conversationRefusal(err, "--conversation"))
cmd/clawdline/task_cancel.go:124	cancelTask		machine_or_passthrough	stderr	stable_command_prefix_with_separately_owned_detail	preserve	daemon_cli	fmt.Fprintln(stderr, "clawdline task cancel:", err)
cmd/clawdline/task_cancel.go:132	cancelTask		fixed_human	stderr	translate_literal_preserve_arguments	pending	daemon_cli	fmt.Fprintln(stderr, "clawdline task cancel: the daemon answered without the task it cancelled")
cmd/clawdline/task_cancel.go:139	cancelTask		human_composed	stdout_or_writer	inspect_source	pending	daemon_cli	fmt.Fprintln(stdout, line)
cmd/clawdline/task_wait.go:101	waitArgs		fixed_error_source	stderr_via_caller	translate_fixed_copy_preserve_error_arguments	pending	daemon_cli	return waitOptions{}, fmt.Errorf("at least one task id is required")
cmd/clawdline/task_wait.go:103	waitArgs		fixed_error_source	stderr_via_caller	translate_fixed_copy_preserve_error_arguments	pending	daemon_cli	return waitOptions{}, fmt.Errorf("%d task ids; one wait follows at most %d", len(ids), waitIDLimit)
cmd/clawdline/task_wait.go:105	waitArgs		fixed_error_source	stderr_via_caller	translate_fixed_copy_preserve_error_arguments	pending	daemon_cli	return waitOptions{}, fmt.Errorf("--timeout must be positive")
cmd/clawdline/task_wait.go:107	waitArgs		fixed_error_source	stderr_via_caller	translate_fixed_copy_preserve_error_arguments	pending	daemon_cli	return waitOptions{}, fmt.Errorf("--timeout %s is longer than %s", *timeout, waitTimeoutLimit)
cmd/clawdline/task_wait.go:115	waitCommand		machine_or_passthrough	stderr	stable_command_prefix_with_separately_owned_detail	preserve	daemon_cli	fmt.Fprintln(os.Stderr, "clawdline task wait:", err)
cmd/clawdline/task_wait.go:149	waitTasks		machine_or_passthrough	stderr	stable_command_prefix_with_separately_owned_detail	preserve	daemon_cli	fmt.Fprintf(stderr, "clawdline task wait: could not read task %s: %v\n", id, err)
cmd/clawdline/task_wait.go:161	waitTasks		layout_or_data	stdout_or_writer	blank_line_only	preserve	daemon_cli	fmt.Fprintln(stdout)
cmd/clawdline/task_wait.go:190	waitTasks		layout_or_data	stdout_or_writer	blank_line_only	preserve	daemon_cli	fmt.Fprintln(stdout)
cmd/clawdline/task_wait.go:194	waitTasks		fixed_human	stdout_or_writer	translate_literal_preserve_arguments	pending	daemon_cli	fmt.Fprintf(stdout, "still running: %s  %s (%s)\n", id, t.Title, t.State)
cmd/clawdline/task_wait.go:196	waitTasks		fixed_human	stdout_or_writer	translate_literal_preserve_arguments	pending	daemon_cli	fmt.Fprintf(stdout, "still running: %s (not read yet)\n", id)
cmd/clawdline/task_wait.go:201	waitTasks		fixed_human	stderr	translate_literal_preserve_arguments	pending	daemon_cli	fmt.Fprintf(stderr, "clawdline task wait: timed out after %s with %d of %d task(s) still running\n",
cmd/clawdline/task_wait.go:223	readWaitedTask		fixed_error_source	stderr_via_caller	translate_fixed_copy_preserve_error_arguments	pending	daemon_cli	return contract.BrokerTask{}, false, fmt.Errorf("the daemon answered %d: %s", a.Status,
cmd/clawdline/task_wait.go:226	readWaitedTask		fixed_error_source	stderr_via_caller	translate_fixed_copy_preserve_error_arguments	pending	daemon_cli	return contract.BrokerTask{}, false, fmt.Errorf("refused, %d %s: %s", a.Status, code, message)
cmd/clawdline/task_wait.go:230	readWaitedTask		fixed_error_source	stderr_via_caller	translate_fixed_copy_preserve_error_arguments	pending	daemon_cli	return contract.BrokerTask{}, false, fmt.Errorf("the daemon's answer could not be read: %w", err)
cmd/clawdline/task_wait.go:233	readWaitedTask		fixed_error_source	stderr_via_caller	translate_fixed_copy_preserve_error_arguments	pending	daemon_cli	return contract.BrokerTask{}, false, fmt.Errorf("the daemon could not read the task's record (state unreadable)")
cmd/clawdline/todo.go:67	todoUsage		fixed_human	stderr	translate_literal_preserve_arguments	pending	daemon_cli	fmt.Fprintln(os.Stderr, "usage: clawdline todo add [--conversation id] [--key k] [--port n] <text> [text…]")
cmd/clawdline/todo.go:68	todoUsage		fixed_human	stderr	translate_literal_preserve_arguments	pending	daemon_cli	fmt.Fprintln(os.Stderr, "       clawdline todo list [--conversation id] [--port n]")
cmd/clawdline/todo.go:69	todoUsage		fixed_human	stderr	translate_literal_preserve_arguments	pending	daemon_cli	fmt.Fprintln(os.Stderr, "       clawdline todo done [--conversation id] [--key k] [--port n] <to-do id>")
cmd/clawdline/todo.go:70	todoUsage		fixed_human	stderr	translate_literal_preserve_arguments	pending	daemon_cli	fmt.Fprintln(os.Stderr, "  add writes this Session's own to-dos, one per argument or one per non-empty stdin line,")
cmd/clawdline/todo.go:71	todoUsage		fixed_human	stderr	translate_literal_preserve_arguments	pending	daemon_cli	fmt.Fprintln(os.Stderr, "  and only when the person asked for them; all are added or none are")
cmd/clawdline/todo.go:87	todoLines		fixed_error_source	stderr_via_caller	translate_fixed_copy_preserve_error_arguments	pending	daemon_cli	return nil, fmt.Errorf("the to-dos on stdin are larger than %d bytes, the most the daemon reads", todoInputLimit)
cmd/clawdline/todo.go:107	sessionTodo		fixed_human	stderr	translate_literal_preserve_arguments	pending	daemon_cli	fmt.Fprintf(stderr, "clawdline %s: %s Nothing was changed.\n", name, conversationRefusal(err, "--conversation"))
cmd/clawdline/todo.go:112	sessionTodo		fixed_human	stderr	translate_literal_preserve_arguments	pending	daemon_cli	fmt.Fprintf(stderr, "clawdline %s: cannot tell which conversation this is: none of %s is set. "+
cmd/clawdline/todo.go:124	sessionTodo		machine_or_passthrough	stderr	preserve_error_and_command_name	preserve	daemon_cli	fmt.Fprintf(stderr, "clawdline %s: %v\n", name, err)
cmd/clawdline/todo.go:136	sessionTodo		fixed_human	stderr	translate_literal_preserve_arguments	pending	daemon_cli	fmt.Fprintf(stderr, "clawdline %s: there is no to-do to add\n", name)
cmd/clawdline/todo.go:143	sessionTodo		fixed_human	stderr	translate_literal_preserve_arguments	pending	daemon_cli	fmt.Fprintf(stderr, "clawdline %s: name the to-do id to complete\n", name)
cmd/clawdline/todo.go:148	sessionTodo		fixed_human	stderr	translate_literal_preserve_arguments	pending	daemon_cli	fmt.Fprintf(stderr, "clawdline todo: no such action %q\n", op)
cmd/clawdline/todo.go:156	sessionTodo		machine_output	stderr	stable_prefix_or_value	preserve	daemon_cli	fmt.Fprintf(stderr, "Idempotency-Key: %s\n", key)
cmd/clawdline/todo.go:159	sessionTodo		machine_or_passthrough	stderr	preserve_error_and_command_name	preserve	daemon_cli	fmt.Fprintf(stderr, "clawdline %s: %v\n", name, err)
cmd/clawdline/todo.go:160	sessionTodo		fixed_human	stderr	translate_literal_preserve_arguments	pending	daemon_cli	fmt.Fprintf(stderr, "To retry the same write: clawdline %s --key %s …\n", name, key)
cmd/clawdline/tunnel.go:34	tunnelCommand		fixed_error_source	stderr_via_caller	translate_fixed_copy_preserve_error_arguments	pending	daemon_cli	fail(fmt.Errorf("the daemon said no: %s", refusalText(res)))
cmd/clawdline/tunnel.go:41	tunnelCommand		machine_or_passthrough	stdout	preserve_bytes	preserve	daemon_cli	_, _ = os.Stdout.Write(data)
cmd/clawdline/tunnel.go:46	tunnelCommand		fixed_error_source	stderr_via_caller	translate_fixed_copy_preserve_error_arguments	pending	daemon_cli	fail(fmt.Errorf("the daemon's answer was not a tunnel status: %w", err))
cmd/clawdline/tunnel.go:48	tunnelCommand		fixed_human	stdout_or_writer	translate_literal_preserve_arguments	pending	daemon_cli	fmt.Printf("state     %s\n", st.State)
cmd/clawdline/tunnel.go:49	tunnelCommand		fixed_human	stdout_or_writer	translate_literal_preserve_arguments	pending	daemon_cli	fmt.Printf("mode      %s\n", st.Mode)
cmd/clawdline/tunnel.go:51	tunnelCommand		fixed_human	stdout_or_writer	translate_literal_preserve_arguments	pending	daemon_cli	fmt.Printf("address   %s\n", st.URL)
cmd/clawdline/tunnel.go:54	tunnelCommand		fixed_human	stdout_or_writer	translate_literal_preserve_arguments	pending	daemon_cli	fmt.Printf("reason    %s\n", st.Reason)
cmd/clawdline/tunnel.go:57	tunnelCommand		fixed_human	stdout_or_writer	translate_literal_preserve_arguments	pending	daemon_cli	fmt.Printf("attempts  %d\n", st.Attempts)
cmd/clawdline/tunnel.go:60	tunnelCommand		fixed_human	stdout_or_writer	translate_literal_preserve_arguments	pending	daemon_cli	fmt.Printf("binary    %s\n", st.Binary)
cmd/clawdline/tunnel.go:62	tunnelCommand		fixed_human	stdout_or_writer	translate_literal_preserve_arguments	pending	daemon_cli	fmt.Println("binary    cloudflared is not installed")
cmd/clawdline/tunnel.go:64	tunnelCommand		fixed_human	stdout_or_writer	translate_literal_preserve_arguments	pending	daemon_cli	fmt.Printf("config    %s\n", st.Config)
cmd/clawdline/tunnel.go:66	tunnelCommand		fixed_human	stdout_or_writer	translate_literal_preserve_arguments	pending	daemon_cli	fmt.Printf("command   %s\n", strings.Join(st.Command, " "))
cmd/clawdline/update.go:53	updateCommand		fixed_human	stderr	translate_literal_preserve_arguments	pending	daemon_cli	fmt.Fprintln(os.Stderr, "usage: clawdline update [--json] [--apply [--force]] [--port n]")
cmd/clawdline/update.go:58	updateCommand		machine_or_passthrough	stdout	preserve_bytes	preserve	daemon_cli	_ = json.NewEncoder(os.Stdout).Encode(st)
cmd/clawdline/update.go:98	printUpdate		layout_or_data	stdout_or_writer	preserve_values_and_layout	preserve	daemon_cli	fmt.Fprintf(w, "%-8s %s  (%s)\n", name, stamp, at)
cmd/clawdline/update.go:102	printUpdate		fixed_human	stdout_or_writer	translate_literal_preserve_arguments	pending	daemon_cli	fmt.Fprintf(w, "state    %s", st.State)
cmd/clawdline/update.go:104	printUpdate		layout_or_data	stdout_or_writer	preserve_values_and_layout	preserve	daemon_cli	fmt.Fprintf(w, " — %s", st.Reason)
cmd/clawdline/update.go:106	printUpdate		layout_or_data	stdout_or_writer	blank_line_only	preserve	daemon_cli	fmt.Fprintln(w)
cmd/clawdline/update.go:108	printUpdate		fixed_human	stdout_or_writer	translate_literal_preserve_arguments	pending	daemon_cli	fmt.Fprintf(w, "last check failed: %s\n", st.Error)
cmd/clawdline/update.go:110	printUpdate		fixed_human	stdout_or_writer	translate_literal_preserve_arguments	pending	daemon_cli	fmt.Fprintf(w, "source   %s\n", st.SourceURL)
cmd/clawdline/update.go:132	applyUpdate		fixed_human	stderr	translate_literal_preserve_arguments	pending	daemon_cli	fmt.Fprintln(stderr, "clawdline: the cloud's latest build is not known, so there is nothing to apply")
cmd/clawdline/update.go:136	applyUpdate		fixed_human	stderr	translate_literal_preserve_arguments	pending	daemon_cli	fmt.Fprintf(stderr, "clawdline: this machine is %s; nothing to apply (--force deploys %s anyway)\n", st.State, stamp)
cmd/clawdline/update.go:142	applyUpdate		fixed_human	stderr	translate_literal_preserve_arguments	pending	daemon_cli	fmt.Fprintln(stderr, "clawdline: --apply does not replace an app bundle; run these from a source checkout:")
cmd/clawdline/update.go:143	applyUpdate		machine_output	stdout_or_writer	preserve_executable_command	preserve	daemon_cli	fmt.Fprintf(stdout, "git fetch origin main\n")
cmd/clawdline/update.go:144	applyUpdate		machine_output	stdout_or_writer	preserve_executable_command	preserve	daemon_cli	fmt.Fprintf(stdout, "git worktree add -f \"$TMPDIR/clawdline-%s\" %s\n", short(stamp), stamp)
cmd/clawdline/update.go:145	applyUpdate		machine_output	stdout_or_writer	preserve_executable_command	preserve	daemon_cli	fmt.Fprintf(stdout, "cd \"$TMPDIR/clawdline-%s\" && tools/package-macos.sh\n", short(stamp))
cmd/clawdline/update.go:148	applyUpdate		fixed_human	stderr	translate_literal_preserve_arguments	pending	daemon_cli	fmt.Fprintf(stderr, "clawdline: --apply is built for Linux only, not %s (docs/updates.md)\n", goos)
cmd/clawdline/update.go:153	applyUpdate		fixed_human	stderr	translate_literal_preserve_arguments	pending	daemon_cli	fmt.Fprintln(stderr, "clawdline: --apply runs inside a Clawdline source checkout, and this directory is not one")
cmd/clawdline/update.go:159	applyUpdate		fixed_human	stderr	translate_literal_preserve_arguments	pending	daemon_cli	fmt.Fprintf(stderr, "clawdline: --apply runs inside a Clawdline source checkout; %s has no tools/deploy-linux-user.sh\n", root)
cmd/clawdline/update.go:163	applyUpdate		machine_or_passthrough	stderr	stable_command_prefix_with_separately_owned_detail	preserve	daemon_cli	fmt.Fprintf(stderr, "clawdline: git fetch origin main failed: %v\n", err)
cmd/clawdline/update.go:167	applyUpdate		fixed_human	stderr	translate_literal_preserve_arguments	pending	daemon_cli	fmt.Fprintf(stderr, "clawdline: %s is not on origin/main; refusing to deploy it\n", stamp)
cmd/clawdline/update.go:175	applyUpdate		machine_or_passthrough	stderr	stable_command_prefix_with_separately_owned_detail	preserve	daemon_cli	fmt.Fprintf(stderr, "clawdline: %s: %v\n", deploy, err)
cmd/clawdline/usage.go:80	usageCommandUsage		fixed_human	stderr	translate_literal_preserve_arguments	pending	daemon_cli	fmt.Fprintln(os.Stderr, "usage: clawdline usage [--session <conversation> | --task <id> | --item <id>] [--json] [--port n]")
cmd/clawdline/usage.go:81	usageCommandUsage		fixed_human	stderr	translate_literal_preserve_arguments	pending	daemon_cli	fmt.Fprintln(os.Stderr, "  what a session, a child task or a Board item spent, by category; this session's own by default")
cmd/clawdline/usage.go:82	usageCommandUsage		fixed_human	stderr	translate_literal_preserve_arguments	pending	daemon_cli	fmt.Fprintln(os.Stderr, "       clawdline usage --compare-compaction [--since 14d] [--json] [--port n]")
cmd/clawdline/usage.go:83	usageCommandUsage		fixed_human	stderr	translate_literal_preserve_arguments	pending	daemon_cli	fmt.Fprintln(os.Stderr, "  child tasks grouped by the compaction window they were launched with: what they cost and how they ended")
cmd/clawdline/usage.go:84	usageCommandUsage		fixed_human	stderr	translate_literal_preserve_arguments	pending	daemon_cli	fmt.Fprintln(os.Stderr, "       clawdline usage --compare-handoff [--since 14d] [--json] [--port n]")
cmd/clawdline/usage.go:85	usageCommandUsage		fixed_human	stderr	translate_literal_preserve_arguments	pending	daemon_cli	fmt.Fprintln(os.Stderr, "  finished Board items grouped by whether a milestone handoff carried them: cache reads per item, and whether to make it the default")
cmd/clawdline/usage.go:86	usageCommandUsage		fixed_human	stderr	translate_literal_preserve_arguments	pending	daemon_cli	fmt.Fprintln(os.Stderr, "       clawdline usage --freeze-baseline [--since 14d] [--out FILE] [--port n]")
cmd/clawdline/usage.go:87	usageCommandUsage		fixed_human	stderr	translate_literal_preserve_arguments	pending	daemon_cli	fmt.Fprintln(os.Stderr, "  write the raw per-unit samples of the range to a file outside any repository")
cmd/clawdline/usage.go:88	usageCommandUsage		fixed_human	stderr	translate_literal_preserve_arguments	pending	daemon_cli	fmt.Fprintln(os.Stderr, "       clawdline usage --work-report --baseline FILE [--since t] [--json] [--port n]")
cmd/clawdline/usage.go:89	usageCommandUsage		fixed_human	stderr	translate_literal_preserve_arguments	pending	daemon_cli	fmt.Fprintln(os.Stderr, "  the baseline beside the units since, by stratum, with a verdict per group")
cmd/clawdline/usage.go:110	showUsage		fixed_human	stderr	translate_literal_preserve_arguments	pending	daemon_cli	fmt.Fprintf(stderr, "clawdline usage: %s\n", conversationRefusal(err, "--session"))
cmd/clawdline/usage.go:114	showUsage		fixed_human	stderr	translate_literal_preserve_arguments	pending	daemon_cli	fmt.Fprintf(stderr, "clawdline usage: cannot tell which conversation this is: none of %s is set. "+
cmd/clawdline/usage.go:121	showUsage		machine_or_passthrough	stderr	stable_command_prefix_with_separately_owned_detail	preserve	daemon_cli	fmt.Fprintln(stderr, "clawdline usage:", err)
cmd/clawdline/usage.go:170	showUsage		human_composed	stdout_or_writer	inspect_source	pending	daemon_cli	fmt.Fprintln(stdout, head)
cmd/clawdline/usage.go:176	showUsage		fixed_human	stdout_or_writer	translate_literal_preserve_arguments	pending	daemon_cli	fmt.Fprintf(stdout, "session %s: %s, peak context %s, %d compactions\n",
cmd/clawdline/usage.go:185	showUsage		fixed_human	stdout_or_writer	translate_literal_preserve_arguments	pending	daemon_cli	fmt.Fprintf(stdout, "gap: %s %s %s (%s)\n", g.Kind, g.ID, g.Reason, counted)
cmd/clawdline/usage.go:191	unreadableUsage		fixed_human	stderr	translate_literal_preserve_arguments	pending	daemon_cli	fmt.Fprintln(stderr, "clawdline usage: the daemon's answer could not be read; --json prints it as it came")
cmd/clawdline/usage.go:231	writeUsageLines		human_composed	stdout_or_writer	inspect_source	pending	daemon_cli	fmt.Fprintln(w, line)
cmd/clawdline/usage.go:279	showCompactionComparison		machine_or_passthrough	stderr	stable_command_prefix_with_separately_owned_detail	preserve	daemon_cli	fmt.Fprintln(stderr, "clawdline usage:", err)
cmd/clawdline/usage.go:296	writeCompactionComparison		fixed_human	stdout_or_writer	translate_literal_preserve_arguments	pending	daemon_cli	fmt.Fprintf(stdout, "child tasks created %s – %s, by the compaction window they were launched with\n",
cmd/clawdline/usage.go:299	writeCompactionComparison		fixed_human	stdout_or_writer	translate_literal_preserve_arguments	pending	daemon_cli	fmt.Fprintln(stdout, "no child task in this range was launched with a known window")
cmd/clawdline/usage.go:302	writeCompactionComparison		fixed_human	stdout_or_writer	translate_literal_preserve_arguments	pending	daemon_cli	fmt.Fprintln(tw, "group\tsessions\ttasks\tcost/task\tcalls/task\tcompactions/task\tabove-200k share\tsuccess rate\tstalled\trespawns\t")
cmd/clawdline/usage.go:311	writeCompactionComparison		layout_or_data	stdout_or_writer	preserve_values_and_layout	preserve	daemon_cli	fmt.Fprintf(tw, "%s\t%d\t%d\t%s\t%.1f\t%.2f\t%s\t%s\t%d\t%d\t\n", g.Group, g.Sessions, g.Tasks, cost,
cmd/clawdline/usage.go:316	writeCompactionComparison		fixed_human	stdout_or_writer	translate_literal_preserve_arguments	pending	daemon_cli	fmt.Fprintln(stdout, "cost/task is the median over the tasks the ledger has read; + means part of it has no price.")
cmd/clawdline/usage.go:319	writeCompactionComparison		fixed_human	stdout_or_writer	translate_literal_preserve_arguments	pending	daemon_cli	fmt.Fprintf(stdout, "%s: %d tasks, fewer than %d — too few to compare, so no percentage is shown\n",
cmd/clawdline/usage.go:323	writeCompactionComparison		fixed_human	stdout_or_writer	translate_literal_preserve_arguments	pending	daemon_cli	fmt.Fprintf(stdout, "%s: %d still running, %d not read by the ledger yet\n", g.Group, g.Running, g.Tasks-g.ReadTasks)
cmd/clawdline/usage.go:346	writeCompactionComparison		human_composed	stdout_or_writer	inspect_source	pending	daemon_cli	fmt.Fprintln(stdout, line)
cmd/clawdline/usage.go:349	writeCompactionComparison		fixed_human	stdout_or_writer	translate_literal_preserve_arguments	pending	daemon_cli	fmt.Fprintln(stdout, "truncated: the range held more tasks than one answer reads; these are the newest")
cmd/clawdline/usage.go:352	writeCompactionComparison		fixed_human	stdout_or_writer	translate_literal_preserve_arguments	pending	daemon_cli	fmt.Fprintf(stdout, "not recorded: %s — %s\n", m.Name, m.Why)
cmd/clawdline/usage.go:377	showHandoffComparison		machine_or_passthrough	stderr	stable_command_prefix_with_separately_owned_detail	preserve	daemon_cli	fmt.Fprintln(stderr, "clawdline usage:", err)
cmd/clawdline/usage.go:392	writeHandoffComparison		fixed_human	stdout_or_writer	translate_literal_preserve_arguments	pending	daemon_cli	fmt.Fprintf(stdout, "Board items finished %s – %s, by whether a milestone handoff carried them\n",
cmd/clawdline/usage.go:395	writeHandoffComparison		fixed_human	stdout_or_writer	translate_literal_preserve_arguments	pending	daemon_cli	fmt.Fprintln(tw, "group\titems\tcache reads/item\tcalls/item\thours to done\treopened\t")
cmd/clawdline/usage.go:397	writeHandoffComparison		layout_or_data	stdout_or_writer	preserve_values_and_layout	preserve	daemon_cli	fmt.Fprintf(tw, "%s\t%d\t%s\t%s\t%s\t%s\t\n", g.Name, g.Items, handoffNumber(g.CacheReadPerItem, usageCount),
cmd/clawdline/usage.go:403	writeHandoffComparison		fixed_human	stdout_or_writer	translate_literal_preserve_arguments	pending	daemon_cli	fmt.Fprintln(stdout, "cache reads/item is the median of the owner Sessions' own cache reads, each Session's shared among the items it finished.")
cmd/clawdline/usage.go:404	writeHandoffComparison		fixed_human	stdout_or_writer	translate_literal_preserve_arguments	pending	daemon_cli	fmt.Fprintf(stdout, "milestone handoffs: %d opened, %d failed to open, %d carried tasks unsettled a day later\n",
cmd/clawdline/usage.go:407	writeHandoffComparison		fixed_human	stdout_or_writer	translate_literal_preserve_arguments	pending	daemon_cli	fmt.Fprintf(stdout, "excluded: %d with no owner Session, %d with an owner the ledger has not read\n", c.ExcludedUnowned, c.ExcludedUnread)
cmd/clawdline/usage.go:410	writeHandoffComparison		fixed_human	stdout_or_writer	translate_literal_preserve_arguments	pending	daemon_cli	fmt.Fprintln(stdout, "truncated: the range held more items than one answer reads; these are the newest")
cmd/clawdline/usage.go:416	writeHandoffComparison		fixed_human	stdout_or_writer	translate_literal_preserve_arguments	pending	daemon_cli	fmt.Fprintf(stdout, "saving per item: %s (target %.0f%%, each group needs %d items)\n", saving, c.Target*100, c.MinItems)
cmd/clawdline/usage.go:417	writeHandoffComparison		fixed_human	stdout_or_writer	translate_literal_preserve_arguments	pending	daemon_cli	fmt.Fprintf(stdout, "verdict: %s\n", c.Verdict)
cmd/clawdline/usage.go:419	writeHandoffComparison		layout_or_data	stdout_or_writer	preserve_values_and_layout	preserve	daemon_cli	fmt.Fprintf(stdout, "  %s\n", r)
cmd/clawdline/usage.go:422	writeHandoffComparison		fixed_human	stdout_or_writer	translate_literal_preserve_arguments	pending	daemon_cli	fmt.Fprintln(stdout, "handing over stays each Session's own choice: `clawdline handoff --summary <file>` at a milestone")
cmd/clawdline/usage.go:425	writeHandoffComparison		fixed_human	stdout_or_writer	translate_literal_preserve_arguments	pending	daemon_cli	fmt.Fprintf(stdout, "not measured: %s\n", m)
cmd/clawdline/usage_report.go:55	fetchWorkSamples		fixed_error_source	stderr_via_caller	translate_fixed_copy_preserve_error_arguments	pending	daemon_cli	return contract.UsageWorkSamples{}, a, errors.New("the daemon's answer could not be read")
cmd/clawdline/usage_report.go:69	freezeWorkBaseline		machine_or_passthrough	stderr	stable_command_prefix_with_separately_owned_detail	preserve	daemon_cli	fmt.Fprintln(stderr, "clawdline usage:", err)
cmd/clawdline/usage_report.go:79	freezeWorkBaseline		machine_or_passthrough	stderr	stable_command_prefix_with_separately_owned_detail	preserve	daemon_cli	fmt.Fprintln(stderr, "clawdline usage:", err)
cmd/clawdline/usage_report.go:88	freezeWorkBaseline		fixed_human	stdout_or_writer	translate_literal_preserve_arguments	pending	daemon_cli	fmt.Fprintf(stdout, "froze %d units (%d with no whole reading) created %s – %s, definition %d, to %s\n",
cmd/clawdline/usage_report.go:91	freezeWorkBaseline		fixed_human	stdout_or_writer	translate_literal_preserve_arguments	pending	daemon_cli	fmt.Fprintln(stdout, "truncated: the range held more tasks than one answer reads; only the newest are frozen")
cmd/clawdline/usage_report.go:107	writeWorkBaseline		fixed_error_source	stderr_via_caller	translate_fixed_copy_preserve_error_arguments	pending	daemon_cli	return fmt.Errorf("%s already holds a frozen baseline; name another with --out", path)
cmd/clawdline/usage_report.go:132	readWorkBaseline		fixed_error_source	stderr_via_caller	translate_fixed_copy_preserve_error_arguments	pending	daemon_cli	return contract.UsageWorkSamples{}, fmt.Errorf("%s is larger than a frozen baseline can be", path)
cmd/clawdline/usage_report.go:136	readWorkBaseline		fixed_error_source	stderr_via_caller	translate_fixed_copy_preserve_error_arguments	pending	daemon_cli	return contract.UsageWorkSamples{}, fmt.Errorf("%s is not a frozen baseline: %v", path, err)
cmd/clawdline/usage_report.go:139	readWorkBaseline		fixed_error_source	stderr_via_caller	translate_fixed_copy_preserve_error_arguments	pending	daemon_cli	return contract.UsageWorkSamples{}, fmt.Errorf("%s was frozen with definition %d and this build reads %d",
cmd/clawdline/usage_report.go:199	showWorkReport		machine_or_passthrough	stderr	stable_command_prefix_with_separately_owned_detail	preserve	daemon_cli	fmt.Fprintln(stderr, "clawdline usage:", err)
cmd/clawdline/usage_report.go:207	showWorkReport		machine_or_passthrough	stderr	stable_command_prefix_with_separately_owned_detail	preserve	daemon_cli	fmt.Fprintln(stderr, "clawdline usage:", err)
cmd/clawdline/usage_report.go:214	showWorkReport		fixed_human	stderr	translate_literal_preserve_arguments	pending	daemon_cli	fmt.Fprintf(stderr, "clawdline usage: the daemon reads definition %d and the baseline was frozen with %d; "+
cmd/clawdline/usage_report.go:221	showWorkReport		machine_or_passthrough	stdout_or_writer	preserve_bytes	preserve	daemon_cli	fmt.Fprintln(stdout, string(body))
cmd/clawdline/usage_report.go:231	writeWorkReport		fixed_human	stdout_or_writer	translate_literal_preserve_arguments	pending	daemon_cli	fmt.Fprintf(w, "baseline: %d units created %s – %s; trial: %d units created %s – %s\n",
cmd/clawdline/usage_report.go:235	writeWorkReport		fixed_human	stdout_or_writer	translate_literal_preserve_arguments	pending	daemon_cli	fmt.Fprintln(w, "the trial starts before the baseline ends: some units may be in both periods")
cmd/clawdline/usage_report.go:242	writeWorkReport		fixed_human	stdout_or_writer	translate_literal_preserve_arguments	pending	daemon_cli	fmt.Fprintf(w, "%s truncated: the range held more tasks than one answer reads; only the newest are in it\n", r.name)
cmd/clawdline/usage_report.go:247	writeWorkReport		fixed_human	stdout_or_writer	translate_literal_preserve_arguments	pending	daemon_cli	fmt.Fprintln(w, "no unit of work in either period")
cmd/clawdline/usage_report.go:250	writeWorkReport		layout_or_data	stdout_or_writer	preserve_values_and_layout	preserve	daemon_cli	fmt.Fprintf(w, "\n%s\n", app.WorkGroupName(g))
cmd/clawdline/usage_report.go:254	writeWorkReport		layout_or_data	stdout_or_writer	preserve_values_and_layout	preserve	daemon_cli	fmt.Fprintf(tw, "  %s\t%s\t%s\t%s\n", name, before, after, change)
cmd/clawdline/usage_report.go:276	writeWorkReport		human_composed	stdout_or_writer	inspect_source	pending	daemon_cli	fmt.Fprintln(w, verdict)
cmd/clawdline/usage_report.go:278	writeWorkReport		fixed_human	stdout_or_writer	translate_literal_preserve_arguments	pending	daemon_cli	fmt.Fprintf(w, "\noverall: %s — %s\n", rep.Verdict, rep.Why)
cmd/clawdline/usage_report.go:279	writeWorkReport		fixed_human	stdout_or_writer	translate_literal_preserve_arguments	pending	daemon_cli	fmt.Fprintln(w, "met needs, in a group with enough units: cache-read median down at least 30%, duration p75 up at most 10%, no guardrail rate worse.")
cmd/clawdline/usage_report.go:280	writeWorkReport		fixed_human	stdout_or_writer	translate_literal_preserve_arguments	pending	daemon_cli	fmt.Fprintln(w, "units are not assigned to periods at random: this says what changed, not why.")
cmd/clawdline/usage_report.go:282	writeWorkReport		fixed_human	stdout_or_writer	translate_literal_preserve_arguments	pending	daemon_cli	fmt.Fprintf(w, "not recorded: %s — %s\n", m.Name, m.Why)
cmd/clawdline/verify.go:45	verifyUsage		localized_human	cli_catalog	catalog_key_with_english_fallback	covered	daemon_cli	cliCopy("verify", "usage.list", "usage: clawdline verify list [--json]"),
cmd/clawdline/verify.go:46	verifyUsage		localized_human	cli_catalog	catalog_key_with_english_fallback	covered	daemon_cli	cliCopy("verify", "usage.show", "       clawdline verify show <id> [--json]"),
cmd/clawdline/verify.go:47	verifyUsage		localized_human	cli_catalog	catalog_key_with_english_fallback	covered	daemon_cli	cliCopy("verify", "usage.add", "       clawdline verify add --title <text> --due <when> --criterion <text> [--criterion <text> …]"),
cmd/clawdline/verify.go:48	verifyUsage		localized_human	cli_catalog	catalog_key_with_english_fallback	covered	daemon_cli	cliCopy("verify", "usage.add_options", "                            [--why <text>] [--started <when>] [--compaction-since 14d] [--schedule <id>]"),
cmd/clawdline/verify.go:49	verifyUsage		localized_human	cli_catalog	catalog_key_with_english_fallback	covered	daemon_cli	cliCopy("verify", "usage.note", "       clawdline verify note <id> <text>"),
cmd/clawdline/verify.go:50	verifyUsage		localized_human	cli_catalog	catalog_key_with_english_fallback	covered	daemon_cli	cliCopy("verify", "usage.done", "       clawdline verify done <id> --accepted|--rejected <reason>"),
cmd/clawdline/verify.go:51	verifyUsage		localized_human	cli_catalog	catalog_key_with_english_fallback	covered	daemon_cli	cliCopy("verify", "usage.delete", "       clawdline verify delete <id> [--force]"),
cmd/clawdline/verify.go:52	verifyUsage		localized_human	cli_catalog	catalog_key_with_english_fallback	covered	daemon_cli	cliCopy("verify", "usage.when", "  <when> is 2026-10-03 09:00 (this machine's zone), 2026-10-03, RFC 3339, or 7d / 36h from now"),
cmd/clawdline/verify.go:53	verifyUsage		localized_human	cli_catalog	catalog_key_with_english_fallback	covered	daemon_cli	cliCopy("verify", "usage.port", "  every form takes --port n (default CLAWDLINE_NEXT_PORT, else 7727)"),
cmd/clawdline/verify.go:55	verifyUsage		human_composed	stderr	inspect_source	pending	daemon_cli	fmt.Fprintln(os.Stderr, line)
cmd/clawdline/verify.go:92	runVerify		machine_or_passthrough	stderr	stable_command_prefix_with_separately_owned_detail	preserve	daemon_cli	fmt.Fprintln(stderr, "clawdline verify "+sub+": "+msg)
cmd/clawdline/verify.go:101	runVerify		localized_human	cli_catalog	catalog_key_with_english_fallback	covered	daemon_cli	return misuse(cliCopy("verify", "misuse.list_arguments", "takes only --json"))
cmd/clawdline/verify.go:107	runVerify		localized_human	cli_catalog	catalog_key_with_english_fallback	covered	daemon_cli	return misuse(cliCopy("verify", "misuse.show_id", "names one record: clawdline verify show <id>"))
cmd/clawdline/verify.go:113	runVerify		localized_human	cli_catalog	catalog_key_with_english_fallback	covered	daemon_cli	return misuse(cliCopy("verify", "misuse.show_arguments", "takes only --json after the id"))
cmd/clawdline/verify.go:121	runVerify		localized_human	cli_catalog	catalog_key_with_english_fallback	covered	daemon_cli	return misuse(cliCopy("verify", "misuse.note_arguments", `names one record and one note: clawdline verify note <id> "…"`))
cmd/clawdline/verify.go:128	runVerify		localized_human	cli_catalog	catalog_key_with_english_fallback	covered	daemon_cli	return misuse(cliCopy("verify", "misuse.done_arguments", `names one record, a verdict and the reason: clawdline verify done <id> --accepted|--rejected "reason"`))
cmd/clawdline/verify.go:137	runVerify		localized_human	cli_catalog	catalog_key_with_english_fallback	covered	daemon_cli	return misuse(cliCopy("verify", "misuse.done_verdict", "the verdict is --accepted or --rejected"))
cmd/clawdline/verify.go:144	runVerify		localized_human	cli_catalog	catalog_key_with_english_fallback	covered	daemon_cli	return misuse(cliCopy("verify", "misuse.delete_id", "names exactly one record: clawdline verify delete <id> [--force]"))
cmd/clawdline/verify.go:152	runVerify		localized_human	cli_catalog	catalog_key_with_english_fallback	covered	daemon_cli	return misuse(cliCopy("verify", "misuse.delete_arguments", "takes one id and, for a record still open, --force"))
cmd/clawdline/verify.go:156	runVerify		machine_or_passthrough	stderr	stable_command_prefix_with_separately_owned_detail	preserve	daemon_cli	fmt.Fprintln(stderr, "clawdline verify:", err)
cmd/clawdline/verify.go:162	runVerify		localized_human	stdout_or_writer	catalog_key_with_english_fallback	covered	daemon_cli	fmt.Fprintln(stdout, cliCopy("verify", "output.deleted_prefix", "deleted ")+id)
cmd/clawdline/verify.go:165	runVerify		localized_human	cli_catalog	catalog_key_with_english_fallback	covered	daemon_cli	return misuse(cliCopy("verify", "misuse.unknown_subcommand", "is not a subcommand: list, show, add, note, done or delete"))
cmd/clawdline/verify.go:202	verifyAdd		localized_human	cli_catalog	catalog_key_with_english_fallback	covered	daemon_cli	return misuse(cliCopy("verify", "misuse.add_flags", "reads --title, --due, --criterion (repeatable), --why, --started, --compaction-since and --schedule"))
cmd/clawdline/verify.go:205	verifyAdd		localized_human	cli_catalog	catalog_key_with_english_fallback	covered	daemon_cli	return misuse(cliCopy("verify", "misuse.add_required", "needs --title, --due and at least one --criterion"))
cmd/clawdline/verify.go:250	parseWhen		localized_human	cli_catalog	catalog_key_with_english_fallback	covered	daemon_cli	return time.Time{}, fmt.Errorf(cliCopy("verify", "misuse.when_format", "%q is not 2026-10-03 09:00, 2026-10-03, RFC 3339, or 7d / 36h"), raw)
cmd/clawdline/verify.go:257	verifyWrite		machine_or_passthrough	stderr	stable_command_prefix_with_separately_owned_detail	preserve	daemon_cli	fmt.Fprintln(stderr, "clawdline verify:", err)
cmd/clawdline/verify.go:274	verifyList		machine_or_passthrough	stderr	stable_command_prefix_with_separately_owned_detail	preserve	daemon_cli	fmt.Fprintln(stderr, "clawdline verify:", err)
cmd/clawdline/verify.go:282	verifyList		localized_human	stderr	catalog_key_with_english_fallback	covered	daemon_cli	fmt.Fprintln(stderr, cliCopy("verify", "error.unreadable_response", "clawdline verify: the daemon's answer could not be read; --json prints it as it came"))
cmd/clawdline/verify.go:286	verifyList		localized_human	stdout_or_writer	catalog_key_with_english_fallback	covered	daemon_cli	fmt.Fprintln(stdout, cliCopy("verify", "output.empty_list", "nothing is waiting to be verified"))
cmd/clawdline/verify.go:291	verifyList		layout_or_data	stdout_or_writer	preserve_values_and_layout	preserve	daemon_cli	fmt.Fprintf(stdout, "%s  %-8s  %-18s  %s  (%s)\n", v.ID, v.Status, verifyDue(v, at), v.Title, verifyTally(v))
cmd/clawdline/verify.go:299	verifyShow		machine_or_passthrough	stderr	stable_command_prefix_with_separately_owned_detail	preserve	daemon_cli	fmt.Fprintln(stderr, "clawdline verify:", err)
cmd/clawdline/verify.go:307	verifyShow		localized_human	stderr	catalog_key_with_english_fallback	covered	daemon_cli	fmt.Fprintln(stderr, cliCopy("verify", "error.unreadable_response", "clawdline verify: the daemon's answer could not be read; --json prints it as it came"))
cmd/clawdline/verify.go:312	verifyShow		layout_or_data	stdout_or_writer	preserve_values_and_layout	preserve	daemon_cli	fmt.Fprintln(stdout, "")
cmd/clawdline/verify.go:315	verifyShow		localized_human	stdout_or_writer	catalog_key_with_english_fallback	covered	daemon_cli	fmt.Fprintf(stdout, cliCopy("verify", "output.data_error", "data (%s): %s\n"), d.Data.Kind, d.Data.Error)
cmd/clawdline/verify.go:317	verifyShow		localized_human	stdout_or_writer	catalog_key_with_english_fallback	covered	daemon_cli	fmt.Fprintf(stdout, cliCopy("verify", "output.data_heading", "data (%s):\n"), d.Data.Kind)
cmd/clawdline/verify.go:327	writeVerification		layout_or_data	stdout_or_writer	preserve_values_and_layout	preserve	daemon_cli	fmt.Fprintf(w, "%s  %s — %s, %s\n", v.ID, v.Title, v.Status, verifyDue(v, at))
cmd/clawdline/verify.go:328	writeVerification		localized_human	stdout_or_writer	catalog_key_with_english_fallback	covered	daemon_cli	fmt.Fprintf(w, cliCopy("verify", "output.started_due", "started %s, due %s\n"), verifyTime(v.StartedAt), verifyTime(v.DueAt))
cmd/clawdline/verify.go:330	writeVerification		localized_human	stdout_or_writer	catalog_key_with_english_fallback	covered	daemon_cli	fmt.Fprintln(w, cliCopy("verify", "output.why_prefix", "why: ")+v.Why)
cmd/clawdline/verify.go:340	writeVerification		layout_or_data	stdout_or_writer	preserve_values_and_layout	preserve	daemon_cli	fmt.Fprintf(w, "  [%s] %d. %s\n", mark, c.Index, c.Text)
cmd/clawdline/verify.go:343	writeVerification		localized_human	stdout_or_writer	catalog_key_with_english_fallback	covered	daemon_cli	fmt.Fprintf(w, cliCopy("verify", "output.source_since", "data: %s since %s\n"), v.Source.Kind, v.Source.Since)
cmd/clawdline/verify.go:346	writeVerification		localized_human	stdout_or_writer	catalog_key_with_english_fallback	covered	daemon_cli	fmt.Fprintln(w, cliCopy("verify", "output.schedule_prefix", "schedule: ")+v.ScheduleID)
cmd/clawdline/verify.go:349	writeVerification		localized_human	cli_catalog	catalog_key_with_english_fallback	covered	daemon_cli	who := cliCopy("verify", "output.author_person", "person")
cmd/clawdline/verify.go:351	writeVerification		localized_human	cli_catalog	catalog_key_with_english_fallback	covered	daemon_cli	who = cliCopy("verify", "output.author_session", "session")
cmd/clawdline/verify.go:356	writeVerification		localized_human	stdout_or_writer	catalog_key_with_english_fallback	covered	daemon_cli	fmt.Fprintf(w, cliCopy("verify", "output.note", "note %s (%s): %s\n"), verifyTime(n.At), who, n.Text)
cmd/clawdline/verify.go:359	writeVerification		layout_or_data	stdout_or_writer	preserve_values_and_layout	preserve	daemon_cli	fmt.Fprintf(w, "%s %s: %s\n", v.Status, verifyTime(v.ClosedAt), v.CloseReason)
cmd/clawdline/verify.go:371	verifyDue		localized_human	cli_catalog	catalog_key_with_english_fallback	covered	daemon_cli	return cliCopy("verify", "output.closed", "closed")
cmd/clawdline/verify.go:379	verifyDue		localized_human	cli_catalog	catalog_key_with_english_fallback	covered	daemon_cli	span := fmt.Sprintf(cliCopy("verify", "output.duration_days", "%dd %dh"), days, hours)
cmd/clawdline/verify.go:381	verifyDue		localized_human	cli_catalog	catalog_key_with_english_fallback	covered	daemon_cli	span = fmt.Sprintf(cliCopy("verify", "output.duration_hours", "%dh %dm"), hours, int(d%time.Hour/time.Minute))
cmd/clawdline/verify.go:384	verifyDue		localized_human	cli_catalog	catalog_key_with_english_fallback	covered	daemon_cli	return cliCopy("verify", "output.overdue_prefix", "overdue by ") + span
cmd/clawdline/verify.go:386	verifyDue		localized_human	cli_catalog	catalog_key_with_english_fallback	covered	daemon_cli	return cliCopy("verify", "output.due_prefix", "due in ") + span
cmd/clawdline/verify.go:400	verifyTally		localized_human	cli_catalog	catalog_key_with_english_fallback	covered	daemon_cli	return fmt.Sprintf(cliCopy("verify", "output.tally", "%d passed, %d failed of %d"), passed, failed, len(v.Criteria))
cmd/clawdline/webhook_fire.go:114	webhookFireUsage		fixed_human	stdout_or_writer	translate_literal_preserve_arguments	pending	daemon_cli	fmt.Fprintln(w, "usage: clawdline webhook fire [--url-file path] [--deliver-within 60s] [--timeout 60m] [--no-wait]")
cmd/clawdline/webhook_fire.go:115	webhookFireUsage		fixed_human	stdout_or_writer	translate_literal_preserve_arguments	pending	daemon_cli	fmt.Fprintln(w, "  start a schedule through its webhook; no daemon needed. The URL is read from --url-file or "+webhookURLEnv+", never from an argument")
cmd/clawdline/webhook_fire.go:116	webhookFireUsage		machine_output	stdout_or_writer	preserve_documented_stdout_grammar	preserve	daemon_cli	fmt.Fprintln(w, "  stdout, one line: success|failed|not_delivered|refused|gave_up delivery=<id|-> [state=<s>] [outcome=<o>] [refusal_code=<c>] [code=<c> status=<n>] [reason=unreachable]")
cmd/clawdline/webhook_fire.go:117	webhookFireUsage		fixed_human	stdout_or_writer	translate_literal_preserve_arguments	pending	daemon_cli	fmt.Fprintln(w, "  --no-wait prints only the delivery id. Exit: 0 success, 1 failed, 2 never reached the machine, 3 refused, 4 gave up waiting, 64 usage")
cmd/clawdline/webhook_fire.go:131	runWebhookFire		fixed_human	stderr	translate_literal_preserve_arguments	pending	daemon_cli	fmt.Fprintln(stderr, "clawdline webhook fire: a flag could not be read")
cmd/clawdline/webhook_fire.go:136	runWebhookFire		fixed_human	stderr	translate_literal_preserve_arguments	pending	daemon_cli	fmt.Fprintln(stderr, "clawdline webhook fire: takes no arguments. The webhook URL is a credential: "+
cmd/clawdline/webhook_fire.go:143	runWebhookFire		fixed_human	stderr	translate_literal_preserve_arguments	pending	daemon_cli	fmt.Fprintf(stderr, "clawdline webhook fire: --deliver-within must be a duration from %ds to %ds, in whole seconds\n",
cmd/clawdline/webhook_fire.go:149	runWebhookFire		fixed_human	stderr	translate_literal_preserve_arguments	pending	daemon_cli	fmt.Fprintln(stderr, "clawdline webhook fire: --timeout must be a positive duration, like 60m")
cmd/clawdline/webhook_fire.go:154	runWebhookFire		fixed_human	stderr	translate_literal_preserve_arguments	pending	daemon_cli	fmt.Fprintln(stderr, "clawdline webhook fire:", problem)
cmd/clawdline/webhook_fire.go:260	say		fixed_human	stderr	translate_literal_preserve_arguments	pending	daemon_cli	fmt.Fprintln(f.stderr, f.redact(fmt.Sprintf("clawdline webhook fire: "+format, args...)))
cmd/clawdline/webhook_fire.go:265	result		user_agent_or_external_original	stdout_or_writer	preserve_source_bytes	preserve	daemon_cli	fmt.Fprintln(f.stdout, f.redact(line))
cmd/clawdline/webhook_fire.go:301	run		machine_or_passthrough	stdout_or_writer	preserve_bytes	preserve	daemon_cli	fmt.Fprintln(f.stdout, id)
internal/app/cloudops/answer.go:231	answer		cloud_bridge_fixed_copy	cloud_error	pending_cloud_bridge_catalog_key	pending	daemon_cli	Message: "This read could not be answered.", fixedCopy: true, Layer: layerRoute}, nil)
internal/app/cloudops/answer.go:352	shapeImage		cloud_bridge_fixed_copy	cloud_error	pending_cloud_bridge_catalog_key	pending	daemon_cli	Message: "That artifact is not a PNG or a JPEG and does not cross this connection.", fixedCopy: true, Layer: layerRoute}
internal/app/cloudops/answer.go:356	shapeImage		cloud_bridge_fixed_copy	cloud_error	pending_cloud_bridge_catalog_key	pending	daemon_cli	Message: "That image arrived with no bytes in it.", fixedCopy: true, Layer: layerRoute}
internal/app/cloudops/answer.go:360	shapeImage		cloud_bridge_fixed_copy	cloud_error	pending_cloud_bridge_catalog_key	pending	daemon_cli	Message: "That image is larger than one answer on this connection can carry.", fixedCopy: true, Layer: layerRoute,
internal/app/cloudops/answer.go:376	shapeDocument		cloud_bridge_fixed_copy	cloud_error	pending_cloud_bridge_catalog_key	pending	daemon_cli	Message: "That file is not an inert Markdown or text document.", fixedCopy: true, Layer: layerRoute}
internal/app/cloudops/answer.go:380	shapeDocument		cloud_bridge_fixed_copy	cloud_error	pending_cloud_bridge_catalog_key	pending	daemon_cli	Message: "That document is too large to carry in one encrypted answer.", fixedCopy: true, Layer: layerRoute,
internal/app/cloudops/answer.go:385	shapeDocument		cloud_bridge_fixed_copy	cloud_error	pending_cloud_bridge_catalog_key	pending	daemon_cli	Message: "That document is not valid UTF-8 text.", fixedCopy: true, Layer: layerRoute}
internal/app/cloudops/answer.go:520	Undeliverable		cloud_bridge_fixed_copy	cloud_error	pending_cloud_bridge_catalog_key	pending	daemon_cli	Message: "This Cloud request addresses another machine.", fixedCopy: true})
internal/app/cloudops/answer.go:523	Undeliverable		cloud_bridge_fixed_copy	cloud_error	pending_cloud_bridge_catalog_key	pending	daemon_cli	Message: "This machine answered, and the channel that answer goes on is full; try again shortly.", fixedCopy: true,
internal/app/cloudops/answer.go:534	Undeliverable		cloud_bridge_fixed_copy	cloud_error	pending_cloud_bridge_catalog_key	pending	daemon_cli	Message: "This machine carried out the command and its reply could not be delivered.", fixedCopy: true,
internal/app/cloudops/answer.go:551	Busy		cloud_bridge_fixed_copy	cloud_error	pending_cloud_bridge_catalog_key	pending	daemon_cli	Message: "This Cloud request addresses another machine.", fixedCopy: true})
internal/app/cloudops/answer.go:554	Busy		cloud_bridge_fixed_copy	cloud_error	pending_cloud_bridge_catalog_key	pending	daemon_cli	Message: "This request was not accepted because Cloud ingress is full; try again shortly.", fixedCopy: true,
internal/app/cloudops/answer.go:568	Busy		cloud_bridge_fixed_copy	cloud_error	pending_cloud_bridge_catalog_key	pending	daemon_cli	Message: "Cloud commands are disabled on this machine.", fixedCopy: true})
internal/app/cloudops/cloudops.go:287	Handle		cloud_bridge_fixed_copy	cloud_error	pending_cloud_bridge_catalog_key	pending	daemon_cli	Message: "This Cloud request addresses another machine.", fixedCopy: true})
internal/app/cloudops/cloudops.go:291	Handle		cloud_bridge_fixed_copy	cloud_error	pending_cloud_bridge_catalog_key	pending	daemon_cli	Message: "This Cloud command is malformed.", fixedCopy: true})
internal/app/cloudops/cloudops.go:296	Handle		cloud_bridge_fixed_copy	cloud_error	pending_cloud_bridge_catalog_key	pending	daemon_cli	Message: "This machine does not know that Cloud command.", fixedCopy: true})
internal/app/cloudops/cloudops.go:319	serveRead		cloud_bridge_fixed_copy	cloud_error	pending_cloud_bridge_catalog_key	pending	daemon_cli	Message: "This Cloud read is malformed.", fixedCopy: true})
internal/app/cloudops/cloudops.go:324	serveRead		cloud_bridge_fixed_copy	cloud_error	pending_cloud_bridge_catalog_key	pending	daemon_cli	Message: "This Cloud read is malformed.", fixedCopy: true})
internal/app/cloudops/cloudops.go:337	serveRead		cloud_bridge_fixed_copy	cloud_error	pending_cloud_bridge_catalog_key	pending	daemon_cli	Message: "This machine does not know that Cloud command.", fixedCopy: true}, nil)
internal/app/cloudops/cloudops.go:349	stateSessions		cloud_bridge_fixed_copy	cloud_error	pending_cloud_bridge_catalog_key	pending	daemon_cli	Message: "This machine does not know that Cloud command.", fixedCopy: true}, nil)
internal/app/cloudops/cloudops.go:376	stateSessions		cloud_bridge_fixed_copy	cloud_error	pending_cloud_bridge_catalog_key	pending	daemon_cli	Message: "This read could not be answered.", fixedCopy: true, Layer: layerRoute}, nil)
internal/app/cloudops/cloudops.go:389	serveCommand		cloud_bridge_fixed_copy	cloud_error	pending_cloud_bridge_catalog_key	pending	daemon_cli	Message: "Cloud commands are disabled on this machine.", fixedCopy: true})
internal/app/cloudops/cloudops.go:397	serveCommand		cloud_bridge_fixed_copy	cloud_error	pending_cloud_bridge_catalog_key	pending	daemon_cli	Message: "This Cloud command is malformed.", fixedCopy: true})
internal/app/cloudops/cloudops.go:402	serveCommand		cloud_bridge_fixed_copy	cloud_error	pending_cloud_bridge_catalog_key	pending	daemon_cli	Message: "This Cloud command is malformed.", fixedCopy: true})
internal/app/cloudops/cloudops.go:420	serveCommand		cloud_bridge_fixed_copy	cloud_error	pending_cloud_bridge_catalog_key	pending	daemon_cli	Message: "This machine does not know that Cloud command.", fixedCopy: true}, nil)
internal/app/cloudops/cloudops.go:429	route		cloud_bridge_fixed_copy	cloud_error	pending_cloud_bridge_catalog_key	pending	daemon_cli	Message: "This machine's own routes are not reachable from its Cloud bridge.", fixedCopy: true,
internal/app/cloudops/cloudops.go:446	route		cloud_bridge_fixed_copy	cloud_error	pending_cloud_bridge_catalog_key	pending	daemon_cli	Message: "This machine could not answer that.", fixedCopy: true, Layer: layerRoute}, nil)
internal/app/cloudops/cloudops.go:480	authorize		cloud_bridge_fixed_copy	cloud_error	pending_cloud_bridge_catalog_key	pending	daemon_cli	Message: "This machine is still confirming the time; try again shortly.", fixedCopy: true,
internal/app/cloudops/cloudops.go:484	authorize		cloud_bridge_fixed_copy	cloud_error	pending_cloud_bridge_catalog_key	pending	daemon_cli	Message: "This machine could not read its paired devices.", fixedCopy: true}, true
internal/app/cloudops/cloudops.go:487	authorize		cloud_bridge_fixed_copy	cloud_error	pending_cloud_bridge_catalog_key	pending	daemon_cli	Message: "This machine does not recognise this device.", fixedCopy: true}, true
internal/app/cloudops/cloudops.go:490	authorize		cloud_bridge_fixed_copy	cloud_error	pending_cloud_bridge_catalog_key	pending	daemon_cli	Message: "Cloud commands are disabled on this machine.", fixedCopy: true}, true
internal/app/cloudops/ops.go:721	jsonBody		cloud_bridge_fixed_copy	cloud_error	pending_cloud_bridge_catalog_key	pending	daemon_cli	Message: "Cloud dispatch has no pinned wire shape on this machine.", fixedCopy: true}
internal/app/cloudops/ops.go:3520	answerNamesItsQuestion		cloud_bridge_fixed_copy	cloud_error	pending_cloud_bridge_catalog_key	pending	daemon_cli	Message: "This machine answers a menu over Clawdline Cloud only when the answer names the question it was chosen for. Reload the page and answer again.", fixedCopy: true}
internal/app/orchestrator/callback.go:799	callbackFinishedLine		agent_protocol_copy	clawdline.notice	preserve_agent_envelope_text	preserve	daemon_cli	func callbackFinishedLine(r Record, short, noticeID string) string {
internal/app/orchestrator/callback.go:801	callbackFinishedLine		agent_protocol_copy	clawdline.notice	preserve_agent_envelope_text	preserve	daemon_cli	if i := strings.IndexAny(head, ";\n"); i >= 0 {
internal/app/orchestrator/callback.go:804	callbackFinishedLine		agent_protocol_copy	clawdline.notice	preserve_agent_envelope_text	preserve	daemon_cli	line := fmt.Sprintf("callback %s finished: %s", short, r.State)
internal/app/orchestrator/callback.go:805	callbackFinishedLine		agent_protocol_copy	clawdline.notice	preserve_agent_envelope_text	preserve	daemon_cli	if head != "" {
internal/app/orchestrator/callback.go:806	callbackFinishedLine		agent_protocol_copy	clawdline.notice	preserve_agent_envelope_text	preserve	daemon_cli	line += " (" + head + ")"
internal/app/orchestrator/callback.go:809	callbackFinishedLine		agent_protocol_copy	clawdline.notice	preserve_agent_envelope_text	preserve	daemon_cli	line += "; its command was stopped"
internal/app/orchestrator/callback.go:811	callbackFinishedLine		agent_protocol_copy	clawdline.notice	preserve_agent_envelope_text	preserve	daemon_cli	return line + " — run " + ShowCommand(r.ID, noticeID)
internal/app/orchestrator/capacity_push.go:52	runCapacityPush		localized_human	push_or_schedule	producer_rendered_and_persisted_notification	covered	daemon_cli	sent, failed, err := b.Push(ctx, p.Title, p.Body, "", p.Tag)
internal/app/orchestrator/effects.go:667	runDeadLetterPush		localized_human	push_or_schedule	producer_rendered_and_persisted_notification	covered	daemon_cli	sent, failed, err := b.Push(ctx, pushTitle, said, r.RootTerminalID, "dead-letter-"+r.ID)
internal/app/orchestrator/lifecycle.go:655	sendNotify		user_agent_or_external_original	push_or_schedule	preserve_authored_notification	preserve	daemon_cli	sent, failed, err := b.Push(ctx, displayed, body, terminal, tag)
internal/app/orchestrator/notice.go:135	FinishedLine		agent_protocol_copy	clawdline.notice	preserve_agent_envelope_text	preserve	daemon_cli	func (b *Broker) FinishedLine(r Record, noticeID string) string {
internal/app/orchestrator/notice.go:144	FinishedLine		agent_protocol_copy	clawdline.notice	preserve_agent_envelope_text	preserve	daemon_cli	return callbackFinishedLine(r, short, noticeID)
internal/app/orchestrator/notice.go:146	FinishedLine		agent_protocol_copy	clawdline.notice	preserve_agent_envelope_text	preserve	daemon_cli	line := fmt.Sprintf("task %s finished: %s", short, r.State)
internal/app/orchestrator/notice.go:148	FinishedLine		agent_protocol_copy	clawdline.notice	preserve_agent_envelope_text	preserve	daemon_cli	line += "; claims released, its tab may still be writing"
internal/app/orchestrator/notice.go:153	FinishedLine		agent_protocol_copy	clawdline.notice	preserve_agent_envelope_text	preserve	daemon_cli	if r.Verdict != "" {
internal/app/orchestrator/notice.go:154	FinishedLine		agent_protocol_copy	clawdline.notice	preserve_agent_envelope_text	preserve	daemon_cli	line += " (" + r.Verdict + ")"
internal/app/orchestrator/notice.go:156	FinishedLine		agent_protocol_copy	clawdline.notice	preserve_agent_envelope_text	preserve	daemon_cli	line += "; its tab was stopped"
internal/app/orchestrator/notice.go:158	FinishedLine		agent_protocol_copy	clawdline.notice	preserve_agent_envelope_text	preserve	daemon_cli	line += " and its claims released"
internal/app/orchestrator/notice.go:162	FinishedLine		agent_protocol_copy	clawdline.notice	preserve_agent_envelope_text	preserve	daemon_cli	line += "; it stalled before signing — respawn it or dispatch again"
internal/app/orchestrator/notice.go:165	FinishedLine		agent_protocol_copy	clawdline.notice	preserve_agent_envelope_text	preserve	daemon_cli	line += "; " + landingLine(r)
internal/app/orchestrator/notice.go:168	FinishedLine		agent_protocol_copy	clawdline.notice	preserve_agent_envelope_text	preserve	daemon_cli	line += "; it wrote nothing, and the broker recorded nothing_to_land"
internal/app/orchestrator/notice.go:174	FinishedLine		agent_protocol_copy	clawdline.notice	preserve_agent_envelope_text	preserve	daemon_cli	line += fmt.Sprintf("; %d leftover(s)", n)
internal/app/orchestrator/notice.go:176	FinishedLine		agent_protocol_copy	clawdline.notice	preserve_agent_envelope_text	preserve	daemon_cli	return line + " — run " + ShowCommand(r.ID, noticeID)
internal/app/orchestrator/notice.go:182	ShowCommand		agent_protocol_copy	clawdline.notice	preserve_agent_envelope_text	preserve	daemon_cli	func ShowCommand(id, noticeID string) string {
internal/app/orchestrator/notice.go:183	ShowCommand		agent_protocol_copy	clawdline.notice	preserve_agent_envelope_text	preserve	daemon_cli	line := "clawdline task show " + id
internal/app/orchestrator/notice.go:184	ShowCommand		agent_protocol_copy	clawdline.notice	preserve_agent_envelope_text	preserve	daemon_cli	if noticeID != "" {
internal/app/orchestrator/notice.go:185	ShowCommand		agent_protocol_copy	clawdline.notice	preserve_agent_envelope_text	preserve	daemon_cli	line += "; that closes this notice"
internal/app/orchestrator/notice.go:219	landingLine		agent_protocol_copy	clawdline.notice	preserve_agent_envelope_text	preserve	daemon_cli	func landingLine(r Record) string {
internal/app/orchestrator/notice.go:220	landingLine		agent_protocol_copy	clawdline.notice	preserve_agent_envelope_text	preserve	daemon_cli	branch, path := "", ""
internal/app/orchestrator/notice.go:227	landingLine		agent_protocol_copy	clawdline.notice	preserve_agent_envelope_text	preserve	daemon_cli	return r.Landing.Note + "; merge what you want of it, or " + LandCommand(r.ID, LandingAbandoned)
internal/app/orchestrator/notice.go:231	landingLine		agent_protocol_copy	clawdline.notice	preserve_agent_envelope_text	preserve	daemon_cli	return "nothing is committed on branch " + branch + "; commit in " + path +
internal/app/orchestrator/notice.go:232	landingLine		agent_protocol_copy	clawdline.notice	preserve_agent_envelope_text	preserve	daemon_cli	" before the sweep takes it, or " + LandCommand(r.ID, LandingAbandoned)
internal/app/orchestrator/notice.go:237	landingLine		agent_protocol_copy	clawdline.notice	preserve_agent_envelope_text	preserve	daemon_cli	return "committed on branch " + branch + "; a merge records its landing by itself"
internal/app/orchestrator/notice.go:239	landingLine		agent_protocol_copy	clawdline.notice	preserve_agent_envelope_text	preserve	daemon_cli	return "branch " + branch + " could not be read; look at it, then run " +
internal/app/orchestrator/notice.go:240	landingLine		agent_protocol_copy	clawdline.notice	preserve_agent_envelope_text	preserve	daemon_cli	LandCommand(r.ID, LandingLanded) + " or " + LandCommand(r.ID, LandingAbandoned)
internal/app/orchestrator/notice.go:242	landingLine		agent_protocol_copy	clawdline.notice	preserve_agent_envelope_text	preserve	daemon_cli	return "it wrote the shared checkout; record the landing with " + LandCommand(r.ID, LandingLanded) +
internal/app/orchestrator/notice.go:243	landingLine		agent_protocol_copy	clawdline.notice	preserve_agent_envelope_text	preserve	daemon_cli	", or run " + LandCommand(r.ID, LandingAbandoned)
internal/app/orchestrator/notice.go:310	NoticeWire		agent_protocol_copy	clawdline.notice	preserve_agent_envelope_text	preserve	daemon_cli	Body:      b.FinishedLine(r, r.Notice.ID),
internal/app/orchestrator/notice.go:316	ReminderWire		agent_protocol_copy	clawdline.notice	preserve_agent_envelope_text	preserve	daemon_cli	func ReminderWire(r Record) (string, error) {
internal/app/orchestrator/notice.go:318	ReminderWire		agent_protocol_copy	clawdline.notice	preserve_agent_envelope_text	preserve	daemon_cli	return "", fmt.Errorf("this task has no completion envelope")
internal/app/orchestrator/notice.go:330	ReminderWire		agent_protocol_copy	clawdline.notice	preserve_agent_envelope_text	preserve	daemon_cli	Body:     "task " + short + " is not acknowledged — run " + ShowCommand(r.ID, r.Notice.ID),
internal/app/orchestrator/notice.go:337	completionWire		agent_protocol_copy	clawdline.notice	preserve_agent_envelope_text	preserve	daemon_cli	func (b *Broker) completionWire(ctx context.Context, r Record) (string, error) {
internal/app/orchestrator/notice.go:339	completionWire		agent_protocol_copy	clawdline.notice	preserve_agent_envelope_text	preserve	daemon_cli	return ReminderWire(r)
internal/app/orchestrator/notice.go:616	attemptNotice		agent_protocol_copy	clawdline.notice	preserve_agent_envelope_text	preserve	daemon_cli	wire, err := b.completionWire(ctx, r)
internal/app/orchestrator/notice.go:887	retypeIfIdle		agent_protocol_copy	clawdline.notice	preserve_agent_envelope_text	preserve	daemon_cli	wire, err := b.completionWire(ctx, r)
internal/app/orchestrator/remedy.go:95	package		fixed_remediation_copy	nested_remediation	pending_remediation_catalog_key	pending	daemon_cli	"succession_required": {Because: "Succession — moving the machine role together with the work — is not " +
internal/app/orchestrator/waiting_push.go:45	runWaitingPush		localized_human	push_or_schedule	producer_rendered_and_persisted_notification	covered	daemon_cli	sent, failed, err := b.Push(ctx, p.Title, p.Body, p.Terminal, p.Tag)
internal/app/orchestrator/work_item_push.go:35	runWorkItemCompletedPush		localized_human	push_or_schedule	producer_rendered_and_persisted_notification	covered	daemon_cli	sent, failed, err := b.Push(ctx, p.Title, p.Body, p.Terminal, p.Tag)
internal/app/proposals.go:1068	PushDecision		localized_human	push_or_schedule	productcopy_body_preserve_authored_title_and_options	covered	daemon_cli	sent, failed, perr := p.Push(ctx, title, body, "decision-"+d.ID)
internal/app/schedule_notifications.go:12	package		notification_copy_source	push	translate_fixed_copy_only	covered	daemon_cli	scheduleNoticeInvalidJSON        scheduleNoticeKind = "invalid_json"
internal/app/schedule_notifications.go:13	package		notification_copy_source	push	translate_fixed_copy_only	covered	daemon_cli	scheduleNoticeInvalidSchema      scheduleNoticeKind = "invalid_schema"
internal/app/schedule_notifications.go:14	package		notification_copy_source	push	translate_fixed_copy_only	covered	daemon_cli	scheduleNoticeProjectUnavailable scheduleNoticeKind = "project_unavailable"
internal/app/schedule_notifications.go:15	package		notification_copy_source	push	translate_fixed_copy_only	covered	daemon_cli	scheduleNoticeMissed             scheduleNoticeKind = "missed"
internal/app/schedule_notifications.go:16	package		notification_copy_source	push	translate_fixed_copy_only	covered	daemon_cli	scheduleNoticeRefused            scheduleNoticeKind = "refused"
internal/app/schedule_notifications.go:47	scheduleNotice		localized_human	push_or_schedule	productcopy_body_preserve_authored_title_and_options	covered	daemon_cli	func scheduleNotice(language string, kind scheduleNoticeKind, value string) string {
internal/app/schedule_notifications.go:59	scheduleNotice		notification_copy_source	push	translate_fixed_copy_only	covered	daemon_cli	template = scheduleNotices["en"][scheduleNoticeInvalidSchema]
internal/app/schedule_notifications.go:131	scheduleNoticeVerbs		notification_copy_source	push	translate_fixed_copy_only	covered	daemon_cli	scheduleNoticeInvalidJSON:        "Schedule file %s could not be read and was disabled.",
internal/app/schedule_notifications.go:132	scheduleNoticeVerbs		notification_copy_source	push	translate_fixed_copy_only	covered	daemon_cli	scheduleNoticeInvalidSchema:      "Schedule file %s has an invalid format and was disabled.",
internal/app/schedule_notifications.go:133	scheduleNoticeVerbs		notification_copy_source	push	translate_fixed_copy_only	covered	daemon_cli	scheduleNoticeProjectUnavailable: "Schedule file %s names a project directory that is currently unavailable and was disabled.",
internal/app/schedule_notifications.go:134	scheduleNoticeVerbs		notification_copy_source	push	translate_fixed_copy_only	covered	daemon_cli	scheduleNoticeMissed:             "The scheduled run missed its catch-up window and did not start.",
internal/app/schedule_notifications.go:135	scheduleNoticeVerbs		notification_copy_source	push	translate_fixed_copy_only	covered	daemon_cli	scheduleNoticeRefused:            "The scheduled run could not start (%s).",
internal/app/schedule_notifications.go:138	scheduleNoticeVerbs		notification_copy_source	push	translate_fixed_copy_only	covered	daemon_cli	scheduleNoticeInvalidJSON:        "無法讀取排程檔 %s，已停用。",
internal/app/schedule_notifications.go:139	scheduleNoticeVerbs		notification_copy_source	push	translate_fixed_copy_only	covered	daemon_cli	scheduleNoticeInvalidSchema:      "排程檔 %s 的內容不符合格式，已停用。",
internal/app/schedule_notifications.go:140	scheduleNoticeVerbs		notification_copy_source	push	translate_fixed_copy_only	covered	daemon_cli	scheduleNoticeProjectUnavailable: "排程檔 %s 指定的專案資料夾目前無法使用，已停用。",
internal/app/schedule_notifications.go:141	scheduleNoticeVerbs		notification_copy_source	push	translate_fixed_copy_only	covered	daemon_cli	scheduleNoticeMissed:             "排程執行已超過可補跑的時間，這次沒有啟動。",
internal/app/schedule_notifications.go:142	scheduleNoticeVerbs		notification_copy_source	push	translate_fixed_copy_only	covered	daemon_cli	scheduleNoticeRefused:            "排程這次無法啟動（%s）。",
internal/app/schedule_notifications.go:145	scheduleNoticeVerbs		notification_copy_source	push	translate_fixed_copy_only	covered	daemon_cli	scheduleNoticeInvalidJSON:        "スケジュールファイル %s を読み取れないため、無効にしました。",
internal/app/schedule_notifications.go:146	scheduleNoticeVerbs		notification_copy_source	push	translate_fixed_copy_only	covered	daemon_cli	scheduleNoticeInvalidSchema:      "スケジュールファイル %s の形式が無効なため、無効にしました。",
internal/app/schedule_notifications.go:147	scheduleNoticeVerbs		notification_copy_source	push	translate_fixed_copy_only	covered	daemon_cli	scheduleNoticeProjectUnavailable: "スケジュールファイル %s で指定されたプロジェクトフォルダーを利用できないため、無効にしました。",
internal/app/schedule_notifications.go:148	scheduleNoticeVerbs		notification_copy_source	push	translate_fixed_copy_only	covered	daemon_cli	scheduleNoticeMissed:             "予定された実行は再実行可能な時間を過ぎたため、開始されませんでした。",
internal/app/schedule_notifications.go:149	scheduleNoticeVerbs		notification_copy_source	push	translate_fixed_copy_only	covered	daemon_cli	scheduleNoticeRefused:            "予定された実行を開始できませんでした（%s）。",
internal/app/schedule_notifications.go:152	scheduleNoticeVerbs		notification_copy_source	push	translate_fixed_copy_only	covered	daemon_cli	scheduleNoticeInvalidJSON:        "无法读取排程文件 %s，已停用。",
internal/app/schedule_notifications.go:153	scheduleNoticeVerbs		notification_copy_source	push	translate_fixed_copy_only	covered	daemon_cli	scheduleNoticeInvalidSchema:      "排程文件 %s 的格式无效，已停用。",
internal/app/schedule_notifications.go:154	scheduleNoticeVerbs		notification_copy_source	push	translate_fixed_copy_only	covered	daemon_cli	scheduleNoticeProjectUnavailable: "排程文件 %s 指定的项目文件夹目前不可用，已停用。",
internal/app/schedule_notifications.go:155	scheduleNoticeVerbs		notification_copy_source	push	translate_fixed_copy_only	covered	daemon_cli	scheduleNoticeMissed:             "排程执行已超过可补跑时间，本次未启动。",
internal/app/schedule_notifications.go:156	scheduleNoticeVerbs		notification_copy_source	push	translate_fixed_copy_only	covered	daemon_cli	scheduleNoticeRefused:            "本次排程无法启动（%s）。",
internal/app/schedule_notifications.go:159	scheduleNoticeVerbs		notification_copy_source	push	translate_fixed_copy_only	covered	daemon_cli	scheduleNoticeInvalidJSON:        "일정 파일 %s을(를) 읽을 수 없어 비활성화했습니다.",
internal/app/schedule_notifications.go:160	scheduleNoticeVerbs		notification_copy_source	push	translate_fixed_copy_only	covered	daemon_cli	scheduleNoticeInvalidSchema:      "일정 파일 %s의 형식이 올바르지 않아 비활성화했습니다.",
internal/app/schedule_notifications.go:161	scheduleNoticeVerbs		notification_copy_source	push	translate_fixed_copy_only	covered	daemon_cli	scheduleNoticeProjectUnavailable: "일정 파일 %s에 지정된 프로젝트 폴더를 사용할 수 없어 비활성화했습니다.",
internal/app/schedule_notifications.go:162	scheduleNoticeVerbs		notification_copy_source	push	translate_fixed_copy_only	covered	daemon_cli	scheduleNoticeMissed:             "예약된 실행의 재시도 가능 시간이 지나 시작하지 않았습니다.",
internal/app/schedule_notifications.go:163	scheduleNoticeVerbs		notification_copy_source	push	translate_fixed_copy_only	covered	daemon_cli	scheduleNoticeRefused:            "예약된 실행을 시작할 수 없습니다(%s).",
internal/app/schedule_notifications.go:166	scheduleNoticeVerbs		notification_copy_source	push	translate_fixed_copy_only	covered	daemon_cli	scheduleNoticeInvalidJSON:        "No se pudo leer el archivo de programación %s y se desactivó.",
internal/app/schedule_notifications.go:167	scheduleNoticeVerbs		notification_copy_source	push	translate_fixed_copy_only	covered	daemon_cli	scheduleNoticeInvalidSchema:      "El archivo de programación %s tiene un formato no válido y se desactivó.",
internal/app/schedule_notifications.go:168	scheduleNoticeVerbs		notification_copy_source	push	translate_fixed_copy_only	covered	daemon_cli	scheduleNoticeProjectUnavailable: "La carpeta del proyecto indicada en el archivo de programación %s no está disponible y se desactivó.",
internal/app/schedule_notifications.go:169	scheduleNoticeVerbs		notification_copy_source	push	translate_fixed_copy_only	covered	daemon_cli	scheduleNoticeMissed:             "La ejecución programada superó el plazo de recuperación y no se inició.",
internal/app/schedule_notifications.go:170	scheduleNoticeVerbs		notification_copy_source	push	translate_fixed_copy_only	covered	daemon_cli	scheduleNoticeRefused:            "No se pudo iniciar la ejecución programada (%s).",
internal/app/schedule_notifications.go:173	scheduleNoticeVerbs		notification_copy_source	push	translate_fixed_copy_only	covered	daemon_cli	scheduleNoticeInvalidJSON:        "Não foi possível ler o arquivo de agendamento %s; ele foi desativado.",
internal/app/schedule_notifications.go:174	scheduleNoticeVerbs		notification_copy_source	push	translate_fixed_copy_only	covered	daemon_cli	scheduleNoticeInvalidSchema:      "O arquivo de agendamento %s tem formato inválido e foi desativado.",
internal/app/schedule_notifications.go:175	scheduleNoticeVerbs		notification_copy_source	push	translate_fixed_copy_only	covered	daemon_cli	scheduleNoticeProjectUnavailable: "A pasta do projeto indicada no arquivo de agendamento %s está indisponível; o arquivo foi desativado.",
internal/app/schedule_notifications.go:176	scheduleNoticeVerbs		notification_copy_source	push	translate_fixed_copy_only	covered	daemon_cli	scheduleNoticeMissed:             "A execução agendada perdeu o prazo de recuperação e não foi iniciada.",
internal/app/schedule_notifications.go:177	scheduleNoticeVerbs		notification_copy_source	push	translate_fixed_copy_only	covered	daemon_cli	scheduleNoticeRefused:            "Não foi possível iniciar a execução agendada (%s).",
internal/app/schedule_notifications.go:180	scheduleNoticeVerbs		notification_copy_source	push	translate_fixed_copy_only	covered	daemon_cli	scheduleNoticeInvalidJSON:        "Impossible de lire le fichier de planification %s ; il a été désactivé.",
internal/app/schedule_notifications.go:181	scheduleNoticeVerbs		notification_copy_source	push	translate_fixed_copy_only	covered	daemon_cli	scheduleNoticeInvalidSchema:      "Le fichier de planification %s a un format invalide et a été désactivé.",
internal/app/schedule_notifications.go:182	scheduleNoticeVerbs		notification_copy_source	push	translate_fixed_copy_only	covered	daemon_cli	scheduleNoticeProjectUnavailable: "Le dossier de projet indiqué dans le fichier de planification %s est indisponible ; le fichier a été désactivé.",
internal/app/schedule_notifications.go:183	scheduleNoticeVerbs		notification_copy_source	push	translate_fixed_copy_only	covered	daemon_cli	scheduleNoticeMissed:             "L’exécution planifiée a dépassé sa période de rattrapage et n’a pas démarré.",
internal/app/schedule_notifications.go:184	scheduleNoticeVerbs		notification_copy_source	push	translate_fixed_copy_only	covered	daemon_cli	scheduleNoticeRefused:            "Impossible de démarrer l’exécution planifiée (%s).",
internal/app/schedule_notifications.go:187	scheduleNoticeVerbs		notification_copy_source	push	translate_fixed_copy_only	covered	daemon_cli	scheduleNoticeInvalidJSON:        "Die Zeitplandatei %s konnte nicht gelesen werden und wurde deaktiviert.",
internal/app/schedule_notifications.go:188	scheduleNoticeVerbs		notification_copy_source	push	translate_fixed_copy_only	covered	daemon_cli	scheduleNoticeInvalidSchema:      "Die Zeitplandatei %s hat ein ungültiges Format und wurde deaktiviert.",
internal/app/schedule_notifications.go:189	scheduleNoticeVerbs		notification_copy_source	push	translate_fixed_copy_only	covered	daemon_cli	scheduleNoticeProjectUnavailable: "Der in der Zeitplandatei %s angegebene Projektordner ist nicht verfügbar; die Datei wurde deaktiviert.",
internal/app/schedule_notifications.go:190	scheduleNoticeVerbs		notification_copy_source	push	translate_fixed_copy_only	covered	daemon_cli	scheduleNoticeMissed:             "Der geplante Lauf lag außerhalb des Nachholzeitfensters und wurde nicht gestartet.",
internal/app/schedule_notifications.go:191	scheduleNoticeVerbs		notification_copy_source	push	translate_fixed_copy_only	covered	daemon_cli	scheduleNoticeRefused:            "Der geplante Lauf konnte nicht gestartet werden (%s).",
internal/app/scheduler.go:138	Beat		localized_human	push_or_schedule	productcopy_body_preserve_authored_title_and_options	covered	daemon_cli	b.Notify(ctx, s.Title, scheduleNotice(b.notificationLanguage(), scheduleNoticeMissed, ""), "schedule-"+s.ID+"-missed")
internal/app/scheduler.go:194	fireOne		localized_human	push_or_schedule	productcopy_body_preserve_authored_title_and_options	covered	daemon_cli	b.Notify(ctx, s.Title, scheduleNotice(b.notificationLanguage(), scheduleNoticeRefused, code), "schedule-"+s.ID+"-refused")
internal/app/schedules.go:230	load		localized_human	push_or_schedule	productcopy_body_preserve_authored_title_and_options	covered	daemon_cli	body := scheduleNotice(b.notificationLanguage(), invalidScheduleNoticeKind(n.kind), n.file)
internal/app/schedules.go:231	load		localized_human	push_or_schedule	productcopy_body_preserve_authored_title_and_options	covered	daemon_cli	b.Notify(ctx, n.title, body, "schedule-invalid-"+n.file)
internal/app/waiting.go:341	waitingText		localized_human	push	legacy_zh_hant_wrapper_around_productcopy	covered	daemon_cli	func waitingText(s session.Session, role WaitingRole, hasRole bool, stood time.Duration, now time.Time) (string, string) {
internal/app/waiting.go:342	waitingText		localized_human	push	legacy_zh_hant_wrapper_around_productcopy	covered	daemon_cli	return waitingTextLanguage("zh-Hant", s, role, hasRole, stood, now)
internal/transport/http/actions.go:70	sessionAction	not_found	actionable_refusal_candidate	http_json	error_and_detail_stable	pending	daemon_cli	writeRefusal(w, http.StatusNotFound, "not_found", "that is not a session action")
internal/transport/http/actions.go:74	sessionAction	method_not_allowed	actionable_refusal_candidate	http_json	error_and_detail_stable	pending	daemon_cli	writeRefusal(w, http.StatusMethodNotAllowed, "method_not_allowed",
internal/transport/http/actions.go:98	sessionAction	bad_request	actionable_refusal_candidate	http_json	error_and_detail_stable	pending	daemon_cli	writeRefusal(w, http.StatusBadRequest, "bad_request", "that body is not a send")
internal/transport/http/actions.go:102	sessionAction	empty_text	actionable_refusal_candidate	http_json	error_and_detail_stable	pending	daemon_cli	writeRefusal(w, http.StatusBadRequest, "empty_text", "there is nothing to type")
internal/transport/http/actions.go:143	sessionAction	bad_request	actionable_refusal_candidate	http_json	error_and_detail_stable	pending	daemon_cli	writeRefusal(w, http.StatusBadRequest, "bad_request", "title must be a string")
internal/transport/http/actions.go:159	sessionAction	title_not_saved	actionable_refusal_candidate	http_json	error_and_detail_stable	pending	daemon_cli	writeRefusal(w, http.StatusInternalServerError, "title_not_saved", "the session title could not be saved")
internal/transport/http/actions.go:170	sessionAction	bad_request	actionable_refusal_candidate	http_json	error_and_detail_stable	pending	daemon_cli	writeRefusal(w, http.StatusBadRequest, "bad_request",
internal/transport/http/actions.go:179	sessionAction	bad_request	actionable_refusal_candidate	http_json	error_and_detail_stable	pending	daemon_cli	writeRefusal(w, http.StatusBadRequest, "bad_request", "smart naming takes no options")
internal/transport/http/actions.go:193	sessionAction	bad_request	actionable_refusal_candidate	http_json	error_and_detail_stable	pending	daemon_cli	writeRefusal(w, http.StatusBadRequest, "bad_request", "that body is not a close")
internal/transport/http/actions.go:216	sessionAction	bad_request	actionable_refusal_candidate	http_json	error_and_detail_stable	pending	daemon_cli	writeRefusal(w, http.StatusBadRequest, "bad_request", "an archive needs an Idempotency-Key header")
internal/transport/http/actions.go:225	sessionAction	not_found	actionable_refusal_candidate	http_json	error_and_detail_stable	pending	daemon_cli	writeRefusal(w, http.StatusNotFound, "not_found", "no such action on a session")
internal/transport/http/actions.go:243	closeEvidence	close_not_proven	actionable_refusal_candidate	http_json	error_and_detail_stable	pending	daemon_cli	writeRefusal(w, http.StatusConflict, "close_not_proven", "The Session changed since it was shown. Read it again before closing.")
internal/transport/http/actions.go:252	closeEvidence	closeability_unknown	actionable_refusal_candidate	http_json	error_and_detail_stable	pending	daemon_cli	writeRefusal(w, http.StatusConflict, "closeability_unknown", "The Session cannot be read clearly enough to close.")
internal/transport/http/actions.go:255	closeEvidence	close_inventory_unavailable	actionable_refusal_candidate	http_json	error_and_detail_stable	pending	daemon_cli	writeRefusal(w, http.StatusConflict, "close_inventory_unavailable", "A fresh Session inventory did not complete. Try again after the next scan.")
internal/transport/http/actions.go:261	closeEvidence	session_not_found	actionable_refusal_candidate	http_json	error_and_detail_stable	pending	daemon_cli	writeRefusal(w, http.StatusNotFound, "session_not_found", "That Session is no longer present.")
internal/transport/http/actions.go:263	closeEvidence	close_inventory_unavailable	actionable_refusal_candidate	http_json	error_and_detail_stable	pending	daemon_cli	writeRefusal(w, http.StatusConflict, "close_inventory_unavailable", "A fresh Session inventory did not complete. Try again after the next scan.")
internal/transport/http/actions.go:353	sessionWrite	bad_request	actionable_refusal_candidate	http_json	error_and_detail_stable	pending	daemon_cli	writeRefusal(w, http.StatusBadRequest, "bad_request", "that body could not be read")
internal/transport/http/actions.go:499	writeActionRefusal	dynamic	actionable_refusal_candidate	http_json	error_and_detail_stable	pending	daemon_cli	writeRefusal(w, status, ref.Code, ref.Detail)
internal/transport/http/agent_session_close.go:50	agentSessions	not_found	actionable_refusal_candidate	http_json	error_and_detail_stable	pending	daemon_cli	writeRefusal(w, http.StatusNotFound, "not_found", "No such Agent work-system route.")
internal/transport/http/agent_session_close.go:60	agentSessions	dynamic	actionable_refusal_candidate	http_json	error_and_detail_stable	pending	daemon_cli	writeRefusal(w, refusal.status, refusal.code, refusal.message)
internal/transport/http/agent_session_close.go:67	agentSessions	not_found	actionable_refusal_candidate	http_json	error_and_detail_stable	pending	daemon_cli	writeRefusal(w, http.StatusNotFound, "not_found", "No such Agent work-system route.")
internal/transport/http/agent_session_close.go:77	agentCloseSession	force_refused	actionable_refusal_candidate	http_json	error_and_detail_stable	pending	daemon_cli	writeRefusal(w, http.StatusUnprocessableEntity, "force_refused",
internal/transport/http/agent_session_close.go:83	agentCloseSession	dynamic	actionable_refusal_candidate	http_json	error_and_detail_stable	pending	daemon_cli	writeRefusal(w, refusal.status, refusal.code, refusal.message)
internal/transport/http/agent_session_close.go:104	agentCloseSession	close_not_proven	actionable_refusal_candidate	http_json	error_and_detail_stable	pending	daemon_cli	writeRefusal(w, http.StatusConflict, "close_not_proven",
internal/transport/http/agent_session_close.go:123	scheduleOwnClose	close_not_proven	actionable_refusal_candidate	http_json	error_and_detail_stable	pending	daemon_cli	writeRefusal(w, http.StatusConflict, "close_not_proven",
internal/transport/http/agent_session_close.go:129	scheduleOwnClose	close_schedule_full	actionable_refusal_candidate	http_json	error_and_detail_stable	pending	daemon_cli	writeRefusal(w, http.StatusTooManyRequests, "close_schedule_full",
internal/transport/http/agent_session_only.go:61	refuseOrdinaryShell	not_an_agent_session	actionable_refusal_candidate	http_json	error_and_detail_stable	pending	daemon_cli	writeRefusal(w, http.StatusConflict, "not_an_agent_session",
internal/transport/http/agents.go:32	sessionAgentRoute	method_not_allowed	actionable_refusal_candidate	http_json	error_and_detail_stable	pending	daemon_cli	writeRefusal(w, http.StatusMethodNotAllowed, "method_not_allowed", "an agent transcript is a GET")
internal/transport/http/agents.go:48	sessionAgentRoute	not_found	actionable_refusal_candidate	http_json	error_and_detail_stable	pending	daemon_cli	writeRefusal(w, http.StatusNotFound, "not_found", "that background agent is not part of this session")
internal/transport/http/board.go:76	boardRead	bad_request	actionable_refusal_candidate	http_json	error_and_detail_stable	pending	daemon_cli	writeRefusal(w, http.StatusBadRequest, "bad_request", "Unknown board query field.")
internal/transport/http/board.go:86	boardRead	board_selector_not_implemented	actionable_refusal_candidate	http_json	error_and_detail_stable	pending	daemon_cli	writeRefusal(w, http.StatusNotImplemented, "board_selector_not_implemented",
internal/transport/http/board.go:94	boardRead	invalid_audience_selector	actionable_refusal_candidate	http_json	error_and_detail_stable	pending	daemon_cli	writeRefusal(w, http.StatusBadRequest, "invalid_audience_selector",
internal/transport/http/board.go:99	boardRead	invalid_audience_selector	actionable_refusal_candidate	http_json	error_and_detail_stable	pending	daemon_cli	writeRefusal(w, http.StatusBadRequest, "invalid_audience_selector",
internal/transport/http/board.go:160	boardWrite	board_command_too_large	actionable_refusal_candidate	http_json	error_and_detail_stable	pending	daemon_cli	writeRefusal(w, http.StatusRequestEntityTooLarge, "board_command_too_large",
internal/transport/http/board.go:166	boardWrite	invalid_command	actionable_refusal_candidate	http_json	error_and_detail_stable	pending	daemon_cli	writeRefusal(w, http.StatusBadRequest, "invalid_command", "That body is not a board command.")
internal/transport/http/board.go:170	boardWrite	dynamic	actionable_refusal_candidate	http_json	error_and_detail_stable	pending	daemon_cli	writeRefusal(w, http.StatusForbidden, "forbidden", "This device may only read the board.")
internal/transport/http/board.go:174	boardWrite	dynamic	actionable_refusal_candidate	http_json	error_and_detail_stable	pending	daemon_cli	writeRefusal(w, http.StatusForbidden, "forbidden",
internal/transport/http/board.go:217	writeBoardEnvelope	board_response_too_large	actionable_refusal_candidate	http_json	error_and_detail_stable	pending	daemon_cli	writeRefusal(w, http.StatusServiceUnavailable, "board_response_too_large", message)
internal/transport/http/board_settings.go:115	boardApply	board_store_unreadable	actionable_refusal_candidate	http_json	error_and_detail_stable	pending	daemon_cli	writeRefusal(w, http.StatusServiceUnavailable, "board_store_unreadable", "The command's receipt could not be read.")
internal/transport/http/callbacks.go:21	brokerCallback	method_not_allowed	actionable_refusal_candidate	http_json	error_and_detail_stable	pending	daemon_cli	writeRefusal(w, http.StatusMethodNotAllowed, "method_not_allowed", "A callback is started with POST.")
internal/transport/http/coordinator.go:177	orchestratorCoordinatorRoute	not_found	actionable_refusal_candidate	http_json	error_and_detail_stable	pending	daemon_cli	writeRefusal(w, http.StatusNotFound, "not_found", "No such coordinator route.")
internal/transport/http/devstacks.go:33	devStacksRoute	method_not_allowed	actionable_refusal_candidate	http_json	error_and_detail_stable	pending	daemon_cli	writeRefusal(w, http.StatusMethodNotAllowed, "method_not_allowed",
internal/transport/http/git.go:67	sessionGitRoute	not_found	actionable_refusal_candidate	http_json	error_and_detail_stable	pending	daemon_cli	writeRefusal(w, http.StatusNotFound, "not_found", "No session named that")
internal/transport/http/git.go:88	sessionGitDiffRoute	bad_request	actionable_refusal_candidate	http_json	error_and_detail_stable	pending	daemon_cli	writeRefusal(w, http.StatusBadRequest, "bad_request", "A Git diff needs a changed path")
internal/transport/http/git.go:99	sessionGitDiffRoute	not_found	actionable_refusal_candidate	http_json	error_and_detail_stable	pending	daemon_cli	writeRefusal(w, http.StatusNotFound, "not_found", "No session named that")
internal/transport/http/git.go:105	sessionGitDiffRoute	git_file_not_changed	actionable_refusal_candidate	http_json	error_and_detail_stable	pending	daemon_cli	writeRefusal(w, http.StatusNotFound, "git_file_not_changed", "That path is not a changed file in this repository")
internal/transport/http/git.go:130	writeGitRefusal	not_a_repo	actionable_refusal_candidate	http_json	error_and_detail_stable	pending	daemon_cli	writeRefusal(w, http.StatusNotFound, "not_a_repo",
internal/transport/http/git.go:133	writeGitRefusal	git_timeout	actionable_refusal_candidate	http_json	error_and_detail_stable	pending	daemon_cli	writeRefusal(w, http.StatusGatewayTimeout, "git_timeout",
internal/transport/http/git.go:138	writeGitRefusal	git_too_large	actionable_refusal_candidate	http_json	error_and_detail_stable	pending	daemon_cli	writeRefusal(w, http.StatusInternalServerError, "git_too_large",
internal/transport/http/git.go:142	writeGitRefusal	git_unavailable	actionable_refusal_candidate	http_json	error_and_detail_stable	pending	daemon_cli	writeRefusal(w, http.StatusNotImplemented, "git_unavailable",
internal/transport/http/git.go:145	writeGitRefusal	git_failed	actionable_refusal_candidate	http_json	error_and_detail_stable	pending	daemon_cli	writeRefusal(w, http.StatusInternalServerError, "git_failed",
internal/transport/http/handoffs.go:71	handoffsRoute	method_not_allowed	actionable_refusal_candidate	http_json	error_and_detail_stable	pending	daemon_cli	writeRefusal(w, http.StatusMethodNotAllowed, "method_not_allowed", "Handoffs are read with GET and opened with POST.")
internal/transport/http/handoffs.go:114	rootAssignmentsRoute	method_not_allowed	actionable_refusal_candidate	http_json	error_and_detail_stable	pending	daemon_cli	writeRefusal(w, http.StatusMethodNotAllowed, "method_not_allowed",
internal/transport/http/handoffs.go:126	graphsRoute	method_not_allowed	actionable_refusal_candidate	http_json	error_and_detail_stable	pending	daemon_cli	writeRefusal(w, http.StatusMethodNotAllowed, "method_not_allowed", "Graphs are read with GET.")
internal/transport/http/handoffs.go:191	reclaimRoute	method_not_allowed	actionable_refusal_candidate	http_json	error_and_detail_stable	pending	daemon_cli	writeRefusal(w, http.StatusMethodNotAllowed, "method_not_allowed", "The sweep is read with GET and run with POST.")
internal/transport/http/human_interventions.go:68	workV2HumanInterventions	dynamic	actionable_refusal_candidate	http_json	error_and_detail_stable	pending	daemon_cli	writeRefusal(w, http.StatusForbidden, "forbidden", "A person with read access must open this Session.")
internal/transport/http/human_interventions.go:79	workV2HumanInterventions	not_found	actionable_refusal_candidate	http_json	error_and_detail_stable	pending	daemon_cli	writeRefusal(w, http.StatusNotFound, "not_found", "Name a target conversation.")
internal/transport/http/human_interventions.go:84	workV2HumanInterventions	conversation_id_malformed	actionable_refusal_candidate	http_json	error_and_detail_stable	pending	daemon_cli	writeRefusal(w, http.StatusBadRequest, "conversation_id_malformed", "Name the target as conversation:<lowercase UUID>.")
internal/transport/http/human_interventions.go:129	workV2HumanInterventions	not_found	actionable_refusal_candidate	http_json	error_and_detail_stable	pending	daemon_cli	writeRefusal(w, http.StatusNotFound, "not_found", "No such intervention action.")
internal/transport/http/human_interventions.go:145	agentCreateHumanIntervention	session_unresolved	actionable_refusal_candidate	http_json	error_and_detail_stable	pending	daemon_cli	writeRefusal(w, http.StatusServiceUnavailable, "session_unresolved", "The live Session registry is unavailable.")
internal/transport/http/human_interventions.go:157	agentCreateHumanIntervention	target_session_unavailable	actionable_refusal_candidate	http_json	error_and_detail_stable	pending	daemon_cli	writeRefusal(w, http.StatusConflict, "target_session_unavailable", "The target Session has no unique live conversation.")
internal/transport/http/human_interventions.go:163	agentCreateHumanIntervention	target_session_ambiguous	actionable_refusal_candidate	http_json	error_and_detail_stable	pending	daemon_cli	writeRefusal(w, http.StatusConflict, "target_session_ambiguous", "The target conversation does not resolve to that Session.")
internal/transport/http/human_interventions.go:202	writeHumanInterventionIdentityError	dynamic	actionable_refusal_candidate	http_json	error_and_detail_stable	pending	daemon_cli	writeRefusal(w, refusal.Status, refusal.Code, refusal.Message)
internal/transport/http/human_interventions.go:206	writeHumanInterventionIdentityError	session_unresolved	actionable_refusal_candidate	http_json	error_and_detail_stable	pending	daemon_cli	writeRefusal(w, http.StatusServiceUnavailable, "session_unresolved", "The source Session could not be verified.")
internal/transport/http/images.go:65	imageRoute	method_not_allowed	actionable_refusal_candidate	http_json	error_and_detail_stable	pending	daemon_cli	writeRefusal(w, http.StatusMethodNotAllowed, "method_not_allowed", "an image is read with GET")
internal/transport/http/images.go:72	imageRoute	artifact_not_found	actionable_refusal_candidate	http_json	error_and_detail_stable	pending	daemon_cli	writeRefusal(w, http.StatusNotFound, "artifact_not_found", "No image artifact named that.")
internal/transport/http/images.go:106	imageRoute	artifact_expired	actionable_refusal_candidate	http_json	error_and_detail_stable	pending	daemon_cli	writeRefusal(w, http.StatusGone, "artifact_expired", "That image artifact has expired or been pruned.")
internal/transport/http/images.go:108	imageRoute	artifact_not_found	actionable_refusal_candidate	http_json	error_and_detail_stable	pending	daemon_cli	writeRefusal(w, http.StatusNotFound, "artifact_not_found", "No image artifact named that.")
internal/transport/http/images.go:121	imagesRoute	method_not_allowed	actionable_refusal_candidate	http_json	error_and_detail_stable	pending	daemon_cli	writeRefusal(w, http.StatusMethodNotAllowed, "method_not_allowed", "pictures are stored with POST")
internal/transport/http/images.go:130	imagesRoute	bad_request	actionable_refusal_candidate	http_json	error_and_detail_stable	pending	daemon_cli	writeRefusal(w, http.StatusBadRequest, "bad_request", "The closed body needs only images.")
internal/transport/http/images.go:135	imagesRoute	bad_request	actionable_refusal_candidate	http_json	error_and_detail_stable	pending	daemon_cli	writeRefusal(w, http.StatusBadRequest, "bad_request", "The closed body needs only images.")
internal/transport/http/images.go:162	imagesRoute	encoding_failed	actionable_refusal_candidate	http_json	error_and_detail_stable	pending	daemon_cli	writeRefusal(w, http.StatusInternalServerError, "encoding_failed",
internal/transport/http/images.go:186	writePictureRefusal	artifact_storage_failed	actionable_refusal_candidate	http_json	error_and_detail_stable	pending	daemon_cli	writeRefusal(w, ref.Status, ref.Code, ref.Message)
internal/transport/http/intent.go:35	intentRoute	method_not_allowed	actionable_refusal_candidate	http_json	error_and_detail_stable	pending	daemon_cli	writeRefusal(w, http.StatusMethodNotAllowed, "method_not_allowed", "Planning a sentence is a POST.")
internal/transport/http/intent.go:49	intentRoute	bad_request	actionable_refusal_candidate	http_json	error_and_detail_stable	pending	daemon_cli	writeRefusal(w, http.StatusBadRequest, "bad_request", "That body could not be read.")
internal/transport/http/intent.go:62	planSentence	bad_request	actionable_refusal_candidate	http_json	error_and_detail_stable	pending	daemon_cli	writeRefusal(w, http.StatusBadRequest, "bad_request", "That needs text: what the person said.")
internal/transport/http/intent.go:73	planSentence	bad_request	actionable_refusal_candidate	http_json	error_and_detail_stable	pending	daemon_cli	writeRefusal(w, http.StatusBadRequest, "bad_request", "That text was empty.")
internal/transport/http/intent.go:77	planSentence	dynamic	actionable_refusal_candidate	http_json	error_and_detail_stable	pending	daemon_cli	writeRefusal(w, http.StatusTooManyRequests, "busy", "This machine is already working out two of these. Try again in a moment.")
internal/transport/http/intent.go:93	planSentence	no_planner	actionable_refusal_candidate	http_json	error_and_detail_stable	pending	daemon_cli	writeRefusal(w, http.StatusServiceUnavailable, "no_planner", "This machine has neither claude nor codex on it, so there is nothing here to work out what you meant with.")
internal/transport/http/intent.go:98	planSentence	plan_failed	actionable_refusal_candidate	http_json	error_and_detail_stable	pending	daemon_cli	writeRefusal(w, http.StatusBadGateway, "plan_failed", "The planner did not come back with anything usable. Try saying it again, or fill the draft by hand.")
internal/transport/http/keys.go:39	sessionKey	bad_request	actionable_refusal_candidate	http_json	error_and_detail_stable	pending	daemon_cli	writeRefusal(w, http.StatusBadRequest, "bad_request", "that body is not a key")
internal/transport/http/keys.go:46	sessionKey	bad_request	actionable_refusal_candidate	http_json	error_and_detail_stable	pending	daemon_cli	writeRefusal(w, http.StatusBadRequest, "bad_request",
internal/transport/http/keys.go:58	sessionKey	bad_request	actionable_refusal_candidate	http_json	error_and_detail_stable	pending	daemon_cli	writeRefusal(w, http.StatusBadRequest, "bad_request",
internal/transport/http/keys.go:63	sessionKey	bad_request	actionable_refusal_candidate	http_json	error_and_detail_stable	pending	daemon_cli	writeRefusal(w, http.StatusBadRequest, "bad_request",
internal/transport/http/links.go:63	sessionLinksRoute	not_found	actionable_refusal_candidate	http_json	error_and_detail_stable	pending	daemon_cli	writeRefusal(w, http.StatusNotFound, "not_found",
internal/transport/http/machine_usage.go:56	machineUsageRoute	machine_usage_unsupported	actionable_refusal_candidate	http_json	error_and_detail_stable	pending	daemon_cli	writeRefusal(w, http.StatusNotImplemented, "machine_usage_unsupported", err.Error())
internal/transport/http/orchestrator.go:44	orchestratorTaskRoute	not_found	actionable_refusal_candidate	http_json	error_and_detail_stable	pending	daemon_cli	writeRefusal(w, http.StatusNotFound, "not_found", "that is not a task action")
internal/transport/http/orchestrator.go:85	orchestratorTaskRoute	not_found	actionable_refusal_candidate	http_json	error_and_detail_stable	pending	daemon_cli	writeRefusal(w, http.StatusNotFound, "not_found", "that is not a task action")
internal/transport/http/orchestrator.go:113	brokerGateResult	invalid_gate_result	actionable_refusal_candidate	http_json	error_and_detail_stable	pending	daemon_cli	writeRefusal(w, http.StatusBadRequest, "invalid_gate_result", "The gate result body could not be read.")
internal/transport/http/orchestrator.go:137	brokerInventory	method_not_allowed	actionable_refusal_candidate	http_json	error_and_detail_stable	pending	daemon_cli	writeRefusal(w, http.StatusMethodNotAllowed, "method_not_allowed", "the inventory is read with GET")
internal/transport/http/orchestrator.go:527	brokerMessages	method_not_allowed	actionable_refusal_candidate	http_json	error_and_detail_stable	pending	daemon_cli	writeRefusal(w, http.StatusMethodNotAllowed, "method_not_allowed", "a message is sent with POST")
internal/transport/http/orchestrator.go:632	brokerSessionRoute	not_found	actionable_refusal_candidate	http_json	error_and_detail_stable	pending	daemon_cli	writeRefusal(w, http.StatusNotFound, "not_found", "that is not a session action")
internal/transport/http/orchestrator.go:702	brokerAssistants	method_not_allowed	actionable_refusal_candidate	http_json	error_and_detail_stable	pending	daemon_cli	writeRefusal(w, http.StatusMethodNotAllowed, "method_not_allowed", "the assistants are read with GET")
internal/transport/http/orchestrator.go:751	brokerLandings	method_not_allowed	actionable_refusal_candidate	http_json	error_and_detail_stable	pending	daemon_cli	writeRefusal(w, http.StatusMethodNotAllowed, "method_not_allowed", "the landings are read with GET")
internal/transport/http/orchestrator.go:837	itemLandings	invalid_work_id	actionable_refusal_candidate	http_json	error_and_detail_stable	pending	daemon_cli	writeRefusal(w, http.StatusBadRequest, "invalid_work_id", "work_id names no Board item id.")
internal/transport/http/orchestrator.go:896	brokerAddressBook	method_not_allowed	actionable_refusal_candidate	http_json	error_and_detail_stable	pending	daemon_cli	writeRefusal(w, http.StatusMethodNotAllowed, "method_not_allowed", "the sessions are read with GET")
internal/transport/http/orchestrator.go:957	brokerMachineNotify	method_not_allowed	actionable_refusal_candidate	http_json	error_and_detail_stable	pending	daemon_cli	writeRefusal(w, http.StatusMethodNotAllowed, "method_not_allowed", "a notification is sent with POST")
internal/transport/http/orchestrator.go:985	brokerDurableReportPromotion	method_not_allowed	actionable_refusal_candidate	http_json	error_and_detail_stable	pending	daemon_cli	writeRefusal(w, http.StatusMethodNotAllowed, "method_not_allowed", "a promotion is sent with POST")
internal/transport/http/page.go:106	ServeHTTP	no_web_root	actionable_refusal_candidate	http_json	error_and_detail_stable	pending	daemon_cli	writeRefusal(w, http.StatusNotImplemented, "no_web_root",
internal/transport/http/page.go:123	ServeHTTP	bad_path	actionable_refusal_candidate	http_json	error_and_detail_stable	pending	daemon_cli	writeRefusal(w, http.StatusBadRequest, "bad_path", "that path leaves the console")
internal/transport/http/personas.go:17	personasRoute	method_not_allowed	actionable_refusal_candidate	http_json	error_and_detail_stable	pending	daemon_cli	writeRefusal(w, http.StatusMethodNotAllowed, "method_not_allowed", "Personas are read with GET.")
internal/transport/http/project_files.go:20	projectFilesRoute	bad_request	actionable_refusal_candidate	http_json	error_and_detail_stable	pending	daemon_cli	writeRefusal(w, 400, "bad_request", "Project files take no query fields.")
internal/transport/http/project_files.go:24	projectFilesRoute	method_not_allowed	actionable_refusal_candidate	http_json	error_and_detail_stable	pending	daemon_cli	writeRefusal(w, 405, "method_not_allowed", "Read with GET or save one file with PUT.")
internal/transport/http/project_files.go:29	projectFilesRoute	project_not_found	actionable_refusal_candidate	http_json	error_and_detail_stable	pending	daemon_cli	writeRefusal(w, 404, "project_not_found", "Choose a Project that this machine currently lists.")
internal/transport/http/project_files.go:34	projectFilesRoute	home_unavailable	actionable_refusal_candidate	http_json	error_and_detail_stable	pending	daemon_cli	writeRefusal(w, 503, "home_unavailable", "This machine's home directory is unavailable.")
internal/transport/http/project_files.go:39	projectFilesRoute	bad_request	actionable_refusal_candidate	http_json	error_and_detail_stable	pending	daemon_cli	writeRefusal(w, 400, "bad_request", "A Project file read takes no body.")
internal/transport/http/project_files.go:60	projectFilesRoute	dynamic	actionable_refusal_candidate	http_json	error_and_detail_stable	pending	daemon_cli	writeRefusal(w, 403, "forbidden", "This device may read Project files but cannot save them.")
internal/transport/http/project_files.go:65	projectFilesRoute	bad_request	actionable_refusal_candidate	http_json	error_and_detail_stable	pending	daemon_cli	writeRefusal(w, 400, "bad_request", "Saving a file needs an Idempotency-Key.")
internal/transport/http/project_files.go:70	projectFilesRoute	bad_request	actionable_refusal_candidate	http_json	error_and_detail_stable	pending	daemon_cli	writeRefusal(w, 400, "bad_request", "The file update could not be read.")
internal/transport/http/project_files.go:74	projectFilesRoute	body_too_large	actionable_refusal_candidate	http_json	error_and_detail_stable	pending	daemon_cli	writeRefusal(w, 413, "body_too_large", "The file update is too large.")
internal/transport/http/project_files.go:84	projectFilesRoute	bad_request	actionable_refusal_candidate	http_json	error_and_detail_stable	pending	daemon_cli	writeRefusal(w, 400, "bad_request", "Supply the expected version and text content.")
internal/transport/http/project_files.go:104	writeProjectFileRefusal	file_permission	actionable_refusal_candidate	http_json	error_and_detail_stable	pending	daemon_cli	writeRefusal(w, 403, "file_permission", "This file cannot be read or saved with this machine's permissions.")
internal/transport/http/project_files.go:108	writeProjectFileRefusal	dynamic	actionable_refusal_candidate	http_json	error_and_detail_stable	pending	daemon_cli	writeRefusal(w, status, code, detail)
internal/transport/http/project_icons.go:16	projectIconRoute	method_not_allowed	actionable_refusal_candidate	http_json	error_and_detail_stable	pending	daemon_cli	writeRefusal(w, 405, "method_not_allowed", "Copy an icon with PUT.")
internal/transport/http/project_icons.go:20	projectIconRoute	dynamic	actionable_refusal_candidate	http_json	error_and_detail_stable	pending	daemon_cli	writeRefusal(w, 403, "forbidden", "This device may read, and not send.")
internal/transport/http/project_icons.go:24	projectIconRoute	bad_request	actionable_refusal_candidate	http_json	error_and_detail_stable	pending	daemon_cli	writeRefusal(w, 400, "bad_request", "An icon copy takes no query fields.")
internal/transport/http/project_icons.go:37	projectIconRoute	body_too_large	actionable_refusal_candidate	http_json	error_and_detail_stable	pending	daemon_cli	writeRefusal(w, 413, "body_too_large", "The icon copy exceeds 96 KiB.")
internal/transport/http/project_icons.go:39	projectIconRoute	invalid_icon	actionable_refusal_candidate	http_json	error_and_detail_stable	pending	daemon_cli	writeRefusal(w, 400, "invalid_icon", "Supply an icon and the expected current icon.")
internal/transport/http/project_icons.go:44	projectIconRoute	invalid_icon	actionable_refusal_candidate	http_json	error_and_detail_stable	pending	daemon_cli	writeRefusal(w, 400, "invalid_icon", "Supply one JSON object.")
internal/transport/http/project_icons.go:49	projectIconRoute	invalid_icon	actionable_refusal_candidate	http_json	error_and_detail_stable	pending	daemon_cli	writeRefusal(w, 422, "invalid_icon", err.Error())
internal/transport/http/project_icons.go:55	projectIconRoute	project_not_found	actionable_refusal_candidate	http_json	error_and_detail_stable	pending	daemon_cli	writeRefusal(w, 404, "project_not_found", "Choose a Project on this machine.")
internal/transport/http/project_icons.go:61	projectIconRoute	project_mirrored	actionable_refusal_candidate	http_json	error_and_detail_stable	pending	daemon_cli	writeRefusal(w, 409, "project_mirrored", "Another machine owns this Project's settings. Change the icon there, or stop mirroring it here first.")
internal/transport/http/project_icons.go:67	projectIconRoute	icon_changed	actionable_refusal_candidate	http_json	error_and_detail_stable	pending	daemon_cli	writeRefusal(w, 409, "icon_changed", err.Error())
internal/transport/http/project_icons.go:69	projectIconRoute	icon_capacity	actionable_refusal_candidate	http_json	error_and_detail_stable	pending	daemon_cli	writeRefusal(w, 409, "icon_capacity", err.Error())
internal/transport/http/project_icons.go:71	projectIconRoute	icon_store_unavailable	actionable_refusal_candidate	http_json	error_and_detail_stable	pending	daemon_cli	writeRefusal(w, 503, "icon_store_unavailable", "The icon could not be saved. Try again.")
internal/transport/http/project_sync.go:108	projectSyncRoute	project_sync_unavailable	actionable_refusal_candidate	http_json	error_and_detail_stable	pending	daemon_cli	writeRefusal(w, 503, "project_sync_unavailable", "Project settings sync is not available on this machine.")
internal/transport/http/project_sync.go:114	projectSyncRoute	method_not_allowed	actionable_refusal_candidate	http_json	error_and_detail_stable	pending	daemon_cli	writeRefusal(w, 405, "method_not_allowed", "GET only")
internal/transport/http/project_sync.go:118	projectSyncRoute	bad_request	actionable_refusal_candidate	http_json	error_and_detail_stable	pending	daemon_cli	writeRefusal(w, 400, "bad_request", "The manifest takes no query fields.")
internal/transport/http/project_sync.go:124	projectSyncRoute	method_not_allowed	actionable_refusal_candidate	http_json	error_and_detail_stable	pending	daemon_cli	writeRefusal(w, 405, "method_not_allowed", "GET only")
internal/transport/http/project_sync.go:145	projectSyncRoute	bad_request	actionable_refusal_candidate	http_json	error_and_detail_stable	pending	daemon_cli	writeRefusal(w, 400, "bad_request", "The mirror takes no query fields.")
internal/transport/http/project_sync.go:153	projectSyncRoute	dynamic	actionable_refusal_candidate	http_json	error_and_detail_stable	pending	daemon_cli	writeRefusal(w, 403, "forbidden", "This device may read, and not send.")
internal/transport/http/project_sync.go:162	projectSyncRoute	mirror_store_unavailable	actionable_refusal_candidate	http_json	error_and_detail_stable	pending	daemon_cli	writeRefusal(w, 503, "mirror_store_unavailable", "The mirror could not be saved. Try again.")
internal/transport/http/project_sync.go:167	projectSyncRoute	method_not_allowed	actionable_refusal_candidate	http_json	error_and_detail_stable	pending	daemon_cli	writeRefusal(w, 405, "method_not_allowed", "GET, POST or DELETE")
internal/transport/http/project_sync.go:170	projectSyncRoute	not_found	actionable_refusal_candidate	http_json	error_and_detail_stable	pending	daemon_cli	writeRefusal(w, 404, "not_found", "No such project sync route.")
internal/transport/http/project_sync.go:178	onlyRepo	bad_request	actionable_refusal_candidate	http_json	error_and_detail_stable	pending	daemon_cli	writeRefusal(w, 400, "bad_request", "Name one repository as ?repo=host/owner/name.")
internal/transport/http/project_sync.go:186	projectMirrorApply	dynamic	actionable_refusal_candidate	http_json	error_and_detail_stable	pending	daemon_cli	writeRefusal(w, 403, "forbidden", "This device may read, and not send.")
internal/transport/http/project_sync.go:190	projectMirrorApply	bad_request	actionable_refusal_candidate	http_json	error_and_detail_stable	pending	daemon_cli	writeRefusal(w, 400, "bad_request", "An apply takes no query fields.")
internal/transport/http/project_sync.go:200	projectMirrorApply	body_too_large	actionable_refusal_candidate	http_json	error_and_detail_stable	pending	daemon_cli	writeRefusal(w, 413, "body_too_large", "One project's settings exceed 4 MiB.")
internal/transport/http/project_sync.go:202	projectMirrorApply	invalid_project	actionable_refusal_candidate	http_json	error_and_detail_stable	pending	daemon_cli	writeRefusal(w, 400, "invalid_project", "Supply a source, a project and whether to clone it.")
internal/transport/http/project_sync.go:207	projectMirrorApply	invalid_project	actionable_refusal_candidate	http_json	error_and_detail_stable	pending	daemon_cli	writeRefusal(w, 400, "invalid_project", "Supply one JSON object.")
internal/transport/http/project_sync.go:211	projectMirrorApply	invalid_project	actionable_refusal_candidate	http_json	error_and_detail_stable	pending	daemon_cli	writeRefusal(w, 422, "invalid_project", "The source is named in at most 200 bytes.")
internal/transport/http/project_sync.go:221	projectMirrorApply	clone_busy	actionable_refusal_candidate	http_json	error_and_detail_stable	pending	daemon_cli	writeRefusal(w, 429, "clone_busy", err.Error())
internal/transport/http/project_sync.go:223	projectMirrorApply	mirror_capacity	actionable_refusal_candidate	http_json	error_and_detail_stable	pending	daemon_cli	writeRefusal(w, 409, "mirror_capacity", err.Error())
internal/transport/http/project_sync.go:227	projectMirrorApply	clone_root_unavailable	actionable_refusal_candidate	http_json	error_and_detail_stable	pending	daemon_cli	writeRefusal(w, 409, "clone_root_unavailable", err.Error())
internal/transport/http/project_tree.go:13	projectTreeRoute	method_not_allowed	actionable_refusal_candidate	http_json	error_and_detail_stable	pending	daemon_cli	writeRefusal(w, 405, "method_not_allowed", "The Project tree is read-only.")
internal/transport/http/project_tree.go:17	projectTreeRoute	bad_request	actionable_refusal_candidate	http_json	error_and_detail_stable	pending	daemon_cli	writeRefusal(w, 400, "bad_request", "A Project tree read takes no body.")
internal/transport/http/project_tree.go:27	projectTreeRoute	bad_request	actionable_refusal_candidate	http_json	error_and_detail_stable	pending	daemon_cli	writeRefusal(w, 400, "bad_request", "Supply one Project-relative directory or file path.")
internal/transport/http/project_tree.go:32	projectTreeRoute	bad_tree_path	actionable_refusal_candidate	http_json	error_and_detail_stable	pending	daemon_cli	writeRefusal(w, 400, "bad_tree_path", "Choose a file or folder within this Project.")
internal/transport/http/project_tree.go:37	projectTreeRoute	project_not_found	actionable_refusal_candidate	http_json	error_and_detail_stable	pending	daemon_cli	writeRefusal(w, 404, "project_not_found", "Choose a Project that this machine currently lists.")
internal/transport/http/project_unify.go:23	projectUnifyRoute	bad_request	actionable_refusal_candidate	http_json	error_and_detail_stable	pending	daemon_cli	writeRefusal(w, 400, "bad_request", "Unify takes no query fields.")
internal/transport/http/project_unify.go:27	projectUnifyRoute	method_not_allowed	actionable_refusal_candidate	http_json	error_and_detail_stable	pending	daemon_cli	writeRefusal(w, 405, "method_not_allowed", "Read the plan with GET or apply it with POST.")
internal/transport/http/project_unify.go:32	projectUnifyRoute	project_not_found	actionable_refusal_candidate	http_json	error_and_detail_stable	pending	daemon_cli	writeRefusal(w, 404, "project_not_found", "Choose a Project that this machine currently lists.")
internal/transport/http/project_unify.go:37	projectUnifyRoute	bad_request	actionable_refusal_candidate	http_json	error_and_detail_stable	pending	daemon_cli	writeRefusal(w, 400, "bad_request", "A unify plan read takes no body.")
internal/transport/http/project_unify.go:49	projectUnifyRoute	dynamic	actionable_refusal_candidate	http_json	error_and_detail_stable	pending	daemon_cli	writeRefusal(w, 403, "forbidden", "This device may read the unify plan but cannot apply it.")
internal/transport/http/project_unify.go:54	projectUnifyRoute	bad_request	actionable_refusal_candidate	http_json	error_and_detail_stable	pending	daemon_cli	writeRefusal(w, 400, "bad_request", "Applying a unify plan needs an Idempotency-Key.")
internal/transport/http/project_unify.go:59	projectUnifyRoute	bad_request	actionable_refusal_candidate	http_json	error_and_detail_stable	pending	daemon_cli	writeRefusal(w, 400, "bad_request", "Send {\"version\": \"<the plan's version>\"}.")
internal/transport/http/project_unify.go:66	projectUnifyRoute	bad_request	actionable_refusal_candidate	http_json	error_and_detail_stable	pending	daemon_cli	writeRefusal(w, 400, "bad_request", "Send {\"version\": \"<the plan's version>\"}.")
internal/transport/http/project_unify.go:99	writeUnifyRefusal	file_permission	actionable_refusal_candidate	http_json	error_and_detail_stable	pending	daemon_cli	writeRefusal(w, 403, "file_permission", "A file or directory could not be written with this machine's permissions.")
internal/transport/http/project_unify.go:103	writeUnifyRefusal	dynamic	actionable_refusal_candidate	http_json	error_and_detail_stable	pending	daemon_cli	writeRefusal(w, status, code, detail)
internal/transport/http/projects.go:186	placesRoute	method_not_allowed	actionable_refusal_candidate	http_json	error_and_detail_stable	pending	daemon_cli	writeRefusal(w, http.StatusMethodNotAllowed, "method_not_allowed", "GET only")
internal/transport/http/projects.go:223	projectCatalogRoute	method_not_allowed	actionable_refusal_candidate	http_json	error_and_detail_stable	pending	daemon_cli	writeRefusal(w, http.StatusMethodNotAllowed, "method_not_allowed", "GET only")
internal/transport/http/projects.go:341	projectsRoute	not_found	actionable_refusal_candidate	http_json	error_and_detail_stable	pending	daemon_cli	writeRefusal(w, http.StatusNotFound, "not_found", "No such route")
internal/transport/http/projects.go:350	projectsRoute	method_not_allowed	actionable_refusal_candidate	http_json	error_and_detail_stable	pending	daemon_cli	writeRefusal(w, http.StatusMethodNotAllowed, "method_not_allowed", want+" only")
internal/transport/http/projects.go:354	projectsRoute	bad_request	actionable_refusal_candidate	http_json	error_and_detail_stable	pending	daemon_cli	writeRefusal(w, http.StatusBadRequest, "bad_request", "Worktree lifecycle routes take no query fields.")
internal/transport/http/projects.go:359	projectsRoute	bad_request	actionable_refusal_candidate	http_json	error_and_detail_stable	pending	daemon_cli	writeRefusal(w, http.StatusBadRequest, "bad_request", "The body could not be read.")
internal/transport/http/projects.go:363	projectsRoute	body_too_large	actionable_refusal_candidate	http_json	error_and_detail_stable	pending	daemon_cli	writeRefusal(w, http.StatusRequestEntityTooLarge, "body_too_large", "A worktree lifecycle body is at most 16 KiB.")
internal/transport/http/projects.go:367	projectsRoute	bad_request	actionable_refusal_candidate	http_json	error_and_detail_stable	pending	daemon_cli	writeRefusal(w, http.StatusBadRequest, "bad_request", "This route takes no body.")
internal/transport/http/projects.go:373	projectsRoute	bad_request	actionable_refusal_candidate	http_json	error_and_detail_stable	pending	daemon_cli	writeRefusal(w, http.StatusBadRequest, "bad_request", "The body must be one JSON object.")
internal/transport/http/projects.go:377	projectsRoute	bad_request	actionable_refusal_candidate	http_json	error_and_detail_stable	pending	daemon_cli	writeRefusal(w, http.StatusBadRequest, "bad_request", "A refresh takes an empty body.")
internal/transport/http/projects.go:387	projectsRoute	worktree_lifecycle_busy	actionable_refusal_candidate	http_json	error_and_detail_stable	pending	daemon_cli	writeRefusal(w, http.StatusTooManyRequests, "worktree_lifecycle_busy",
internal/transport/http/projects.go:398	projectsRoute	dynamic	actionable_refusal_candidate	http_json	error_and_detail_stable	pending	daemon_cli	writeRefusal(w, refusal.Status, refusal.Code, refusal.Message)
internal/transport/http/proposals.go:419	sessionProposalsRoute	method_not_allowed	actionable_refusal_candidate	http_json	error_and_detail_stable	pending	daemon_cli	writeRefusal(w, http.StatusMethodNotAllowed, "method_not_allowed", "A proposal is made with POST.")
internal/transport/http/proposals.go:427	sessionProposalsRoute	not_found	actionable_refusal_candidate	http_json	error_and_detail_stable	pending	daemon_cli	writeRefusal(w, http.StatusNotFound, "not_found", "No such proposal route.")
internal/transport/http/proposals.go:452	sessionProposalsRoute	session_required	actionable_refusal_candidate	http_json	error_and_detail_stable	pending	daemon_cli	writeRefusal(w, http.StatusBadRequest, "session_required",
internal/transport/http/proposals.go:469	sessionProposalsRoute	method_not_allowed	actionable_refusal_candidate	http_json	error_and_detail_stable	pending	daemon_cli	writeRefusal(w, http.StatusMethodNotAllowed, "method_not_allowed",
internal/transport/http/proposals.go:506	propose	dynamic	actionable_refusal_candidate	http_json	error_and_detail_stable	pending	daemon_cli	writeRefusal(w, http.StatusUnauthorized, "unauthorized", "A child proposes with its task_id and its task secret.")
internal/transport/http/proposals.go:515	propose	no_root	actionable_refusal_candidate	http_json	error_and_detail_stable	pending	daemon_cli	writeRefusal(w, http.StatusConflict, "no_root",
internal/transport/http/proposals.go:524	propose	proposal_is_for_sessions	actionable_refusal_candidate	http_json	error_and_detail_stable	pending	daemon_cli	writeRefusal(w, http.StatusForbidden, "proposal_is_for_sessions",
internal/transport/http/proposals.go:528	propose	dynamic	actionable_refusal_candidate	http_json	error_and_detail_stable	pending	daemon_cli	writeRefusal(w, http.StatusUnauthorized, "unauthorized", "This needs the orchestrator token.")
internal/transport/http/proposals.go:562	sessionDecisionsRoute	decision_is_for_sessions	actionable_refusal_candidate	http_json	error_and_detail_stable	pending	daemon_cli	writeRefusal(w, http.StatusForbidden, "decision_is_for_sessions",
internal/transport/http/proposals.go:568	sessionDecisionsRoute	method_not_allowed	actionable_refusal_candidate	http_json	error_and_detail_stable	pending	daemon_cli	writeRefusal(w, http.StatusMethodNotAllowed, "method_not_allowed", "A decision is asked with POST.")
internal/transport/http/proposals.go:595	sessionDecisionsRoute	not_found	actionable_refusal_candidate	http_json	error_and_detail_stable	pending	daemon_cli	writeRefusal(w, http.StatusNotFound, "not_found", "No such decision route.")
internal/transport/http/proposals.go:671	workProposalsRoute	invalid_state	actionable_refusal_candidate	http_json	error_and_detail_stable	pending	daemon_cli	writeRefusal(w, http.StatusBadRequest, "invalid_state",
internal/transport/http/proposals.go:694	workProposalsRoute	not_found	actionable_refusal_candidate	http_json	error_and_detail_stable	pending	daemon_cli	writeRefusal(w, http.StatusNotFound, "not_found", "No such proposal route.")
internal/transport/http/proposals.go:699	workProposalsRoute	method_not_allowed	actionable_refusal_candidate	http_json	error_and_detail_stable	pending	daemon_cli	writeRefusal(w, http.StatusMethodNotAllowed, "method_not_allowed",
internal/transport/http/proposals.go:762	workProposalsRoute	method_not_allowed	actionable_refusal_candidate	http_json	error_and_detail_stable	pending	daemon_cli	writeRefusal(w, http.StatusMethodNotAllowed, "method_not_allowed", "A proposal is read with GET and answered with POST.")
internal/transport/http/proposals.go:781	workDecisionsRoute	invalid_state	actionable_refusal_candidate	http_json	error_and_detail_stable	pending	daemon_cli	writeRefusal(w, http.StatusBadRequest, "invalid_state", "state is open, answered, defaulted, withdrawn or all.")
internal/transport/http/proposals.go:804	workDecisionsRoute	not_found	actionable_refusal_candidate	http_json	error_and_detail_stable	pending	daemon_cli	writeRefusal(w, http.StatusNotFound, "not_found", "No such decision route.")
internal/transport/http/proposals.go:838	workDecisionsRoute	method_not_allowed	actionable_refusal_candidate	http_json	error_and_detail_stable	pending	daemon_cli	writeRefusal(w, http.StatusMethodNotAllowed, "method_not_allowed", "A decision is read with GET and answered with POST.")
internal/transport/http/proposals.go:849	workDigestsRoute	invalid_kind	actionable_refusal_candidate	http_json	error_and_detail_stable	pending	daemon_cli	writeRefusal(w, http.StatusBadRequest, "invalid_kind", "kind is daily or weekly.")
internal/transport/http/pwa.go:53	withPWA	bad_request	actionable_refusal_candidate	http_json	error_and_detail_stable	pending	daemon_cli	writeRefusal(w, http.StatusMethodNotAllowed, "bad_request", "That is read with GET.")
internal/transport/http/pwa.go:58	withPWA	not_found	actionable_refusal_candidate	http_json	error_and_detail_stable	pending	daemon_cli	writeRefusal(w, http.StatusNotFound, "not_found", "No splash that size")
internal/transport/http/reports.go:37	reportRoute	method_not_allowed	actionable_refusal_candidate	http_json	error_and_detail_stable	pending	daemon_cli	writeRefusal(w, http.StatusMethodNotAllowed, "method_not_allowed", "a report is read with GET")
internal/transport/http/reports.go:41	reportRoute	report_not_over_cloud	actionable_refusal_candidate	http_json	error_and_detail_stable	pending	daemon_cli	writeRefusal(w, http.StatusForbidden, "report_not_over_cloud",
internal/transport/http/reports.go:46	reportRoute	report_local_only	actionable_refusal_candidate	http_json	error_and_detail_stable	pending	daemon_cli	writeRefusal(w, http.StatusForbidden, "report_local_only",
internal/transport/http/reports.go:53	reportRoute	report_not_found	actionable_refusal_candidate	http_json	error_and_detail_stable	pending	daemon_cli	writeRefusal(w, http.StatusNotFound, "report_not_found", "No report has that address.")
internal/transport/http/runs.go:107	sessionRun	method_not_allowed	actionable_refusal_candidate	http_json	error_and_detail_stable	pending	daemon_cli	writeRefusal(w, http.StatusMethodNotAllowed, "method_not_allowed", "A run is read with GET.")
internal/transport/http/runs.go:112	sessionRun	not_found	actionable_refusal_candidate	http_json	error_and_detail_stable	pending	daemon_cli	writeRefusal(w, http.StatusNotFound, "not_found", "No such session.")
internal/transport/http/runs.go:119	sessionRun	store_unavailable	actionable_refusal_candidate	http_json	error_and_detail_stable	pending	daemon_cli	writeRefusal(w, http.StatusServiceUnavailable, "store_unavailable", "The runs could not be read.")
internal/transport/http/runs.go:121	sessionRun	no_run	actionable_refusal_candidate	http_json	error_and_detail_stable	pending	daemon_cli	writeRefusal(w, http.StatusNotFound, "no_run",
internal/transport/http/runs.go:133	runRoute	method_not_allowed	actionable_refusal_candidate	http_json	error_and_detail_stable	pending	daemon_cli	writeRefusal(w, http.StatusMethodNotAllowed, "method_not_allowed", "A run is read with GET.")
internal/transport/http/runs.go:142	runRoute	run_unknown	actionable_refusal_candidate	http_json	error_and_detail_stable	pending	daemon_cli	writeRefusal(w, http.StatusNotFound, "run_unknown", "No run has that id.")
internal/transport/http/runs.go:149	runRoute	store_unavailable	actionable_refusal_candidate	http_json	error_and_detail_stable	pending	daemon_cli	writeRefusal(w, http.StatusServiceUnavailable, "store_unavailable", "The runs could not be read.")
internal/transport/http/runs.go:151	runRoute	run_unknown	actionable_refusal_candidate	http_json	error_and_detail_stable	pending	daemon_cli	writeRefusal(w, http.StatusNotFound, "run_unknown", "No run has that id.")
internal/transport/http/screen.go:118	screensRoute	method_not_allowed	actionable_refusal_candidate	http_json	error_and_detail_stable	pending	daemon_cli	writeRefusal(w, http.StatusMethodNotAllowed, "method_not_allowed",
internal/transport/http/server.go:783	notImplemented	not_implemented	actionable_refusal_candidate	http_json	error_and_detail_stable	pending	daemon_cli	writeRefusalAbout(w, http.StatusNotImplemented, "not_implemented",
internal/transport/http/session_archive.go:53	archivedRoute	method_not_allowed	actionable_refusal_candidate	http_json	error_and_detail_stable	pending	daemon_cli	writeRefusal(w, http.StatusMethodNotAllowed, "method_not_allowed", "the archived sessions are read with GET")
internal/transport/http/session_archive.go:59	archivedRoute	method_not_allowed	actionable_refusal_candidate	http_json	error_and_detail_stable	pending	daemon_cli	writeRefusal(w, http.StatusMethodNotAllowed, "method_not_allowed", "a restore is a POST")
internal/transport/http/session_archive.go:83	archivedList	dynamic	actionable_refusal_candidate	http_json	error_and_detail_stable	pending	daemon_cli	writeRefusal(w, http.StatusServiceUnavailable, app.ArchiveUnavailable, "This machine keeps no archive record.")
internal/transport/http/session_archive.go:91	archivedList	store_unavailable	actionable_refusal_candidate	http_json	error_and_detail_stable	pending	daemon_cli	writeRefusal(w, http.StatusServiceUnavailable, "store_unavailable",
internal/transport/http/session_archive.go:108	archiveSession	bad_request	actionable_refusal_candidate	http_json	error_and_detail_stable	pending	daemon_cli	writeRefusal(w, http.StatusBadRequest, "bad_request", "that body is not an archive")
internal/transport/http/session_archive.go:118	archiveSession	dynamic	actionable_refusal_candidate	http_json	error_and_detail_stable	pending	daemon_cli	writeRefusal(w, http.StatusConflict, app.ArchiveNoConversation, "That Session has no conversation to archive.")
internal/transport/http/session_archive.go:138	restoreArchived	dynamic	actionable_refusal_candidate	http_json	error_and_detail_stable	pending	daemon_cli	writeRefusal(w, http.StatusServiceUnavailable, app.ArchiveUnavailable, "This machine keeps no archive record.")
internal/transport/http/session_archive.go:146	restoreArchived	bad_request	actionable_refusal_candidate	http_json	error_and_detail_stable	pending	daemon_cli	writeRefusal(w, http.StatusBadRequest, "bad_request", err.Error())
internal/transport/http/session_archive.go:164	restoreArchived	store_unavailable	actionable_refusal_candidate	http_json	error_and_detail_stable	pending	daemon_cli	writeRefusal(w, http.StatusServiceUnavailable, "store_unavailable",
internal/transport/http/session_restore.go:106	restorableRoute	method_not_allowed	actionable_refusal_candidate	http_json	error_and_detail_stable	pending	daemon_cli	writeRefusal(w, http.StatusMethodNotAllowed, "method_not_allowed", "the restorable sessions are read with GET")
internal/transport/http/session_restore.go:112	restorableRoute	method_not_allowed	actionable_refusal_candidate	http_json	error_and_detail_stable	pending	daemon_cli	writeRefusal(w, http.StatusMethodNotAllowed, "method_not_allowed", "a restore is a POST")
internal/transport/http/session_restore.go:118	restorableRoute	method_not_allowed	actionable_refusal_candidate	http_json	error_and_detail_stable	pending	daemon_cli	writeRefusal(w, http.StatusMethodNotAllowed, "method_not_allowed", "a dismissal is a POST")
internal/transport/http/session_restore.go:134	restorableList	store_unavailable	actionable_refusal_candidate	http_json	error_and_detail_stable	pending	daemon_cli	writeRefusal(w, http.StatusServiceUnavailable, "store_unavailable",
internal/transport/http/session_restore.go:180	restoreWriting	body_too_large	actionable_refusal_candidate	http_json	error_and_detail_stable	pending	daemon_cli	writeRefusal(w, http.StatusRequestEntityTooLarge, "body_too_large", "That request is larger than this route reads.")
internal/transport/http/session_restore.go:222	restoreSessions	bad_request	actionable_refusal_candidate	http_json	error_and_detail_stable	pending	daemon_cli	writeRefusal(w, http.StatusBadRequest, "bad_request", err.Error())
internal/transport/http/session_restore.go:239	restoreSessions	store_unavailable	actionable_refusal_candidate	http_json	error_and_detail_stable	pending	daemon_cli	writeRefusal(w, http.StatusServiceUnavailable, "store_unavailable",
internal/transport/http/session_restore.go:311	dismissRestorable	bad_request	actionable_refusal_candidate	http_json	error_and_detail_stable	pending	daemon_cli	writeRefusal(w, http.StatusBadRequest, "bad_request", err.Error())
internal/transport/http/session_restore.go:324	dismissRestorable	store_unavailable	actionable_refusal_candidate	http_json	error_and_detail_stable	pending	daemon_cli	writeRefusal(w, http.StatusServiceUnavailable, "store_unavailable",
internal/transport/http/session_restore.go:329	dismissRestorable	dynamic	actionable_refusal_candidate	http_json	error_and_detail_stable	pending	daemon_cli	writeRefusal(w, http.StatusConflict, app.RestoreBootUnknown,
internal/transport/http/session_smart_title.go:29	smartSessionTitle	conversation_empty	actionable_refusal_candidate	http_json	error_and_detail_stable	pending	daemon_cli	writeRefusal(w, http.StatusConflict, "conversation_empty",
internal/transport/http/session_smart_title.go:34	smartSessionTitle	conversation_unreadable	actionable_refusal_candidate	http_json	error_and_detail_stable	pending	daemon_cli	writeRefusal(w, http.StatusConflict, "conversation_unreadable",
internal/transport/http/session_smart_title.go:39	smartSessionTitle	conversation_empty	actionable_refusal_candidate	http_json	error_and_detail_stable	pending	daemon_cli	writeRefusal(w, http.StatusConflict, "conversation_empty",
internal/transport/http/session_smart_title.go:50	smartSessionTitle	dynamic	actionable_refusal_candidate	http_json	error_and_detail_stable	pending	daemon_cli	writeRefusal(w, http.StatusTooManyRequests, "busy",
internal/transport/http/session_smart_title.go:64	smartSessionTitle	no_namer	actionable_refusal_candidate	http_json	error_and_detail_stable	pending	daemon_cli	writeRefusal(w, http.StatusServiceUnavailable, "no_namer",
internal/transport/http/session_smart_title.go:70	smartSessionTitle	namer_out_of_quota	actionable_refusal_candidate	http_json	error_and_detail_stable	pending	daemon_cli	writeRefusal(w, http.StatusServiceUnavailable, "namer_out_of_quota",
internal/transport/http/session_smart_title.go:76	smartSessionTitle	naming_failed	actionable_refusal_candidate	http_json	error_and_detail_stable	pending	daemon_cli	writeRefusal(w, http.StatusBadGateway, "naming_failed",
internal/transport/http/session_smart_title.go:83	smartSessionTitle	naming_failed	actionable_refusal_candidate	http_json	error_and_detail_stable	pending	daemon_cli	writeRefusal(w, http.StatusBadGateway, "naming_failed",
internal/transport/http/session_smart_title.go:89	smartSessionTitle	title_not_saved	actionable_refusal_candidate	http_json	error_and_detail_stable	pending	daemon_cli	writeRefusal(w, http.StatusInternalServerError, "title_not_saved", "the session title could not be saved")
internal/transport/http/settings.go:71	settingsRoute	unsupported_media_type	actionable_refusal_candidate	http_json	error_and_detail_stable	pending	daemon_cli	writeRefusal(w, http.StatusUnsupportedMediaType, "unsupported_media_type",
internal/transport/http/settings.go:78	settingsRoute	bad_request	actionable_refusal_candidate	http_json	error_and_detail_stable	pending	daemon_cli	writeRefusal(w, http.StatusBadRequest, "bad_request", "that body is not a settings change")
internal/transport/http/settings.go:114	settingsRoute	method_not_allowed	actionable_refusal_candidate	http_json	error_and_detail_stable	pending	daemon_cli	writeRefusal(w, http.StatusMethodNotAllowed, "method_not_allowed", "GET or POST")
internal/transport/http/settings.go:134	defaultModelsRoute	unsupported_media_type	actionable_refusal_candidate	http_json	error_and_detail_stable	pending	daemon_cli	writeRefusal(w, http.StatusUnsupportedMediaType, "unsupported_media_type",
internal/transport/http/settings.go:141	defaultModelsRoute	bad_request	actionable_refusal_candidate	http_json	error_and_detail_stable	pending	daemon_cli	writeRefusal(w, http.StatusBadRequest, "bad_request", "that body is not a default model change")
internal/transport/http/settings.go:170	defaultModelsRoute	method_not_allowed	actionable_refusal_candidate	http_json	error_and_detail_stable	pending	daemon_cli	writeRefusal(w, http.StatusMethodNotAllowed, "method_not_allowed", "GET or POST")
internal/transport/http/settings.go:198	workGateSettingsRoute	unsupported_media_type	actionable_refusal_candidate	http_json	error_and_detail_stable	pending	daemon_cli	writeRefusal(w, http.StatusUnsupportedMediaType, "unsupported_media_type",
internal/transport/http/settings.go:205	workGateSettingsRoute	bad_request	actionable_refusal_candidate	http_json	error_and_detail_stable	pending	daemon_cli	writeRefusal(w, http.StatusBadRequest, "bad_request", "that body is not a work gate settings change")
internal/transport/http/settings.go:236	workGateSettingsRoute	method_not_allowed	actionable_refusal_candidate	http_json	error_and_detail_stable	pending	daemon_cli	writeRefusal(w, http.StatusMethodNotAllowed, "method_not_allowed", "GET or POST")
internal/transport/http/shells.go:40	sessionShellRoute	method_not_allowed	actionable_refusal_candidate	http_json	error_and_detail_stable	pending	daemon_cli	writeRefusal(w, http.StatusMethodNotAllowed, "method_not_allowed", "a shell's output is a GET")
internal/transport/http/shells.go:51	sessionShellRoute	not_found	actionable_refusal_candidate	http_json	error_and_detail_stable	pending	daemon_cli	writeRefusal(w, http.StatusNotFound, "not_found", "that background command is not part of this session")
internal/transport/http/shells.go:56	sessionShellRoute	not_found	actionable_refusal_candidate	http_json	error_and_detail_stable	pending	daemon_cli	writeRefusal(w, http.StatusNotFound, "not_found", "this daemon reads no background commands")
internal/transport/http/shells.go:68	sessionShellRoute	not_found	actionable_refusal_candidate	http_json	error_and_detail_stable	pending	daemon_cli	writeRefusal(w, http.StatusNotFound, "not_found", "that background command is not part of this session")
internal/transport/http/skills.go:53	sessionSkillsRoute	not_found	actionable_refusal_candidate	http_json	error_and_detail_stable	pending	daemon_cli	writeRefusal(w, http.StatusNotFound, "not_found",
internal/transport/http/snippets.go:143	writeSnippetFailure	rate_limited	actionable_refusal_candidate	http_json	error_and_detail_stable	pending	daemon_cli	writeRefusal(w, http.StatusTooManyRequests, "rate_limited",
internal/transport/http/snippets.go:146	writeSnippetFailure	write_failed	actionable_refusal_candidate	http_json	error_and_detail_stable	pending	daemon_cli	writeRefusal(w, http.StatusTooManyRequests, "busy",
internal/transport/http/snippets.go:149	writeSnippetFailure	write_failed	actionable_refusal_candidate	http_json	error_and_detail_stable	pending	daemon_cli	writeRefusal(w, http.StatusInternalServerError, "write_failed",
internal/transport/http/snippets.go:164	snippetsRoute	bad_request	actionable_refusal_candidate	http_json	error_and_detail_stable	pending	daemon_cli	writeRefusal(w, http.StatusMethodNotAllowed, "bad_request", "No such route")
internal/transport/http/snippets.go:178	snippetListRoute	store_unreadable	actionable_refusal_candidate	http_json	error_and_detail_stable	pending	daemon_cli	writeRefusal(w, http.StatusInternalServerError, "store_unreadable",
internal/transport/http/snippets.go:198	snippetListRoute	not_found	actionable_refusal_candidate	http_json	error_and_detail_stable	pending	daemon_cli	writeRefusal(w, http.StatusNotFound, "not_found", "No session named that")
internal/transport/http/snippets.go:234	snippetRoute	bad_request	actionable_refusal_candidate	http_json	error_and_detail_stable	pending	daemon_cli	writeRefusal(w, http.StatusMethodNotAllowed, "bad_request", "No such route")
internal/transport/http/snippets.go:241	snippetOrderRoute	bad_request	actionable_refusal_candidate	http_json	error_and_detail_stable	pending	daemon_cli	writeRefusal(w, http.StatusMethodNotAllowed, "bad_request", "No such route")
internal/transport/http/snippets.go:257	snippetWrite	dynamic	actionable_refusal_candidate	http_json	error_and_detail_stable	pending	daemon_cli	writeRefusal(w, http.StatusForbidden, "forbidden", "This device may read, and not send.")
internal/transport/http/snippets.go:262	snippetWrite	idempotency_key_required	actionable_refusal_candidate	http_json	error_and_detail_stable	pending	daemon_cli	writeRefusal(w, http.StatusBadRequest, "idempotency_key_required",
internal/transport/http/snippets.go:295	snippetBody	bad_request	actionable_refusal_candidate	http_json	error_and_detail_stable	pending	daemon_cli	writeRefusal(w, http.StatusBadRequest, "bad_request", "The body could not be read.")
internal/transport/http/snippets.go:299	snippetBody	body_too_large	actionable_refusal_candidate	http_json	error_and_detail_stable	pending	daemon_cli	writeRefusal(w, http.StatusRequestEntityTooLarge, "body_too_large",
internal/transport/http/squad.go:29	squadRoute	method_not_allowed	actionable_refusal_candidate	http_json	error_and_detail_stable	pending	daemon_cli	writeRefusal(w, http.StatusMethodNotAllowed, "method_not_allowed", "Use GET or POST.")
internal/transport/http/squad.go:37	squadRoute	method_not_allowed	actionable_refusal_candidate	http_json	error_and_detail_stable	pending	daemon_cli	writeRefusal(w, http.StatusMethodNotAllowed, "method_not_allowed", "Use GET or PUT.")
internal/transport/http/squad.go:43	squadRoute	method_not_allowed	actionable_refusal_candidate	http_json	error_and_detail_stable	pending	daemon_cli	writeRefusal(w, http.StatusMethodNotAllowed, "method_not_allowed", "Use PUT.")
internal/transport/http/squad.go:47	squadRoute	method_not_allowed	actionable_refusal_candidate	http_json	error_and_detail_stable	pending	daemon_cli	writeRefusal(w, http.StatusMethodNotAllowed, "method_not_allowed", "Use GET.")
internal/transport/http/squad.go:64	squadRoute	not_found	actionable_refusal_candidate	http_json	error_and_detail_stable	pending	daemon_cli	writeRefusal(w, http.StatusNotFound, "not_found", "No such squad route.")
internal/transport/http/squad.go:73	squadSessionSnapshotRead	method_not_allowed	actionable_refusal_candidate	http_json	error_and_detail_stable	pending	daemon_cli	writeRefusal(w, http.StatusMethodNotAllowed, "method_not_allowed", "Session role snapshots are read with GET.")
internal/transport/http/squad.go:78	squadSessionSnapshotRead	snapshot_not_found	actionable_refusal_candidate	http_json	error_and_detail_stable	pending	daemon_cli	writeRefusal(w, http.StatusNotFound, "snapshot_not_found", "No role snapshot belongs to that conversation.")
internal/transport/http/squad.go:87	squadSessionSnapshotRead	snapshot_not_found	actionable_refusal_candidate	http_json	error_and_detail_stable	pending	daemon_cli	writeRefusal(w, http.StatusNotFound, "snapshot_not_found", "No role snapshot belongs to that conversation.")
internal/transport/http/squad.go:98	squadCandidateRead	method_not_allowed	actionable_refusal_candidate	http_json	error_and_detail_stable	pending	daemon_cli	writeRefusal(w, http.StatusMethodNotAllowed, "method_not_allowed", "Use GET.")
internal/transport/http/squad.go:102	squadCandidateRead	actor_unverified	actionable_refusal_candidate	http_json	error_and_detail_stable	pending	daemon_cli	writeRefusal(w, http.StatusForbidden, "actor_unverified",
internal/transport/http/squad.go:108	squadCandidateRead	actor_unverified	actionable_refusal_candidate	http_json	error_and_detail_stable	pending	daemon_cli	writeRefusal(w, http.StatusForbidden, "actor_unverified",
internal/transport/http/squad.go:124	squadCandidateRead	actor_not_manager	actionable_refusal_candidate	http_json	error_and_detail_stable	pending	daemon_cli	writeRefusal(w, http.StatusForbidden, "actor_not_manager",
internal/transport/http/squad.go:129	squadCandidateRead	actor_unverified	actionable_refusal_candidate	http_json	error_and_detail_stable	pending	daemon_cli	writeRefusal(w, http.StatusForbidden, "actor_unverified",
internal/transport/http/squad.go:143	squadWriteDoor	dynamic	actionable_refusal_candidate	http_json	error_and_detail_stable	pending	daemon_cli	writeRefusal(w, http.StatusForbidden, "forbidden", "Squad changes need a write-capable person.")
internal/transport/http/squad.go:148	squadWriteDoor	idempotency_key_required	actionable_refusal_candidate	http_json	error_and_detail_stable	pending	daemon_cli	writeRefusal(w, http.StatusBadRequest, "idempotency_key_required",
internal/transport/http/squad.go:163	squadBody	bad_request	actionable_refusal_candidate	http_json	error_and_detail_stable	pending	daemon_cli	writeRefusal(w, http.StatusBadRequest, "bad_request", "The squad request could not be read.")
internal/transport/http/squad.go:167	squadBody	body_too_large	actionable_refusal_candidate	http_json	error_and_detail_stable	pending	daemon_cli	writeRefusal(w, http.StatusRequestEntityTooLarge, "body_too_large", "The squad request is too large.")
internal/transport/http/squad.go:173	squadBody	bad_request	actionable_refusal_candidate	http_json	error_and_detail_stable	pending	daemon_cli	writeRefusal(w, http.StatusBadRequest, "bad_request", "The squad request is not one JSON object of the expected shape.")
internal/transport/http/squad.go:197	squadFailure	idempotency_conflict	actionable_refusal_candidate	http_json	error_and_detail_stable	pending	daemon_cli	writeRefusal(w, http.StatusConflict, "idempotency_conflict", "That retry key already names a different write.")
internal/transport/http/squad.go:199	squadFailure	definition_version_conflict	actionable_refusal_candidate	http_json	error_and_detail_stable	pending	daemon_cli	writeRefusal(w, http.StatusConflict, "definition_version_conflict", "That immutable version already has different content.")
internal/transport/http/squad.go:201	squadFailure	capacity_full	actionable_refusal_candidate	http_json	error_and_detail_stable	pending	daemon_cli	writeRefusal(w, http.StatusInsufficientStorage, "capacity_full", "The squad store is full.")
internal/transport/http/squad.go:203	squadFailure	store_unreadable	actionable_refusal_candidate	http_json	error_and_detail_stable	pending	daemon_cli	writeRefusal(w, http.StatusTooManyRequests, "busy", "Another writer held the store; retry.")
internal/transport/http/squad.go:205	squadFailure	store_unreadable	actionable_refusal_candidate	http_json	error_and_detail_stable	pending	daemon_cli	writeRefusal(w, http.StatusInternalServerError, "store_unreadable", "The squad store could not be read.")
internal/transport/http/squad.go:207	squadFailure	write_failed	actionable_refusal_candidate	http_json	error_and_detail_stable	pending	daemon_cli	writeRefusal(w, http.StatusInternalServerError, "write_failed", "The squad change could not be saved.")
internal/transport/http/squad.go:299	squadScopeRefusal	scope_mismatch	actionable_refusal_candidate	http_json	error_and_detail_stable	pending	daemon_cli	writeRefusal(w, http.StatusBadRequest, "scope_mismatch", "Name either place_id or scope_id.")
internal/transport/http/squad.go:301	squadScopeRefusal	unknown_project	actionable_refusal_candidate	http_json	error_and_detail_stable	pending	daemon_cli	writeRefusal(w, http.StatusNotFound, "unknown_project", "That Project is not known to this machine.")
internal/transport/http/squad.go:356	squadDefinitionRead	unknown_definition	actionable_refusal_candidate	http_json	error_and_detail_stable	pending	daemon_cli	writeRefusal(w, http.StatusNotFound, "unknown_definition", "No definition has that ID.")
internal/transport/http/squad.go:399	squadDefinitionRead	unknown_definition	actionable_refusal_candidate	http_json	error_and_detail_stable	pending	daemon_cli	writeRefusal(w, http.StatusNotFound, "unknown_definition", "No definition has that ID and version.")
internal/transport/http/squad.go:510	squadSettingsRead	bad_request	actionable_refusal_candidate	http_json	error_and_detail_stable	pending	daemon_cli	writeRefusal(w, http.StatusBadRequest, "bad_request", "Name one Project scope.")
internal/transport/http/squad.go:515	squadSettingsRead	bad_request	actionable_refusal_candidate	http_json	error_and_detail_stable	pending	daemon_cli	writeRefusal(w, http.StatusBadRequest, "bad_request", "Unknown squad setting query.")
internal/transport/http/squad.go:543	squadSettingsWrite	bad_request	actionable_refusal_candidate	http_json	error_and_detail_stable	pending	daemon_cli	writeRefusal(w, http.StatusBadRequest, "bad_request", "Name a definition and nonnegative expected_version.")
internal/transport/http/squad.go:565	squadSettingsWrite	unknown_definition	actionable_refusal_candidate	http_json	error_and_detail_stable	pending	daemon_cli	writeRefusal(w, http.StatusNotFound, "unknown_definition", "No definition has that ID.")
internal/transport/http/squad.go:573	squadSettingsWrite	body_too_large	actionable_refusal_candidate	http_json	error_and_detail_stable	pending	daemon_cli	writeRefusal(w, http.StatusRequestEntityTooLarge, "body_too_large", "The handbook is too large.")
internal/transport/http/squad.go:611	squadSettingsWrite	unknown_reference	actionable_refusal_candidate	http_json	error_and_detail_stable	pending	daemon_cli	writeRefusal(w, http.StatusBadRequest, "unknown_reference", "A skill reference is missing or repeated.")
internal/transport/http/squad.go:622	squadSettingsWrite	bad_request	actionable_refusal_candidate	http_json	error_and_detail_stable	pending	daemon_cli	writeRefusal(w, http.StatusBadRequest, "bad_request", "Name at least one setting to change.")
internal/transport/http/squad.go:644	squadMotionWrite	bad_request	actionable_refusal_candidate	http_json	error_and_detail_stable	pending	daemon_cli	writeRefusal(w, http.StatusBadRequest, "bad_request", "expected_version must be nonnegative.")
internal/transport/http/squad.go:739	squadEntityWrite	bad_request	actionable_refusal_candidate	http_json	error_and_detail_stable	pending	daemon_cli	writeRefusal(w, http.StatusBadRequest, "bad_request", "expected_version must be nonnegative.")
internal/transport/http/squad.go:751	squadEntityWrite	bad_request	actionable_refusal_candidate	http_json	error_and_detail_stable	pending	daemon_cli	writeRefusal(w, http.StatusBadRequest, "bad_request", "A definition write names exactly one definition.")
internal/transport/http/squad.go:758	squadEntityWrite	builtin_read_only	actionable_refusal_candidate	http_json	error_and_detail_stable	pending	daemon_cli	writeRefusal(w, http.StatusBadRequest, "builtin_read_only", "Built-in IDs and aliases cannot be changed.")
internal/transport/http/squad.go:763	squadEntityWrite	bad_request	actionable_refusal_candidate	http_json	error_and_detail_stable	pending	daemon_cli	writeRefusal(w, http.StatusBadRequest, "bad_request", "The definition lacks required metadata or exceeds its text limit.")
internal/transport/http/squad.go:773	squadEntityWrite	unknown_reference	actionable_refusal_candidate	http_json	error_and_detail_stable	pending	daemon_cli	writeRefusal(w, http.StatusBadRequest, "unknown_reference", "A team or skill reference is missing or repeated.")
internal/transport/http/squad.go:780	squadEntityWrite	digest_mismatch	actionable_refusal_candidate	http_json	error_and_detail_stable	pending	daemon_cli	writeRefusal(w, http.StatusBadRequest, "digest_mismatch", "The definition digest does not match its content.")
internal/transport/http/squad.go:788	squadEntityWrite	bad_request	actionable_refusal_candidate	http_json	error_and_detail_stable	pending	daemon_cli	writeRefusal(w, http.StatusBadRequest, "bad_request", "A team write names exactly one team.")
internal/transport/http/squad.go:795	squadEntityWrite	builtin_read_only	actionable_refusal_candidate	http_json	error_and_detail_stable	pending	daemon_cli	writeRefusal(w, http.StatusBadRequest, "builtin_read_only", "Built-in teams cannot be changed.")
internal/transport/http/squad.go:799	squadEntityWrite	bad_request	actionable_refusal_candidate	http_json	error_and_detail_stable	pending	daemon_cli	writeRefusal(w, http.StatusBadRequest, "bad_request", "The team lacks required metadata.")
internal/transport/http/squad.go:806	squadEntityWrite	unknown_reference	actionable_refusal_candidate	http_json	error_and_detail_stable	pending	daemon_cli	writeRefusal(w, http.StatusBadRequest, "unknown_reference", "A persona reference is missing or repeated.")
internal/transport/http/squad.go:813	squadEntityWrite	digest_mismatch	actionable_refusal_candidate	http_json	error_and_detail_stable	pending	daemon_cli	writeRefusal(w, http.StatusBadRequest, "digest_mismatch", "The team digest does not match its content.")
internal/transport/http/squad.go:821	squadEntityWrite	bad_request	actionable_refusal_candidate	http_json	error_and_detail_stable	pending	daemon_cli	writeRefusal(w, http.StatusBadRequest, "bad_request", "A skill write names exactly one skill.")
internal/transport/http/squad.go:828	squadEntityWrite	builtin_read_only	actionable_refusal_candidate	http_json	error_and_detail_stable	pending	daemon_cli	writeRefusal(w, http.StatusBadRequest, "builtin_read_only", "Built-in skills cannot be changed.")
internal/transport/http/squad.go:835	squadEntityWrite	bad_request	actionable_refusal_candidate	http_json	error_and_detail_stable	pending	daemon_cli	writeRefusal(w, http.StatusBadRequest, "bad_request", "The skill lacks required metadata or its folder files are invalid or too large.")
internal/transport/http/squad.go:842	squadEntityWrite	digest_mismatch	actionable_refusal_candidate	http_json	error_and_detail_stable	pending	daemon_cli	writeRefusal(w, http.StatusBadRequest, "digest_mismatch", "The skill digest does not match its content.")
internal/transport/http/squad.go:849	squadEntityWrite	bad_request	actionable_refusal_candidate	http_json	error_and_detail_stable	pending	daemon_cli	writeRefusal(w, http.StatusBadRequest, "bad_request", "kind must be definition, team or skill.")
internal/transport/http/squad_actor.go:14	requireSquadWorkActor	store_unavailable	actionable_refusal_candidate	http_json	error_and_detail_stable	pending	daemon_cli	writeRefusal(w, http.StatusServiceUnavailable, "store_unavailable", "The Session actor could not be checked.")
internal/transport/http/squad_actor.go:23	requireSquadWorkActor	store_unavailable	actionable_refusal_candidate	http_json	error_and_detail_stable	pending	daemon_cli	writeRefusal(w, http.StatusServiceUnavailable, "store_unavailable", "The Session actor could not be checked.")
internal/transport/http/squad_actor.go:30	requireSquadWorkActor	session_actor_required	actionable_refusal_candidate	http_json	error_and_detail_stable	pending	daemon_cli	writeRefusal(w, http.StatusForbidden, "session_actor_required", "The current owner Session's squad capability is required.")
internal/transport/http/squad_events.go:31	squadSessionBindings	method_not_allowed	actionable_refusal_candidate	http_json	error_and_detail_stable	pending	daemon_cli	writeRefusal(w, http.StatusMethodNotAllowed, "method_not_allowed", "Session bindings are read with GET.")
internal/transport/http/squad_events.go:46	squadSessionBindings	store_unavailable	actionable_refusal_candidate	http_json	error_and_detail_stable	pending	daemon_cli	writeRefusal(w, http.StatusServiceUnavailable, "store_unavailable", "Session bindings could not be read.")
internal/transport/http/squad_events.go:65	squadEventHead	method_not_allowed	actionable_refusal_candidate	http_json	error_and_detail_stable	pending	daemon_cli	writeRefusal(w, http.StatusMethodNotAllowed, "method_not_allowed", "The event head is read with GET.")
internal/transport/http/squad_events.go:70	squadEventHead	store_unavailable	actionable_refusal_candidate	http_json	error_and_detail_stable	pending	daemon_cli	writeRefusal(w, http.StatusServiceUnavailable, "store_unavailable", "The event head could not be read.")
internal/transport/http/squad_events.go:78	squadEvents	method_not_allowed	actionable_refusal_candidate	http_json	error_and_detail_stable	pending	daemon_cli	writeRefusal(w, http.StatusMethodNotAllowed, "method_not_allowed", "Skill events are read with GET.")
internal/transport/http/squad_events.go:85	squadEvents	invalid_cursor	actionable_refusal_candidate	http_json	error_and_detail_stable	pending	daemon_cli	writeRefusal(w, http.StatusBadRequest, "invalid_cursor", "The event cursor must be a nonnegative sequence.")
internal/transport/http/squad_events.go:94	squadEvents	invalid_page_size	actionable_refusal_candidate	http_json	error_and_detail_stable	pending	daemon_cli	writeRefusal(w, http.StatusBadRequest, "invalid_page_size", "The event page size is outside the supported range.")
internal/transport/http/squad_events.go:101	squadEvents	store_unavailable	actionable_refusal_candidate	http_json	error_and_detail_stable	pending	daemon_cli	writeRefusal(w, http.StatusServiceUnavailable, "store_unavailable", "Skill events could not be read.")
internal/transport/http/squad_events.go:120	squadSessionEvents	method_not_allowed	actionable_refusal_candidate	http_json	error_and_detail_stable	pending	daemon_cli	writeRefusal(w, http.StatusMethodNotAllowed, "method_not_allowed", "A session reports skill use with POST.")
internal/transport/http/squad_events.go:127	squadSessionEvents	session_actor_required	actionable_refusal_candidate	http_json	error_and_detail_stable	pending	daemon_cli	writeRefusal(w, http.StatusForbidden, "session_actor_required", "A local bound session must report this event.")
internal/transport/http/squad_events.go:135	squadSessionEvents	invalid_event	actionable_refusal_candidate	http_json	error_and_detail_stable	pending	daemon_cli	writeRefusal(w, http.StatusBadRequest, "invalid_event", "The skill event body is invalid.")
internal/transport/http/squad_events.go:140	squadSessionEvents	invalid_event	actionable_refusal_candidate	http_json	error_and_detail_stable	pending	daemon_cli	writeRefusal(w, http.StatusBadRequest, "invalid_event", "The skill event body has trailing content.")
internal/transport/http/squad_events.go:146	squadSessionEvents	session_actor_required	actionable_refusal_candidate	http_json	error_and_detail_stable	pending	daemon_cli	writeRefusal(w, http.StatusForbidden, "session_actor_required", "The session capability is missing or not bound.")
internal/transport/http/squad_events.go:148	squadSessionEvents	invalid_event	actionable_refusal_candidate	http_json	error_and_detail_stable	pending	daemon_cli	writeRefusal(w, http.StatusBadRequest, "invalid_event", "The event does not match an enabled skill in this session's snapshot.")
internal/transport/http/squad_events.go:150	squadSessionEvents	event_conflict	actionable_refusal_candidate	http_json	error_and_detail_stable	pending	daemon_cli	writeRefusal(w, http.StatusConflict, "event_conflict", "This event ID was already used with different content.")
internal/transport/http/squad_events.go:152	squadSessionEvents	store_unavailable	actionable_refusal_candidate	http_json	error_and_detail_stable	pending	daemon_cli	writeRefusal(w, http.StatusServiceUnavailable, "store_unavailable", "The skill event could not be recorded.")
internal/transport/http/squad_packages.go:25	packageBody	bad_request	actionable_refusal_candidate	http_json	error_and_detail_stable	pending	daemon_cli	writeRefusal(w, http.StatusBadRequest, "bad_request", "The package request could not be read.")
internal/transport/http/squad_packages.go:29	packageBody	body_too_large	actionable_refusal_candidate	http_json	error_and_detail_stable	pending	daemon_cli	writeRefusal(w, http.StatusRequestEntityTooLarge, "body_too_large", "The package request is too large.")
internal/transport/http/squad_packages.go:33	packageBody	bad_request	actionable_refusal_candidate	http_json	error_and_detail_stable	pending	daemon_cli	writeRefusal(w, http.StatusBadRequest, "bad_request", "The package request must be one JSON object without duplicate keys.")
internal/transport/http/squad_packages.go:39	packageBody	bad_request	actionable_refusal_candidate	http_json	error_and_detail_stable	pending	daemon_cli	writeRefusal(w, http.StatusBadRequest, "bad_request", "The package request has an unexpected shape.")
internal/transport/http/squad_packages.go:100	packageCheckScopes	unknown_project	actionable_refusal_candidate	http_json	error_and_detail_stable	pending	daemon_cli	writeRefusal(w, http.StatusNotFound, "unknown_project", "That scope is not known to this machine.")
internal/transport/http/squad_packages.go:111	packageFailure	skill_folder_export_unsupported	actionable_refusal_candidate	http_json	error_and_detail_stable	pending	daemon_cli	writeRefusal(w, http.StatusConflict, "skill_folder_export_unsupported", "The catalog contains a skill folder; exporting it would omit its files.")
internal/transport/http/squad_packages.go:122	packageFailure	dynamic	actionable_refusal_candidate	http_json	error_and_detail_stable	pending	daemon_cli	writeRefusal(w, status, refusal.Code, "The offline package could not be accepted.")
internal/transport/http/squad_packages.go:133	squadPackagesRoute	method_not_allowed	actionable_refusal_candidate	http_json	error_and_detail_stable	pending	daemon_cli	writeRefusal(w, http.StatusMethodNotAllowed, "method_not_allowed", "Use POST.")
internal/transport/http/squad_packages.go:144	squadPackagesRoute	not_found	actionable_refusal_candidate	http_json	error_and_detail_stable	pending	daemon_cli	writeRefusal(w, http.StatusNotFound, "not_found", "No such package route.")
internal/transport/http/squad_packages.go:222	squadPackageExport	dynamic	actionable_refusal_candidate	http_json	error_and_detail_stable	pending	daemon_cli	writeRefusal(w, http.StatusForbidden, "forbidden", "Private export needs a write-capable person.")
internal/transport/http/squad_skill_sources.go:256	squadSkillSources	method_not_allowed	actionable_refusal_candidate	http_json	error_and_detail_stable	pending	daemon_cli	writeRefusal(w, http.StatusMethodNotAllowed, "method_not_allowed", "Use GET.")
internal/transport/http/squad_skill_sources.go:262	squadSkillSources	bad_request	actionable_refusal_candidate	http_json	error_and_detail_stable	pending	daemon_cli	writeRefusal(w, http.StatusBadRequest, "bad_request", "Unsupported skill source query.")
internal/transport/http/squad_skill_sources.go:268	squadSkillSources	invalid_source	actionable_refusal_candidate	http_json	error_and_detail_stable	pending	daemon_cli	writeRefusal(w, http.StatusBadRequest, "invalid_source", "Choose a known skill source.")
internal/transport/http/squad_skill_sources.go:272	squadSkillSources	bad_request	actionable_refusal_candidate	http_json	error_and_detail_stable	pending	daemon_cli	writeRefusal(w, http.StatusBadRequest, "bad_request", "Choose a listed Project and skill.")
internal/transport/http/squad_skill_sources.go:279	squadSkillSources	unknown_project	actionable_refusal_candidate	http_json	error_and_detail_stable	pending	daemon_cli	writeRefusal(w, http.StatusNotFound, "unknown_project", "That Project is not known to this machine.")
internal/transport/http/squad_skill_sources.go:284	squadSkillSources	project_required	actionable_refusal_candidate	http_json	error_and_detail_stable	pending	daemon_cli	writeRefusal(w, http.StatusBadRequest, "project_required", "Choose a Project before browsing its skills.")
internal/transport/http/squad_skill_sources.go:288	squadSkillSources	bad_request	actionable_refusal_candidate	http_json	error_and_detail_stable	pending	daemon_cli	writeRefusal(w, http.StatusBadRequest, "bad_request", "Choose a listed skill and import type.")
internal/transport/http/squad_skill_sources.go:292	squadSkillSources	bad_request	actionable_refusal_candidate	http_json	error_and_detail_stable	pending	daemon_cli	writeRefusal(w, http.StatusBadRequest, "bad_request", "Choose an import type.")
internal/transport/http/squad_skill_sources.go:296	squadSkillSources	dynamic	actionable_refusal_candidate	http_json	error_and_detail_stable	pending	daemon_cli	writeRefusal(w, http.StatusForbidden, "forbidden", "Skill content needs a write-capable paired device.")
internal/transport/http/squad_skill_sources.go:303	squadSkillSources	invalid_source	actionable_refusal_candidate	http_json	error_and_detail_stable	pending	daemon_cli	writeRefusal(w, http.StatusBadRequest, "invalid_source", "Choose a listed skill.")
internal/transport/http/squad_skill_sources.go:310	squadSkillSources	skill_source_changed	actionable_refusal_candidate	http_json	error_and_detail_stable	pending	daemon_cli	writeRefusal(w, http.StatusConflict, "skill_source_changed", "The skill changed or its text is too large; refresh the list.")
internal/transport/http/squad_skill_sources.go:317	squadSkillSources	skill_source_missing	actionable_refusal_candidate	http_json	error_and_detail_stable	pending	daemon_cli	writeRefusal(w, http.StatusNotFound, "skill_source_missing", "The skill is no longer in the selected source; refresh the list.")
internal/transport/http/stream.go:47	ownEvents	no_flush	actionable_refusal_candidate	http_json	error_and_detail_stable	pending	daemon_cli	writeRefusal(w, http.StatusInternalServerError, "no_flush",
internal/transport/http/tasks.go:232	strings	bad_request	actionable_refusal_candidate	http_json	error_and_detail_stable	pending	daemon_cli	writeRefusal(w, http.StatusBadRequest, "bad_request", "that is not a language tag")
internal/transport/http/tasks.go:241	strings	bad_request	actionable_refusal_candidate	http_json	error_and_detail_stable	pending	daemon_cli	writeRefusal(w, http.StatusBadRequest, "bad_request", "that is not a language tag")
internal/transport/http/tasks.go:246	strings	catalog_unreadable	actionable_refusal_candidate	http_json	error_and_detail_stable	pending	daemon_cli	writeRefusal(w, http.StatusServiceUnavailable, "catalog_unreadable", "English console catalog is unavailable")
internal/transport/http/terminals.go:247	terminalsRoute	method_not_allowed	actionable_refusal_candidate	http_json	error_and_detail_stable	pending	daemon_cli	writeRefusal(w, http.StatusMethodNotAllowed, "method_not_allowed", "GET or POST")
internal/transport/http/terminals.go:270	terminalRoute	not_found	actionable_refusal_candidate	http_json	error_and_detail_stable	pending	daemon_cli	writeRefusal(w, http.StatusNotFound, "not_found", "No such route")
internal/transport/http/terminals.go:383	terminalRoute	method_not_allowed	actionable_refusal_candidate	http_json	error_and_detail_stable	pending	daemon_cli	writeRefusal(w, http.StatusMethodNotAllowed, "method_not_allowed", "That method is not answered here.")
internal/transport/http/terminals.go:385	terminalRoute	not_found	actionable_refusal_candidate	http_json	error_and_detail_stable	pending	daemon_cli	writeRefusal(w, http.StatusNotFound, "not_found", "No such route")
internal/transport/http/terminals.go:403	terminalStream	dynamic	actionable_refusal_candidate	http_json	error_and_detail_stable	pending	daemon_cli	writeRefusal(w, http.StatusInternalServerError, "internal", "This connection cannot stream.")
internal/transport/http/timeline.go:72	timelineRoute	method_not_allowed	actionable_refusal_candidate	http_json	error_and_detail_stable	pending	daemon_cli	writeRefusal(w, http.StatusMethodNotAllowed, "method_not_allowed", "GET only")
internal/transport/http/timeline.go:78	timelineRoute	bad_environment	actionable_refusal_candidate	http_json	error_and_detail_stable	pending	daemon_cli	writeRefusal(w, http.StatusBadRequest, "bad_environment",
internal/transport/http/timeline.go:84	timelineRoute	bad_category	actionable_refusal_candidate	http_json	error_and_detail_stable	pending	daemon_cli	writeRefusal(w, http.StatusBadRequest, "bad_category",
internal/transport/http/timeline.go:90	timelineRoute	project_required	actionable_refusal_candidate	http_json	error_and_detail_stable	pending	daemon_cli	writeRefusal(w, http.StatusBadRequest, "project_required",
internal/transport/http/timeline.go:99	timelineRoute	timeline_unreadable	actionable_refusal_candidate	http_json	error_and_detail_stable	pending	daemon_cli	writeRefusal(w, http.StatusServiceUnavailable, "timeline_unreadable",
internal/transport/http/todos.go:88	sessionTodosRead	conversation_unknown	actionable_refusal_candidate	http_json	error_and_detail_stable	pending	daemon_cli	writeRefusal(w, http.StatusConflict, "conversation_unknown",
internal/transport/http/tracks.go:81	boardTracks	method_not_allowed	actionable_refusal_candidate	http_json	error_and_detail_stable	pending	daemon_cli	writeRefusal(w, http.StatusMethodNotAllowed, "method_not_allowed", "The tracks are read with GET.")
internal/transport/http/tracks.go:87	boardTracks	bad_request	actionable_refusal_candidate	http_json	error_and_detail_stable	pending	daemon_cli	writeRefusal(w, http.StatusBadRequest, "bad_request", "Unknown board tracks query field.")
internal/transport/http/tracks.go:93	boardTracks	invalid_track	actionable_refusal_candidate	http_json	error_and_detail_stable	pending	daemon_cli	writeRefusal(w, http.StatusBadRequest, "invalid_track", "A track is todo, board or backlog.")
internal/transport/http/tracks.go:128	boardTracks	project_not_found	actionable_refusal_candidate	http_json	error_and_detail_stable	pending	daemon_cli	writeRefusal(w, http.StatusNotFound, "project_not_found", "This board has no such project.")
internal/transport/http/tracks.go:156	boardTracks	invalid_cursor	actionable_refusal_candidate	http_json	error_and_detail_stable	pending	daemon_cli	writeRefusal(w, http.StatusBadRequest, "invalid_cursor", "That cursor was not written by this route.")
internal/transport/http/transcript.go:81	transcriptRoute	bad_request	actionable_refusal_candidate	http_json	error_and_detail_stable	pending	daemon_cli	writeRefusal(w, http.StatusBadRequest, "bad_request", "name a session")
internal/transport/http/usage.go:81	usageRoute	method_not_allowed	actionable_refusal_candidate	http_json	error_and_detail_stable	pending	daemon_cli	writeRefusal(w, http.StatusMethodNotAllowed, "method_not_allowed", "The token ledger is read with GET.")
internal/transport/http/usage.go:102	usageRoute	not_found	actionable_refusal_candidate	http_json	error_and_detail_stable	pending	daemon_cli	writeRefusal(w, http.StatusNotFound, "not_found",
internal/transport/http/usage.go:108	usageRoute	bad_request	actionable_refusal_candidate	http_json	error_and_detail_stable	pending	daemon_cli	writeRefusal(w, http.StatusBadRequest, "bad_request",
internal/transport/http/usage.go:122	usageRoute	unknown_item	actionable_refusal_candidate	http_json	error_and_detail_stable	pending	daemon_cli	writeRefusal(w, http.StatusNotFound, "unknown_item", "No Board item has this id.")
internal/transport/http/usage.go:131	usageRoute	not_found	actionable_refusal_candidate	http_json	error_and_detail_stable	pending	daemon_cli	writeRefusal(w, http.StatusNotFound, "not_found",
internal/transport/http/usage.go:144	usageCompareCompaction	bad_request	actionable_refusal_candidate	http_json	error_and_detail_stable	pending	daemon_cli	writeRefusal(w, http.StatusBadRequest, "bad_request",
internal/transport/http/usage.go:151	usageCompareCompaction	bad_request	actionable_refusal_candidate	http_json	error_and_detail_stable	pending	daemon_cli	writeRefusal(w, http.StatusBadRequest, "bad_request", "since: "+err.Error()+".")
internal/transport/http/usage.go:168	usageCompareHandoff	bad_request	actionable_refusal_candidate	http_json	error_and_detail_stable	pending	daemon_cli	writeRefusal(w, http.StatusBadRequest, "bad_request",
internal/transport/http/usage.go:175	usageCompareHandoff	bad_request	actionable_refusal_candidate	http_json	error_and_detail_stable	pending	daemon_cli	writeRefusal(w, http.StatusBadRequest, "bad_request", "since: "+err.Error()+".")
internal/transport/http/usage.go:211	usageWorkSamples	bad_request	actionable_refusal_candidate	http_json	error_and_detail_stable	pending	daemon_cli	writeRefusal(w, http.StatusBadRequest, "bad_request",
internal/transport/http/usage.go:219	usageWorkSamples	bad_request	actionable_refusal_candidate	http_json	error_and_detail_stable	pending	daemon_cli	writeRefusal(w, http.StatusBadRequest, "bad_request", err.Error()+".")
internal/transport/http/usage.go:248	usageStoreRefusal	store_unavailable	actionable_refusal_candidate	http_json	error_and_detail_stable	pending	daemon_cli	writeRefusal(w, http.StatusServiceUnavailable, "store_unavailable", "The token ledger could not be read.")
internal/transport/http/usage.go:275	usageSession	unknown_session	actionable_refusal_candidate	http_json	error_and_detail_stable	pending	daemon_cli	writeRefusal(w, http.StatusNotFound, "unknown_session",
internal/transport/http/usage.go:310	usageTask	unknown_task	actionable_refusal_candidate	http_json	error_and_detail_stable	pending	daemon_cli	writeRefusal(w, http.StatusNotFound, "unknown_task",
internal/transport/http/usage_work_units.go:59	usageWorkUnits	bad_request	actionable_refusal_candidate	http_json	error_and_detail_stable	pending	daemon_cli	writeRefusal(w, http.StatusBadRequest, "bad_request",
internal/transport/http/usage_work_units.go:66	usageWorkUnits	bad_request	actionable_refusal_candidate	http_json	error_and_detail_stable	pending	daemon_cli	writeRefusal(w, http.StatusBadRequest, "bad_request", "since: "+err.Error()+".")
internal/transport/http/verify.go:61	verificationsRoute	store_unavailable	actionable_refusal_candidate	http_json	error_and_detail_stable	pending	daemon_cli	writeRefusal(w, http.StatusServiceUnavailable, "store_unavailable", "This daemon has no store.")
internal/transport/http/verify.go:72	verificationsRoute	method_not_allowed	actionable_refusal_candidate	http_json	error_and_detail_stable	pending	daemon_cli	writeRefusal(w, http.StatusMethodNotAllowed, "method_not_allowed", "The list is read with GET and added to with POST.")
internal/transport/http/verify.go:79	verificationsRoute	not_found	actionable_refusal_candidate	http_json	error_and_detail_stable	pending	daemon_cli	writeRefusal(w, http.StatusNotFound, "not_found", "That is not a verification id.")
internal/transport/http/verify.go:94	verificationsRoute	not_found	actionable_refusal_candidate	http_json	error_and_detail_stable	pending	daemon_cli	writeRefusal(w, http.StatusNotFound, "not_found", "That is not a verification route.")
internal/transport/http/verify.go:100	verificationList	bad_request	actionable_refusal_candidate	http_json	error_and_detail_stable	pending	daemon_cli	writeRefusal(w, http.StatusBadRequest, "bad_request", "The list reads no query.")
internal/transport/http/verify.go:117	verificationGet	bad_request	actionable_refusal_candidate	http_json	error_and_detail_stable	pending	daemon_cli	writeRefusal(w, http.StatusBadRequest, "bad_request", "A verification is read with no query.")
internal/transport/http/verify.go:179	verificationNote	bad_request	actionable_refusal_candidate	http_json	error_and_detail_stable	pending	daemon_cli	writeRefusal(w, http.StatusBadRequest, "bad_request", "A paired device writes as the person and names no session.")
internal/transport/http/verify.go:196	verificationCriterion	not_found	actionable_refusal_candidate	http_json	error_and_detail_stable	pending	daemon_cli	writeRefusal(w, http.StatusNotFound, "not_found", "A criterion is named by its index, from 0.")
internal/transport/http/verify.go:228	verificationDelete	bad_request	actionable_refusal_candidate	http_json	error_and_detail_stable	pending	daemon_cli	writeRefusal(w, http.StatusBadRequest, "bad_request", "A delete reads one query field, force=1.")
internal/transport/http/verify.go:261	verificationTaskNote	store_unavailable	actionable_refusal_candidate	http_json	error_and_detail_stable	pending	daemon_cli	writeRefusal(w, http.StatusServiceUnavailable, "store_unavailable", "This daemon has no store.")
internal/transport/http/verify.go:274	verificationTaskNote	bad_request	actionable_refusal_candidate	http_json	error_and_detail_stable	pending	daemon_cli	writeRefusal(w, http.StatusBadRequest, "bad_request", "verification names one record by its id.")
internal/transport/http/verify.go:295	decodeStrict	bad_request	actionable_refusal_candidate	http_json	error_and_detail_stable	pending	daemon_cli	writeRefusal(w, http.StatusBadRequest, "bad_request", "The body could not be read.")
internal/transport/http/verify.go:305	decodeStrict	bad_request	actionable_refusal_candidate	http_json	error_and_detail_stable	pending	daemon_cli	writeRefusal(w, http.StatusBadRequest, "bad_request", "The body is one JSON object.")
internal/transport/http/verify.go:316	idempotencyKey	bad_request	actionable_refusal_candidate	http_json	error_and_detail_stable	pending	daemon_cli	writeRefusal(w, http.StatusBadRequest, "bad_request", "An Idempotency-Key is at most 200 characters.")
internal/transport/http/verify.go:338	verificationFailure	store_busy	actionable_refusal_candidate	http_json	error_and_detail_stable	pending	daemon_cli	writeRefusal(w, http.StatusServiceUnavailable, "store_busy", "The store is busy; try again.")
internal/transport/http/verify.go:342	verificationFailure	store_unavailable	actionable_refusal_candidate	http_json	error_and_detail_stable	pending	daemon_cli	writeRefusal(w, http.StatusServiceUnavailable, "store_unavailable", "The verifications could not be read.")
internal/transport/http/voice.go:72	voiceRoute	method_not_allowed	actionable_refusal_candidate	http_json	error_and_detail_stable	pending	daemon_cli	writeRefusal(w, http.StatusMethodNotAllowed, "method_not_allowed",
internal/transport/http/voice.go:109	voiceWriting	bad_request	actionable_refusal_candidate	http_json	error_and_detail_stable	pending	daemon_cli	writeRefusal(w, http.StatusBadRequest, "bad_request", "that body is not a recording")
internal/transport/http/voice.go:130	transcribe	dynamic	actionable_refusal_candidate	http_json	error_and_detail_stable	pending	daemon_cli	writeRefusal(w, http.StatusTooManyRequests, "busy",
internal/transport/http/voice.go:179	voiceSamples	too_large	actionable_refusal_candidate	http_json	error_and_detail_stable	pending	daemon_cli	writeRefusal(w, http.StatusRequestEntityTooLarge, "too_large",
internal/transport/http/voice.go:183	voiceSamples	bad_request	actionable_refusal_candidate	http_json	error_and_detail_stable	pending	daemon_cli	writeRefusal(w, http.StatusBadRequest, "bad_request", "that body is not a recording")
internal/transport/http/voice.go:191	voiceSamples	bad_request	actionable_refusal_candidate	http_json	error_and_detail_stable	pending	daemon_cli	writeRefusal(w, http.StatusBadRequest, "bad_request",
internal/transport/http/voice.go:197	voiceSamples	bad_request	actionable_refusal_candidate	http_json	error_and_detail_stable	pending	daemon_cli	writeRefusal(w, http.StatusBadRequest, "bad_request",
internal/transport/http/voice.go:203	voiceSamples	bad_request	actionable_refusal_candidate	http_json	error_and_detail_stable	pending	daemon_cli	writeRefusal(w, http.StatusBadRequest, "bad_request", "That audio was not base64.")
internal/transport/http/voice.go:208	voiceSamples	bad_request	actionable_refusal_candidate	http_json	error_and_detail_stable	pending	daemon_cli	writeRefusal(w, http.StatusBadRequest, "bad_request",
internal/transport/http/voice.go:213	voiceSamples	bad_request	actionable_refusal_candidate	http_json	error_and_detail_stable	pending	daemon_cli	writeRefusal(w, http.StatusBadRequest, "bad_request",
internal/transport/http/voice.go:343	voiceLanguageRoute	method_not_allowed	actionable_refusal_candidate	http_json	error_and_detail_stable	pending	daemon_cli	writeRefusal(w, http.StatusMethodNotAllowed, "method_not_allowed", "GET")
internal/transport/http/waits.go:95	waitsRoute	not_found	actionable_refusal_candidate	http_json	error_and_detail_stable	pending	daemon_cli	writeRefusal(w, http.StatusNotFound, "not_found", "That is not a wait action.")
internal/transport/http/waits.go:98	waitsRoute	not_found	actionable_refusal_candidate	http_json	error_and_detail_stable	pending	daemon_cli	writeRefusal(w, http.StatusNotFound, "not_found", "No such wait route.")
internal/transport/http/waits.go:139	leasesRoute	not_found	actionable_refusal_candidate	http_json	error_and_detail_stable	pending	daemon_cli	writeRefusal(w, http.StatusNotFound, "not_found", "No such lease route.")
internal/transport/http/waits.go:155	leasesRoute	method_not_allowed	actionable_refusal_candidate	http_json	error_and_detail_stable	pending	daemon_cli	writeRefusal(w, http.StatusMethodNotAllowed, "method_not_allowed", "Leases are asked for with POST.")
internal/transport/http/waits.go:196	leasesRoute	not_found	actionable_refusal_candidate	http_json	error_and_detail_stable	pending	daemon_cli	writeRefusal(w, http.StatusNotFound, "not_found", "No such lease route.")
internal/transport/http/waits.go:285	completionsRoute	not_found	actionable_refusal_candidate	http_json	error_and_detail_stable	pending	daemon_cli	writeRefusal(w, http.StatusNotFound, "not_found", "No such completions route.")
internal/transport/http/waits.go:317	brokerDetached	method_not_allowed	actionable_refusal_candidate	http_json	error_and_detail_stable	pending	daemon_cli	writeRefusal(w, http.StatusMethodNotAllowed, "method_not_allowed", "Detached tasks are dispatched with POST.")
internal/transport/http/work.go:151	workRoute	not_found	actionable_refusal_candidate	http_json	error_and_detail_stable	pending	daemon_cli	writeRefusal(w, http.StatusNotFound, "not_found", "No such board route.")
internal/transport/http/work.go:179	workQuery	method_not_allowed	actionable_refusal_candidate	http_json	error_and_detail_stable	pending	daemon_cli	writeRefusal(w, http.StatusMethodNotAllowed, "method_not_allowed", "This is read with GET.")
internal/transport/http/work.go:220	writeWorkError	dynamic	actionable_refusal_candidate	http_json	error_and_detail_stable	pending	daemon_cli	writeRefusal(w, we.Status, we.Code, we.Message)
internal/transport/http/work.go:224	writeWorkError	store_unavailable	actionable_refusal_candidate	http_json	error_and_detail_stable	pending	daemon_cli	writeRefusal(w, http.StatusServiceUnavailable, "store_unavailable", "The board could not be read or written.")
internal/transport/http/work.go:243	workActor	session_cannot_decide	actionable_refusal_candidate	http_json	error_and_detail_stable	pending	daemon_cli	writeRefusal(w, http.StatusForbidden, "session_cannot_decide",
internal/transport/http/work.go:253	workActor	via_is_for_sessions	actionable_refusal_candidate	http_json	error_and_detail_stable	pending	daemon_cli	writeRefusal(w, http.StatusBadRequest, "via_is_for_sessions", "via is how a session relays a person's words; a person writes as themselves.")
internal/transport/http/work.go:257	workActor	dynamic	actionable_refusal_candidate	http_json	error_and_detail_stable	pending	daemon_cli	writeRefusal(w, http.StatusForbidden, "forbidden", "This needs a paired device.")
internal/transport/http/work.go:269	readWorkBody	bad_request	actionable_refusal_candidate	http_json	error_and_detail_stable	pending	daemon_cli	writeRefusal(w, http.StatusBadRequest, "bad_request", "The body could not be read.")
internal/transport/http/work.go:273	readWorkBody	body_too_large	actionable_refusal_candidate	http_json	error_and_detail_stable	pending	daemon_cli	writeRefusal(w, http.StatusRequestEntityTooLarge, "body_too_large", "A board command is at most 16 KiB.")
internal/transport/http/work.go:286	readWorkBody	invalid_command	actionable_refusal_candidate	http_json	error_and_detail_stable	pending	daemon_cli	writeRefusal(w, http.StatusBadRequest, "invalid_command", msg)
internal/transport/http/work.go:296	workKey	idempotency_key_required	actionable_refusal_candidate	http_json	error_and_detail_stable	pending	daemon_cli	writeRefusal(w, http.StatusBadRequest, "idempotency_key_required",
internal/transport/http/work.go:316	claimOnce	store_unavailable	actionable_refusal_candidate	http_json	error_and_detail_stable	pending	daemon_cli	writeRefusal(w, http.StatusServiceUnavailable, "store_unavailable",
internal/transport/http/work.go:326	claimOnce	receipt_expired	actionable_refusal_candidate	http_json	error_and_detail_stable	pending	daemon_cli	writeRefusal(w, http.StatusConflict, mismatch,
internal/transport/http/work.go:329	claimOnce	receipt_expired	actionable_refusal_candidate	http_json	error_and_detail_stable	pending	daemon_cli	writeRefusal(w, http.StatusConflict, "receipt_expired",
internal/transport/http/work.go:333	claimOnce	receipts_full	actionable_refusal_candidate	http_json	error_and_detail_stable	pending	daemon_cli	writeRefusal(w, http.StatusTooManyRequests, "receipts_full",
internal/transport/http/work.go:337	claimOnce	request_outcome_unknown	actionable_refusal_candidate	http_json	error_and_detail_stable	pending	daemon_cli	writeRefusal(rec, http.StatusConflict, "request_outcome_unknown",
internal/transport/http/work.go:347	claimOnce	request_in_progress	actionable_refusal_candidate	http_json	error_and_detail_stable	pending	daemon_cli	writeRefusal(w, http.StatusConflict, "request_in_progress",
internal/transport/http/work_v2.go:971	agentFinishItem	landing_project_not_found	actionable_refusal_candidate	http_json	error_and_detail_stable	pending	daemon_cli	writeRefusal(w, http.StatusUnprocessableEntity, "landing_project_not_found",
internal/transport/http/work_v2.go:987	agentFinishItem		localized_human	push	productcopy_catalog_with_english_fallback	covered	daemon_cli	Effects: []store.Effect{workV2CompletionEffect(item, body.SessionID, s.productLanguage())}},
internal/transport/http/work_v2.go:1110	writeWorkV2Error	dynamic	actionable_refusal_candidate	http_json	error_and_detail_stable	pending	daemon_cli	writeRefusal(w, we.Status, we.Code, we.Message)
internal/transport/http/work_v2.go:1114	writeWorkV2Error	store_unavailable	actionable_refusal_candidate	http_json	error_and_detail_stable	pending	daemon_cli	writeRefusal(w, http.StatusServiceUnavailable, "store_unavailable", "The work system could not complete that operation.")
internal/transport/http/work_v2.go:1136	requirePersonWorkV2	session_cannot_create_item	actionable_refusal_candidate	http_json	error_and_detail_stable	pending	daemon_cli	writeRefusal(w, http.StatusForbidden, "session_cannot_create_item", "A Session cannot perform a person's work-system action.")
internal/transport/http/work_v2.go:1140	requirePersonWorkV2	dynamic	actionable_refusal_candidate	http_json	error_and_detail_stable	pending	daemon_cli	writeRefusal(w, http.StatusForbidden, "forbidden", "This needs a device that may send.")
internal/transport/http/work_v2.go:1158	workV2Route	method_not_allowed	actionable_refusal_candidate	http_json	error_and_detail_stable	pending	daemon_cli	writeRefusal(w, http.StatusMethodNotAllowed, "method_not_allowed", "Items are read with GET and created with POST.")
internal/transport/http/work_v2.go:1168	workV2Route	method_not_allowed	actionable_refusal_candidate	http_json	error_and_detail_stable	pending	daemon_cli	writeRefusal(w, http.StatusMethodNotAllowed, "method_not_allowed", "An item is read with GET and edited with PATCH.")
internal/transport/http/work_v2.go:1201	workV2Route	not_found	actionable_refusal_candidate	http_json	error_and_detail_stable	pending	daemon_cli	writeRefusal(w, http.StatusNotFound, "not_found", "No such work-system v2 route.")
internal/transport/http/work_v2.go:1212	workV2Seen	method_not_allowed	actionable_refusal_candidate	http_json	error_and_detail_stable	pending	daemon_cli	writeRefusal(w, http.StatusMethodNotAllowed, "method_not_allowed", "An item is marked seen with POST.")
internal/transport/http/work_v2.go:1226	workV2Seen	invalid_phase	actionable_refusal_candidate	http_json	error_and_detail_stable	pending	daemon_cli	writeRefusal(w, http.StatusBadRequest, "invalid_phase", "Only an item shown in deploying or done is marked seen.")
internal/transport/http/work_v2.go:1239	workV2GateExport	method_not_allowed	actionable_refusal_candidate	http_json	error_and_detail_stable	pending	daemon_cli	writeRefusal(w, http.StatusMethodNotAllowed, "method_not_allowed", "Verification detail is exported with GET.")
internal/transport/http/work_v2.go:1257	workV2GatePurge	method_not_allowed	actionable_refusal_candidate	http_json	error_and_detail_stable	pending	daemon_cli	writeRefusal(w, http.StatusMethodNotAllowed, "method_not_allowed", "Exported verification detail is purged with POST.")
internal/transport/http/work_v2.go:1306	workV2GateDecision	method_not_allowed	actionable_refusal_candidate	http_json	error_and_detail_stable	pending	daemon_cli	writeRefusal(w, http.StatusMethodNotAllowed, "method_not_allowed", "A verification decision is made with POST.")
internal/transport/http/work_v2.go:1362	workV2ReferenceImage	method_not_allowed	actionable_refusal_candidate	http_json	error_and_detail_stable	pending	daemon_cli	writeRefusal(w, http.StatusMethodNotAllowed, "method_not_allowed", "A reference image is read with GET.")
internal/transport/http/work_v2.go:1373	workV2ReferenceImage	bad_query	actionable_refusal_candidate	http_json	error_and_detail_stable	pending	daemon_cli	writeRefusal(w, http.StatusBadRequest, "bad_query", "A reference image is read whole, or with size=thumb.")
internal/transport/http/work_v2.go:1380	workV2ReferenceImage	dynamic	actionable_refusal_candidate	http_json	error_and_detail_stable	pending	daemon_cli	writeRefusal(w, refusal.Status, refusal.Code, refusal.Message)
internal/transport/http/work_v2.go:1384	workV2ReferenceImage	store_unavailable	actionable_refusal_candidate	http_json	error_and_detail_stable	pending	daemon_cli	writeRefusal(w, http.StatusServiceUnavailable, "store_unavailable", "The reference image could not be read.")
internal/transport/http/work_v2.go:1388	workV2ReferenceImage	image_not_found	actionable_refusal_candidate	http_json	error_and_detail_stable	pending	daemon_cli	writeRefusal(w, http.StatusNotFound, "image_not_found", "No reference image has that id.")
internal/transport/http/work_v2.go:1396	workV2ReferenceImage	store_unavailable	actionable_refusal_candidate	http_json	error_and_detail_stable	pending	daemon_cli	writeRefusal(w, http.StatusServiceUnavailable, "store_unavailable", "The reference image could not be drawn small.")
internal/transport/http/work_v2.go:1418	workV2Proposals	method_not_allowed	actionable_refusal_candidate	http_json	error_and_detail_stable	pending	daemon_cli	writeRefusal(w, http.StatusMethodNotAllowed, "method_not_allowed", "Proposals are read with GET.")
internal/transport/http/work_v2.go:1435	workV2ResolveProposal	method_not_allowed	actionable_refusal_candidate	http_json	error_and_detail_stable	pending	daemon_cli	writeRefusal(w, http.StatusMethodNotAllowed, "method_not_allowed", "A proposal is resolved with POST.")
internal/transport/http/work_v2.go:1569	readWorkV2BodyAtMost	body_too_large	actionable_refusal_candidate	http_json	error_and_detail_stable	pending	daemon_cli	writeRefusal(w, http.StatusRequestEntityTooLarge, "body_too_large", message)
internal/transport/http/work_v2.go:1584	readWorkV2BodyAtMost	invalid_request	actionable_refusal_candidate	http_json	error_and_detail_stable	pending	daemon_cli	writeRefusal(w, http.StatusBadRequest, "invalid_request", message)
internal/transport/http/work_v2.go:1594	readWorkV2BodyAtMost	invalid_request	actionable_refusal_candidate	http_json	error_and_detail_stable	pending	daemon_cli	writeRefusal(w, http.StatusBadRequest, "invalid_request",
internal/transport/http/work_v2.go:1603	workV2AddImage	method_not_allowed	actionable_refusal_candidate	http_json	error_and_detail_stable	pending	daemon_cli	writeRefusal(w, http.StatusMethodNotAllowed, "method_not_allowed", "A reference image is added with POST.")
internal/transport/http/work_v2.go:1622	workV2AddImage	unsupported_image	actionable_refusal_candidate	http_json	error_and_detail_stable	pending	daemon_cli	writeRefusal(w, http.StatusUnsupportedMediaType, "unsupported_image", "Choose a supported raster image.")
internal/transport/http/work_v2.go:1631	workV2AddImage	unsupported_image	actionable_refusal_candidate	http_json	error_and_detail_stable	pending	daemon_cli	writeRefusal(w, refusal.Status, refusal.Code, refusal.Message)
internal/transport/http/work_v2.go:1633	workV2AddImage	unsupported_image	actionable_refusal_candidate	http_json	error_and_detail_stable	pending	daemon_cli	writeRefusal(w, http.StatusUnsupportedMediaType, "unsupported_image", "Choose a supported raster image.")
internal/transport/http/work_v2.go:1661	workV2DeleteImage	method_not_allowed	actionable_refusal_candidate	http_json	error_and_detail_stable	pending	daemon_cli	writeRefusal(w, http.StatusMethodNotAllowed, "method_not_allowed", "A reference image is removed with DELETE.")
internal/transport/http/work_v2.go:1721	workV2CompletionEffect		localized_human	push	productcopy_catalog_with_english_fallback	covered	daemon_cli	func workV2CompletionEffect(v app.WorkV2View, session, language string) store.Effect {
internal/transport/http/work_v2.go:1722	workV2CompletionEffect		localized_human	push	productcopy_catalog_with_english_fallback	covered	daemon_cli	terminal := ""
internal/transport/http/work_v2.go:1724	workV2CompletionEffect		localized_human	push	productcopy_catalog_with_english_fallback	covered	daemon_cli	if assignment.State == "active" && assignment.SessionID == session {
internal/transport/http/work_v2.go:1729	workV2CompletionEffect		localized_human	push	productcopy_catalog_with_english_fallback	covered	daemon_cli	title := productcopy.Format(language, "board.title", nil)
internal/transport/http/work_v2.go:1730	workV2CompletionEffect		localized_human	push	productcopy_catalog_with_english_fallback	covered	daemon_cli	body := productcopy.Format(language, "board.body", map[string]string{"title": v.Item.Title})
internal/transport/http/work_v2.go:1732	workV2CompletionEffect		localized_human	push	productcopy_catalog_with_english_fallback	covered	daemon_cli	Title: title, Body: body, Tag: "work-item-" + v.Item.ID})
internal/transport/http/work_v2.go:1757	workV2Create	project_not_found	actionable_refusal_candidate	http_json	error_and_detail_stable	pending	daemon_cli	writeRefusal(w, http.StatusUnprocessableEntity, "project_not_found", "Choose a Project from the current Project catalog.")
internal/transport/http/work_v2.go:1792	workV2Edit	machine_required	actionable_refusal_candidate	http_json	error_and_detail_stable	pending	daemon_cli	writeRefusal(w, http.StatusUnauthorized, "machine_required", "Only an authenticated Session may use this route.")
internal/transport/http/work_v2.go:1823	workV2Edit	phase_not_editable	actionable_refusal_candidate	http_json	error_and_detail_stable	pending	daemon_cli	writeRefusal(w, http.StatusBadRequest, "phase_not_editable", message)
internal/transport/http/work_v2.go:1865	agentReviseAcceptance	machine_required	actionable_refusal_candidate	http_json	error_and_detail_stable	pending	daemon_cli	writeRefusal(w, http.StatusUnauthorized, "machine_required", "Only an authenticated Session may use this route.")
internal/transport/http/work_v2.go:1921	workV2PersonAction	method_not_allowed	actionable_refusal_candidate	http_json	error_and_detail_stable	pending	daemon_cli	writeRefusal(w, http.StatusMethodNotAllowed, "method_not_allowed", "This action is made with POST.")
internal/transport/http/work_v2.go:2419	workV2SessionTodos	conversation_id_malformed	actionable_refusal_candidate	http_json	error_and_detail_stable	pending	daemon_cli	writeRefusal(w, http.StatusBadRequest, "conversation_id_malformed", "The Session conversation id must be one lowercase UUID.")
internal/transport/http/work_v2.go:2425	workV2SessionTodos	session_unavailable	actionable_refusal_candidate	http_json	error_and_detail_stable	pending	daemon_cli	writeRefusal(w, http.StatusConflict, "session_unavailable", "The Session is unavailable or has no conversation id.")
internal/transport/http/work_v2.go:2511	workV2SessionTodos	method_not_allowed	actionable_refusal_candidate	http_json	error_and_detail_stable	pending	daemon_cli	writeRefusal(w, http.StatusMethodNotAllowed, "method_not_allowed", "A Session to-do reference image is added with POST.")
internal/transport/http/work_v2.go:2526	workV2SessionTodos	unsupported_image	actionable_refusal_candidate	http_json	error_and_detail_stable	pending	daemon_cli	writeRefusal(w, http.StatusUnsupportedMediaType, "unsupported_image", "Choose a supported raster image.")
internal/transport/http/work_v2.go:2535	workV2SessionTodos	unsupported_image	actionable_refusal_candidate	http_json	error_and_detail_stable	pending	daemon_cli	writeRefusal(w, refusal.Status, refusal.Code, refusal.Message)
internal/transport/http/work_v2.go:2537	workV2SessionTodos	unsupported_image	actionable_refusal_candidate	http_json	error_and_detail_stable	pending	daemon_cli	writeRefusal(w, http.StatusUnsupportedMediaType, "unsupported_image", "Choose a supported raster image.")
internal/transport/http/work_v2.go:2565	workV2SessionTodos	method_not_allowed	actionable_refusal_candidate	http_json	error_and_detail_stable	pending	daemon_cli	writeRefusal(w, http.StatusMethodNotAllowed, "method_not_allowed", "Use GET, POST, or a to-do action.")
internal/transport/http/work_v2.go:2695	workV2SessionTodosRead	invalid_summary	actionable_refusal_candidate	http_json	error_and_detail_stable	pending	daemon_cli	writeRefusal(w, http.StatusBadRequest, "invalid_summary", "Summary must be 1.")
internal/transport/http/work_v2.go:2748	workV2Agent	machine_required	actionable_refusal_candidate	http_json	error_and_detail_stable	pending	daemon_cli	writeRefusal(w, http.StatusUnauthorized, "machine_required", "Only an authenticated Session may use this route.")
internal/transport/http/work_v2.go:2785	workV2Agent	project_not_found	actionable_refusal_candidate	http_json	error_and_detail_stable	pending	daemon_cli	writeRefusal(w, http.StatusUnprocessableEntity, "project_not_found", "Choose a Project from the current Project catalog.")
internal/transport/http/work_v2.go:2926	workV2Agent	landing_project_not_found	actionable_refusal_candidate	http_json	error_and_detail_stable	pending	daemon_cli	writeRefusal(w, http.StatusUnprocessableEntity, "landing_project_not_found",
internal/transport/http/work_v2.go:2940	workV2Agent		localized_human	push	productcopy_catalog_with_english_fallback	covered	daemon_cli	effects = []store.Effect{workV2CompletionEffect(item, body.SessionID, s.productLanguage())}
internal/transport/http/work_v2.go:3115	workV2Agent	not_found	actionable_refusal_candidate	http_json	error_and_detail_stable	pending	daemon_cli	writeRefusal(w, http.StatusNotFound, "not_found", "No such Agent work-system route.")
internal/transport/http/work_v2.go:3187	agentAddSessionTodos	session_unresolved	actionable_refusal_candidate	http_json	error_and_detail_stable	pending	daemon_cli	writeRefusal(w, http.StatusServiceUnavailable, "session_unresolved",
internal/transport/http/work_v2.go:3197	agentAddSessionTodos	dynamic	actionable_refusal_candidate	http_json	error_and_detail_stable	pending	daemon_cli	writeRefusal(w, ref.Status, ref.Code, ref.Message)
internal/transport/http/work_v2.go:3201	agentAddSessionTodos	session_unresolved	actionable_refusal_candidate	http_json	error_and_detail_stable	pending	daemon_cli	writeRefusal(w, http.StatusServiceUnavailable, "session_unresolved",
internal/transport/http/work_v2.go:3412	relayRefuser	dynamic	actionable_refusal_candidate	http_json	error_and_detail_stable	pending	daemon_cli	writeRefusal(w, ref.Status, ref.Code, ref.Message)
internal/transport/http/work_v2.go:3730	workV2Reset	method_not_allowed	actionable_refusal_candidate	http_json	error_and_detail_stable	pending	daemon_cli	writeRefusal(w, http.StatusMethodNotAllowed, "method_not_allowed", "Preview with GET and clear with POST.")
internal/transport/http/work_v2.go:3740	workV2Reset	confirmation_mismatch	actionable_refusal_candidate	http_json	error_and_detail_stable	pending	daemon_cli	writeRefusal(w, http.StatusConflict, "confirmation_mismatch", "The v1 counts changed or the exact dry-run confirmation was not supplied.")
internal/transport/http/work_v2_persona_suggestion.go:27	workV2PersonaSuggestion	method_not_allowed	actionable_refusal_candidate	http_json	error_and_detail_stable	pending	daemon_cli	writeRefusal(w, http.StatusMethodNotAllowed, "method_not_allowed", "An AI role suggestion is requested with POST.")
internal/transport/http/work_v2_persona_suggestion.go:47	workV2PersonaSuggestion	version_conflict	actionable_refusal_candidate	http_json	error_and_detail_stable	pending	daemon_cli	writeRefusal(w, http.StatusConflict, "version_conflict", "The item changed; reread it before asking AI to classify it.")
internal/transport/http/work_v2_persona_suggestion.go:52	workV2PersonaSuggestion	persona_catalog_unavailable	actionable_refusal_candidate	http_json	error_and_detail_stable	pending	daemon_cli	writeRefusal(w, http.StatusServiceUnavailable, "persona_catalog_unavailable",
internal/transport/http/work_v2_persona_suggestion.go:74	runPersonaSuggestion	dynamic	actionable_refusal_candidate	http_json	error_and_detail_stable	pending	daemon_cli	writeRefusal(w, http.StatusTooManyRequests, "busy",
internal/transport/http/work_v2_persona_suggestion.go:94	runPersonaSuggestion	no_persona_suggester	actionable_refusal_candidate	http_json	error_and_detail_stable	pending	daemon_cli	writeRefusal(w, http.StatusNotImplemented, "no_persona_suggester",
internal/transport/http/work_v2_persona_suggestion.go:99	runPersonaSuggestion	persona_suggester_out_of_quota	actionable_refusal_candidate	http_json	error_and_detail_stable	pending	daemon_cli	writeRefusal(w, http.StatusServiceUnavailable, "persona_suggester_out_of_quota",
internal/transport/http/work_v2_persona_suggestion.go:104	runPersonaSuggestion	persona_suggestion_failed	actionable_refusal_candidate	http_json	error_and_detail_stable	pending	daemon_cli	writeRefusal(w, http.StatusBadGateway, "persona_suggestion_failed",
internal/transport/http/work_v2_persona_suggestion.go:114	runPersonaSuggestion	version_conflict	actionable_refusal_candidate	http_json	error_and_detail_stable	pending	daemon_cli	writeRefusal(w, http.StatusConflict, "version_conflict",
internal/transport/http/work_v2_session_name.go:19	agentNameItemSession	body_too_large	actionable_refusal_candidate	http_json	error_and_detail_stable	pending	daemon_cli	writeRefusal(w, http.StatusRequestEntityTooLarge, "body_too_large", "A work-system request is at most 96 KiB.")
internal/transport/http/work_v2_session_name.go:23	agentNameItemSession	invalid_title	actionable_refusal_candidate	http_json	error_and_detail_stable	pending	daemon_cli	writeRefusal(w, http.StatusBadRequest, "invalid_title", "The Session name must be valid UTF-8.")
internal/transport/http/work_v2_session_name.go:33	agentNameItemSession	invalid_request	actionable_refusal_candidate	http_json	error_and_detail_stable	pending	daemon_cli	writeRefusal(w, http.StatusBadRequest, "invalid_request", "The body is not a valid naming request.")
internal/transport/http/work_v2_session_name.go:37	agentNameItemSession	invalid_request	actionable_refusal_candidate	http_json	error_and_detail_stable	pending	daemon_cli	writeRefusal(w, http.StatusBadRequest, "invalid_request", "A naming request contains one JSON object.")
internal/transport/http/work_v2_session_name.go:42	agentNameItemSession	invalid_title	actionable_refusal_candidate	http_json	error_and_detail_stable	pending	daemon_cli	writeRefusal(w, http.StatusUnprocessableEntity, "invalid_title", "The Session name must be one nonempty line of at most 200 characters and 200 UTF-8 bytes.")
internal/transport/http/work_v2_session_name.go:46	agentNameItemSession	session_required	actionable_refusal_candidate	http_json	error_and_detail_stable	pending	daemon_cli	writeRefusal(w, http.StatusBadRequest, "session_required", "Name the owning Session's conversation id.")
internal/transport/http/workflow.go:71	brokerSessionWorkflow	method_not_allowed	actionable_refusal_candidate	http_json	error_and_detail_stable	pending	daemon_cli	writeRefusal(w, http.StatusMethodNotAllowed, "method_not_allowed",
internal/transport/http/write.go:26	writeRefusal	dynamic	actionable_refusal_candidate	http_json	error_and_detail_stable	pending	daemon_cli	func writeRefusal(w http.ResponseWriter, status int, code, detail string) {
internal/transport/http/write.go:65	writeRefusalAbout	dynamic	actionable_refusal_candidate	http_json	error_and_detail_stable	pending	daemon_cli	func writeRefusalAbout(w http.ResponseWriter, status int, code, detail string, about contract.Refusal) {
internal/domain/capacity/notice.go:54	NoticeText		localized_human	push	legacy_zh_hant_wrapper_around_productcopy	covered	daemon_cli	func NoticeText(e Entry, state State, used, limit int64, full time.Time, loc *time.Location) (title, body string) {
internal/domain/capacity/notice.go:55	NoticeText		localized_human	push	legacy_zh_hant_wrapper_around_productcopy	covered	daemon_cli	return NoticeTextLanguage("zh-Hant", e, state, used, limit, full, loc)
internal/productcopy/notices.go:20	package		notification_copy_source	push	nine_language_catalog_key	covered	daemon_cli	"waiting.title":             {"Waiting for your answer: {label}", "等你回答：{label}", "回答を待っています：{label}", "等待你的回答：{label}", "답변을 기다리는 중: {label}", "Esperando tu respuesta: {label}", "Aguardando sua resposta: {label}", "En a
internal/productcopy/notices.go:21	package		notification_copy_source	push	nine_language_catalog_key	covered	daemon_cli	"waiting.body":              {"Waiting on a question for {minutes} minutes", "停在一個問題上 {minutes} 分鐘了", "質問への回答を {minutes} 分間待っています", "等待问题的回答已 {minutes} 分钟", "질문에 대한 답변을 {minutes}분째 기다리고 있습니다", "Lleva {minutes} minutos es
internal/productcopy/notices.go:22	package		notification_copy_source	push	nine_language_catalog_key	covered	daemon_cli	"waiting.deadline":          {"; this task has {minutes} minutes left", "，這個 task 的時限還剩 {minutes} 分鐘", "。このタスクの残り時間は {minutes} 分です", "；此任务还剩 {minutes} 分钟", "; 이 작업의 남은 시간은 {minutes}분입니다", "; a esta tarea le quedan {minut
internal/productcopy/notices.go:23	package		notification_copy_source	push	nine_language_catalog_key	covered	daemon_cli	"waiting.end":               {".", "。", "。", "。", ".", ".", ".", ".", "."},
internal/productcopy/notices.go:24	package		notification_copy_source	push	nine_language_catalog_key	covered	daemon_cli	"decision.title":            {"Waiting for your decision: {question}", "等你決定：{question}", "判断をお待ちしています：{question}", "等你决定：{question}", "결정을 기다리는 중: {question}", "Esperando tu decisión: {question}", "Aguardando sua decisã
internal/productcopy/notices.go:25	package		notification_copy_source	push	nine_language_catalog_key	covered	daemon_cli	"decision.body":             {"Options: {options}. If nobody answers, the default “{default}” takes effect at {at}.", "選項：{options}。沒有回答的話，{at} 起照「{default}」做。", "選択肢：{options}。回答がない場合は、{at} から既定の「{default}」が適用されます。", "选
internal/productcopy/notices.go:27	package		notification_copy_source	push	nine_language_catalog_key	covered	daemon_cli	"capacity.amount":           {"{used} / {limit} ({percent})", "{used}／{limit}（{percent}）", "{used}／{limit}（{percent}）", "{used}／{limit}（{percent}）", "{used} / {limit} ({percent})", "{used} / {limit} ({percent})", "{used}
internal/productcopy/notices.go:28	package		notification_copy_source	push	nine_language_catalog_key	covered	daemon_cli	"capacity.unit.characters":  {" characters", " 字", " 文字", " 字", "자", " caracteres", " caracteres", " caractères", " Zeichen"},
internal/productcopy/notices.go:29	package		notification_copy_source	push	nine_language_catalog_key	covered	daemon_cli	"capacity.unit.seconds":     {" seconds", " 秒", " 秒", " 秒", "초", " segundos", " segundos", " secondes", " Sekunden"},
internal/productcopy/notices.go:30	package		notification_copy_source	push	nine_language_catalog_key	covered	daemon_cli	"capacity.unit.rows":        {" rows", " 筆", " 行", " 条", "개", " filas", " linhas", " lignes", " Zeilen"},
internal/productcopy/notices.go:31	package		notification_copy_source	push	nine_language_catalog_key	covered	daemon_cli	"capacity.recovered.title":  {"Capacity recovered: {name}", "容量已恢復：{name}", "容量が回復しました：{name}", "容量已恢复：{name}", "용량 회복: {name}", "Capacidad recuperada: {name}", "Capacidade recuperada: {name}", "Capacité rétablie : {name
internal/productcopy/notices.go:32	package		notification_copy_source	push	nine_language_catalog_key	covered	daemon_cli	"capacity.recovered.body":   {"{name} is back to {amount}, below the warning threshold. No action is needed.", "{name} 回到 {amount}，已經低於告警門檻，不用做什麼。", "{name} は {amount} に戻り、警告しきい値を下回りました。対応は不要です。", "{name} 已回落至 {amount}，低
internal/productcopy/notices.go:33	package		notification_copy_source	push	nine_language_catalog_key	covered	daemon_cli	"capacity.critical.title":   {"Capacity nearly full: {name} ({percent})", "容量快滿了：{name}（{percent}）", "容量がまもなく満杯です：{name}（{percent}）", "容量即将满：{name}（{percent}）", "용량 부족: {name} ({percent})", "Capacidad casi llena: {name}
internal/productcopy/notices.go:34	package		notification_copy_source	push	nine_language_catalog_key	covered	daemon_cli	"capacity.full.title":       {"Capacity full: {name}", "容量已滿：{name}", "容量が満杯です：{name}", "容量已满：{name}", "용량 가득 참: {name}", "Capacidad llena: {name}", "Capacidade cheia: {name}", "Capacité pleine : {name}", "Kapazität voll
internal/productcopy/notices.go:35	package		notification_copy_source	push	nine_language_catalog_key	covered	daemon_cli	"capacity.used":             {"{name} is using {amount}. {consequence}.", "{name} 用了 {amount}。{consequence}。", "{name} の使用量は {amount} です。{consequence}。", "{name} 已使用 {amount}。{consequence}。", "{name} 사용량은 {amount}입니다. {c
internal/productcopy/notices.go:36	package		notification_copy_source	push	nine_language_catalog_key	covered	daemon_cli	"capacity.projected":        {"At the recent rate, it will be full on {at}.", "照最近的速度，{at} 會滿。", "最近のペースでは {at} に満杯になります。", "按最近的速度，将于 {at} 满。", "최근 속도라면 {at}에 가득 찹니다.", "Al ritmo reciente, se llenará el {at}.", "No ritm
internal/productcopy/notices.go:37	package		notification_copy_source	push	nine_language_catalog_key	covered	daemon_cli	"capacity.person":           {"You need to decide what to remove; see Capacity in Settings.", "要騰出空間得由你決定；細節在設定頁的「容量」。", "空き容量を作るにはあなたの判断が必要です。詳細は設定の「容量」をご覧ください。", "腾出空间需要你决定；详情见设置中的“容量”。", "공간을 확보하려면 직접 결정해야 합니다. 자세한 내용
internal/productcopy/notices.go:38	package		notification_copy_source	push	nine_language_catalog_key	covered	daemon_cli	"capacity.daemon":           {"The daemon will handle this by the rule above; see Capacity in Settings.", "daemon 會照上面的規則自己處理；細節在設定頁的「容量」。", "daemon が上記の規則に従って処理します。詳細は設定の「容量」をご覧ください。", "daemon 会按上述规则自行处理；详情见设置中的“容量”。",
internal/productcopy/notices.go:39	package		notification_copy_source	push	nine_language_catalog_key	covered	daemon_cli	"capacity.young.title":      {"Image cache too small: {name}", "圖片快取太小：{name}", "画像キャッシュが小さすぎます：{name}", "图片缓存过小：{name}", "이미지 캐시가 너무 작음: {name}", "Caché de imágenes demasiado pequeña: {name}", "Cache de imagens muito pe
internal/productcopy/notices.go:40	package		notification_copy_source	push	nine_language_catalog_key	covered	daemon_cli	"capacity.young.body":       {"{name}: {count} images sent in the past day were removed by the {drops} byte limit before they were a day old. Their paths are already in the conversation, so the assistant cannot read them
internal/productcopy/notices.go:41	package		notification_copy_source	push	nine_language_catalog_key	covered	daemon_cli	"capacity.refuse.evidence":  {"Once full, new writes are refused and /v1/health reports capacity_exhausted; the daemon removes nothing on its own", "滿了之後新的寫入會被拒絕，/v1/health 會回 capacity_exhausted，daemon 不會自己刪任何東西", "満杯になる
internal/productcopy/notices.go:42	package		notification_copy_source	push	nine_language_catalog_key	covered	daemon_cli	"capacity.refuse.person":    {"Once full, new items are refused; the daemon removes nothing on its own", "滿了之後新的會被拒絕，daemon 不會自己刪任何東西", "満杯になると新しい項目を拒否し、daemon は自動削除しません", "满后新内容将被拒绝；daemon 不会自行删除内容", "가득 차면 새 항목을 거부하며 d
internal/productcopy/notices.go:43	package		notification_copy_source	push	nine_language_catalog_key	covered	daemon_cli	"capacity.refuse.other":     {"Once full, new requests are refused and asked to retry later; existing items remain", "滿了之後新的請求會被拒絕、請對方稍後再試，已經在裡面的不會被丟掉", "満杯になると新しい要求は拒否され、後で再試行するよう求められます。既存の項目は残ります", "满后新请求会被拒绝并要求稍后重试；现有
internal/productcopy/notices.go:44	package		notification_copy_source	push	nine_language_catalog_key	covered	daemon_cli	"capacity.evict":            {"Once full, the oldest items are removed", "滿了之後會淘汰最舊的", "満杯になると古い項目から削除します", "满后会淘汰最旧内容", "가득 차면 가장 오래된 항목을 제거합니다", "Al llenarse, se eliminan los elementos más antiguos", "Ao encher, os ite
internal/productcopy/notices.go:45	package		notification_copy_source	push	nine_language_catalog_key	covered	daemon_cli	"capacity.expire":           {"Once full, items past the retry window expire", "滿了之後過了重試視窗的會過期", "満杯になると再試行期間を過ぎた項目は期限切れになります", "满后超过重试窗口的内容会过期", "가득 차면 재시도 기간이 지난 항목은 만료됩니다", "Al llenarse, caducan los elementos fuera de
internal/productcopy/notices.go:46	package		notification_copy_source	push	nine_language_catalog_key	covered	daemon_cli	"capacity.rotate.audit":     {"Once full, a new segment starts and old segments remain", "滿了之後會輪替成新的分段，舊的分段不刪", "満杯になると新しいセグメントに切り替わり、古いセグメントは残ります", "满后会轮换到新分段，旧分段保留", "가득 차면 새 구간으로 전환하고 이전 구간은 유지합니다", "Al llenarse, comi
internal/productcopy/notices.go:47	package		notification_copy_source	push	nine_language_catalog_key	covered	daemon_cli	"capacity.rotate":           {"Once full, a new segment starts and the oldest is removed", "滿了之後會輪替成新的分段，最舊的分段會被刪掉", "満杯になると新しいセグメントに切り替わり、最も古いものは削除されます", "满后会轮换到新分段，最旧分段会被删除", "가득 차면 새 구간으로 전환하고 가장 오래된 구간을 삭제합니다", "Al l
internal/productcopy/notices.go:48	package		notification_copy_source	push	nine_language_catalog_key	covered	daemon_cli	"capacity.summarize":        {"Once full, content is summarized before the original is removed", "滿了之後會先摘要再移走原文", "満杯になると元の内容を削除する前に要約します", "满后会先摘要再移除原文", "가득 차면 원문을 제거하기 전에 요약합니다", "Al llenarse, el contenido se resume a
internal/productcopy/notices.go:49	package		notification_copy_source	push	nine_language_catalog_key	covered	daemon_cli	"capacity.coalesce":         {"Once full, only the newest value is kept", "滿了之後只留最新的值", "満杯になると最新の値だけを残します", "满后只保留最新值", "가득 차면 최신 값만 유지합니다", "Al llenarse, solo se conserva el valor más reciente", "Ao encher, apenas o va
internal/productcopy/notices.go:50	package		notification_copy_source	push	nine_language_catalog_key	covered	daemon_cli	"capacity.disconnect":       {"Once full, readers that fall behind disconnect and reload", "滿了之後跟不上的讀者會被斷線、重新讀取", "満杯になると追いつけない読み手は切断され、再読み込みします", "满后跟不上的读取端会断开并重新读取", "가득 차면 뒤처진 읽기 연결을 끊고 다시 불러옵니다", "Al llenarse, los le
internal/productcopy/notices.go:51	package		notification_copy_source	push	nine_language_catalog_key	covered	daemon_cli	"capacity.none.evidence":    {"Currently, full capacity does not refuse writes; only /v1/health reports capacity_exhausted", "目前滿了也不會拒絕寫入，只有 /v1/health 會回 capacity_exhausted", "現在は満杯でも書き込みを拒否せず、/v1/health のみ capacity_exh
internal/productcopy/notices.go:52	package		notification_copy_source	push	nine_language_catalog_key	covered	daemon_cli	"capacity.none":             {"Currently, full capacity does not refuse or remove anything", "目前滿了也不會拒絕或淘汰任何東西", "現在は満杯でも拒否や削除をしません", "目前即使满了也不会拒绝或淘汰任何内容", "현재 가득 차도 어떤 항목도 거부하거나 제거하지 않습니다", "Actualmente, la capacidad ll
internal/productcopy/notices.go:53	package		notification_copy_source	push	nine_language_catalog_key	covered	daemon_cli	"dead.title":                {"Completion notice not delivered", "完成通知沒有送達", "完了通知が届きませんでした", "完成通知未送达", "완료 알림이 전달되지 않았습니다", "Aviso de finalización no entregado", "Aviso de conclusão não entregue", "Notification de fin
internal/productcopy/notices.go:54	package		notification_copy_source	push	nine_language_catalog_key	covered	daemon_cli	"dead.body":                 {"“{title}” has finished ({state}), but its notice was not acknowledged after {attempts} attempts. Open that session to read result.json; after resolving the cause, retry with POST /v1/orches
internal/productcopy/notices.go:55	package		notification_copy_source	push	nine_language_catalog_key	covered	daemon_cli	"dead.held":                 {"“{title}” has finished ({state}), but its root terminal could not receive text ({reason}), so the notice was not delivered. Read result.json; free that terminal, then retry with POST /v1/or
internal/productcopy/notices.go:56	package		notification_copy_source	push	nine_language_catalog_key	covered	daemon_cli	"dead.reason.composer":      {"unsent text is in the composer", "輸入框裡有還沒送出的內容", "入力欄に未送信の内容があります", "输入框中有未发送的内容", "입력창에 보내지 않은 내용이 있습니다", "hay texto sin enviar en el editor", "há texto não enviado no campo de entrada", "
internal/productcopy/notices.go:57	package		notification_copy_source	push	nine_language_catalog_key	covered	daemon_cli	"dead.reason.choosing":      {"a choice menu is waiting for an answer", "畫面停在一個等人回答的選單", "回答待ちの選択メニューが表示されています", "屏幕停留在等待回答的选项菜单", "선택 메뉴가 답변을 기다리고 있습니다", "hay un menú de opciones esperando respuesta", "um menu de opções
internal/productcopy/notices.go:58	package		notification_copy_source	push	nine_language_catalog_key	covered	daemon_cli	"dead.reason.lane":          {"another operation has held the terminal", "那個終端機一直被別人佔用", "別の操作が端末を占有しています", "终端一直被其他操作占用", "다른 작업이 터미널을 점유하고 있습니다", "otra operación mantiene ocupada la terminal", "outra operação mantém o
internal/productcopy/notices.go:59	package		notification_copy_source	push	nine_language_catalog_key	covered	daemon_cli	"dead.reason.queued":        {"an earlier notice is still unread in the composer", "先前那一份還排在輸入框裡沒被讀到", "先の通知が入力欄でまだ読まれていません", "先前的通知仍在输入框中未被读取", "이전 알림이 입력창에서 아직 읽히지 않았습니다", "un aviso anterior sigue sin leerse en el edit
internal/productcopy/notices.go:60	package		notification_copy_source	push	nine_language_catalog_key	covered	daemon_cli	"board.title":               {"Board item completed", "看板項目已完成", "ボード項目が完了しました", "看板项目已完成", "보드 항목 완료", "Elemento del tablero completado", "Item do quadro concluído", "Élément du tableau terminé", "Board-Eintrag abgeschl
internal/productcopy/notices.go:61	package		notification_copy_source	push	nine_language_catalog_key	covered	daemon_cli	"board.body":                {"{title} is complete.", "「{title}」已完成", "「{title}」が完了しました", "“{title}”已完成", "“{title}” 항목이 완료되었습니다", "“{title}” está completado.", "“{title}” foi concluído.", "« {title} » est terminé.", "„{
internal/productcopy/notices.go:62	package		notification_copy_source	push	nine_language_catalog_key	covered	daemon_cli	"push.test":                 {"This is a test notification. Notifications are connected.", "這是一則測試通知，該接的都接好了。", "これはテスト通知です。通知の接続は完了しています。", "这是一条测试通知。通知连接已就绪。", "테스트 알림입니다. 알림 연결이 완료되었습니다.", "Esta es una notificación de
